well_id,timestamp,depth_md_m,formation,rop_m_hr,wob_klbs,rpm,torque_kftlbs,spp_psi,flow_rate_gpm,mud_weight_ppg,pit_volume_bbl,event_label
W-ACT,2026-09-01 06:02:18,1,Alluvium,26.01,9.81,115.1,5.07,1950.0,906.0,9.01,599.4,normal
W-ACT,2026-09-01 06:04:24,2,Alluvium,28.5,10.09,115.6,5.1,1888.0,878.0,9.01,599.7,normal
W-ACT,2026-09-01 06:06:27,3,Alluvium,29.25,10.55,123.8,5.09,1979.0,904.0,9.0,600.2,normal
W-ACT,2026-09-01 06:08:31,4,Alluvium,29.1,9.82,122.9,5.06,1986.0,911.0,9.05,600.4,normal
W-ACT,2026-09-01 06:11:12,5,Alluvium,22.38,9.64,117.8,5.17,1972.0,891.0,9.01,600.0,normal
W-ACT,2026-09-01 06:13:22,6,Alluvium,27.71,10.98,117.0,4.46,1899.0,902.0,9.04,600.1,normal
W-ACT,2026-09-01 06:15:14,7,Alluvium,32.11,9.24,125.1,4.88,1945.0,903.0,9.0,600.2,normal
W-ACT,2026-09-01 06:17:29,8,Alluvium,26.67,10.02,124.4,4.98,1885.0,903.0,9.03,600.5,normal
W-ACT,2026-09-01 06:19:42,9,Alluvium,27.04,9.18,119.0,4.64,1954.0,912.0,9.01,600.7,normal
W-ACT,2026-09-01 06:21:42,10,Alluvium,30.02,10.37,115.8,5.53,1926.0,903.0,9.0,599.8,normal
W-ACT,2026-09-01 06:23:53,11,Alluvium,27.4,10.15,120.4,4.86,1972.0,902.0,9.02,600.0,normal
W-ACT,2026-09-01 06:25:51,12,Alluvium,30.56,9.4,116.6,5.11,1969.0,902.0,9.0,600.2,normal
W-ACT,2026-09-01 06:27:53,13,Alluvium,29.58,11.03,121.7,5.19,1944.0,888.0,8.99,599.9,normal
W-ACT,2026-09-01 06:30:00,14,Alluvium,28.41,9.72,120.5,4.83,1982.0,897.0,8.99,600.1,normal
W-ACT,2026-09-01 06:32:07,15,Alluvium,28.29,10.15,119.8,4.91,2005.0,889.0,9.03,599.7,normal
W-ACT,2026-09-01 06:34:37,16,Alluvium,23.91,10.29,124.7,5.13,1979.0,911.0,9.02,599.9,normal
W-ACT,2026-09-01 06:36:46,17,Alluvium,28.04,9.98,121.4,5.37,1894.0,900.0,9.03,599.4,normal
W-ACT,2026-09-01 06:38:54,18,Alluvium,28.13,9.96,117.9,4.8,1972.0,919.0,8.99,599.9,normal
W-ACT,2026-09-01 06:41:08,19,Alluvium,26.9,9.99,118.8,5.05,1874.0,876.0,9.01,600.2,normal
W-ACT,2026-09-01 06:43:07,20,Alluvium,30.12,10.11,121.8,4.6,1940.0,918.0,9.03,599.8,normal
W-ACT,2026-09-01 06:45:22,21,Alluvium,26.59,9.65,120.1,5.1,1999.0,890.0,9.0,599.7,normal
W-ACT,2026-09-01 06:47:21,22,Alluvium,30.29,9.04,119.9,4.72,1966.0,904.0,9.02,599.5,normal
W-ACT,2026-09-01 06:49:21,23,Alluvium,30.18,9.9,121.8,5.03,1937.0,908.0,9.0,599.3,normal
W-ACT,2026-09-01 06:51:32,24,Alluvium,27.31,9.99,119.2,4.99,1941.0,904.0,9.04,599.0,normal
W-ACT,2026-09-01 06:54:10,25,Alluvium,22.84,9.61,117.4,4.9,1970.0,889.0,8.98,599.5,normal
W-ACT,2026-09-01 06:56:06,26,Alluvium,31.18,9.85,117.6,5.17,2032.0,911.0,9.02,599.9,normal
W-ACT,2026-09-01 06:58:10,27,Alluvium,28.84,10.17,119.0,4.96,2003.0,899.0,9.0,599.4,normal
W-ACT,2026-09-01 07:00:30,28,Alluvium,25.7,9.2,118.8,5.22,1970.0,894.0,8.98,598.8,normal
W-ACT,2026-09-01 07:02:31,29,Alluvium,29.91,9.42,119.4,4.86,1984.0,901.0,9.05,598.6,normal
W-ACT,2026-09-01 07:04:50,30,Alluvium,25.81,9.4,123.5,5.07,1951.0,891.0,9.0,599.1,normal
W-ACT,2026-09-01 07:07:07,31,Alluvium,26.31,10.65,117.9,5.5,1997.0,890.0,9.03,599.6,normal
W-ACT,2026-09-01 07:09:17,32,Alluvium,27.7,9.41,115.9,4.42,2030.0,893.0,9.01,599.8,normal
W-ACT,2026-09-01 07:11:17,33,Alluvium,30.06,10.33,122.6,5.44,1973.0,905.0,8.99,600.2,normal
W-ACT,2026-09-01 07:13:40,34,Alluvium,25.07,10.64,112.9,5.46,2051.0,874.0,9.02,600.3,normal
W-ACT,2026-09-01 07:15:39,35,Alluvium,30.25,9.83,112.6,5.1,2037.0,908.0,9.0,600.6,normal
W-ACT,2026-09-01 07:17:34,36,Alluvium,31.32,9.96,121.6,5.04,1996.0,898.0,8.99,600.4,normal
W-ACT,2026-09-01 07:19:45,37,Alluvium,27.55,10.57,123.2,4.69,1927.0,893.0,8.96,600.4,normal
W-ACT,2026-09-01 07:22:04,38,Alluvium,25.93,10.01,118.3,5.18,2006.0,901.0,8.99,600.5,normal
W-ACT,2026-09-01 07:24:17,39,Alluvium,26.98,9.84,118.4,4.93,2029.0,905.0,8.99,600.7,normal
W-ACT,2026-09-01 07:26:39,40,Alluvium,25.36,10.25,119.1,5.17,1964.0,892.0,8.97,600.6,normal
W-ACT,2026-09-01 07:28:51,41,Alluvium,27.37,10.57,121.8,4.42,1945.0,904.0,9.0,599.7,normal
W-ACT,2026-09-01 07:31:05,42,Alluvium,26.89,10.28,119.2,4.9,2014.0,902.0,8.99,600.4,normal
W-ACT,2026-09-01 07:32:58,43,Alluvium,31.82,10.89,122.8,5.28,1917.0,892.0,9.0,600.1,normal
W-ACT,2026-09-01 07:35:24,44,Alluvium,24.6,9.91,118.3,4.74,1951.0,913.0,9.01,600.1,normal
W-ACT,2026-09-01 07:37:43,45,Alluvium,25.98,10.52,124.5,5.27,2048.0,907.0,9.01,600.7,normal
W-ACT,2026-09-01 07:39:49,46,Alluvium,28.45,9.68,116.5,5.13,1920.0,884.0,9.0,600.5,normal
W-ACT,2026-09-01 07:41:55,47,Alluvium,28.57,10.05,116.3,4.78,1964.0,911.0,9.0,600.9,normal
W-ACT,2026-09-01 07:44:01,48,Alluvium,28.68,10.01,119.0,4.68,2013.0,887.0,9.01,600.9,normal
W-ACT,2026-09-01 07:46:07,49,Alluvium,28.41,9.57,111.7,5.15,1970.0,897.0,9.02,600.4,normal
W-ACT,2026-09-01 07:48:01,50,Alluvium,31.72,9.49,123.9,5.06,1974.0,892.0,8.99,600.9,normal
W-ACT,2026-09-01 07:50:12,51,Alluvium,27.55,10.3,119.0,5.16,1923.0,882.0,9.0,600.7,normal
W-ACT,2026-09-01 07:52:31,52,Alluvium,25.88,9.97,119.7,5.63,2047.0,891.0,9.02,601.2,normal
W-ACT,2026-09-01 07:54:48,53,Alluvium,26.16,9.42,127.4,5.44,2018.0,899.0,9.01,600.8,normal
W-ACT,2026-09-01 07:56:51,54,Alluvium,29.37,10.8,125.4,5.12,1985.0,904.0,9.03,601.2,normal
W-ACT,2026-09-01 07:59:01,55,Alluvium,27.59,10.11,119.3,5.02,1925.0,892.0,9.01,601.7,normal
W-ACT,2026-09-01 08:01:04,56,Alluvium,29.3,10.27,118.7,5.48,1910.0,890.0,8.95,601.4,normal
W-ACT,2026-09-01 08:03:22,57,Alluvium,26.22,9.69,122.7,5.51,1938.0,883.0,9.01,601.2,normal
W-ACT,2026-09-01 08:05:44,58,Alluvium,25.21,10.26,120.8,5.06,2004.0,885.0,8.97,600.8,normal
W-ACT,2026-09-01 08:07:34,59,Alluvium,32.87,9.86,118.7,4.97,1970.0,911.0,9.0,600.3,normal
W-ACT,2026-09-01 08:10:11,60,Alluvium,22.89,10.52,117.2,5.43,1925.0,889.0,9.02,600.0,normal
W-ACT,2026-09-01 08:11:58,61,Alluvium,33.74,10.64,114.7,5.18,1977.0,908.0,9.01,599.6,normal
W-ACT,2026-09-01 08:13:56,62,Alluvium,30.45,10.16,119.6,5.0,1968.0,891.0,9.02,599.5,normal
W-ACT,2026-09-01 08:16:09,63,Alluvium,27.03,9.9,115.3,4.99,1936.0,914.0,9.04,599.8,normal
W-ACT,2026-09-01 08:18:01,64,Alluvium,32.31,10.07,116.0,5.24,2008.0,891.0,9.01,600.1,normal
W-ACT,2026-09-01 08:20:03,65,Alluvium,29.51,10.19,118.1,4.9,1970.0,905.0,9.02,600.1,normal
W-ACT,2026-09-01 08:22:18,66,Alluvium,26.67,10.61,116.8,5.14,2004.0,911.0,9.0,599.5,normal
W-ACT,2026-09-01 08:24:19,67,Alluvium,29.8,10.03,125.1,5.19,2036.0,901.0,8.98,599.8,normal
W-ACT,2026-09-01 08:26:40,68,Alluvium,25.52,9.53,121.0,5.66,2010.0,894.0,8.97,600.0,normal
W-ACT,2026-09-01 08:28:46,69,Alluvium,28.46,9.85,120.2,4.73,2021.0,900.0,8.99,600.3,normal
W-ACT,2026-09-01 08:30:32,70,Alluvium,34.0,10.83,114.4,5.34,2070.0,894.0,9.0,599.9,normal
W-ACT,2026-09-01 08:32:30,71,Alluvium,30.45,9.71,123.1,5.27,1977.0,905.0,9.02,599.8,normal
W-ACT,2026-09-01 08:34:33,72,Alluvium,29.4,10.09,120.1,5.31,2046.0,906.0,8.99,599.5,normal
W-ACT,2026-09-01 08:36:40,73,Alluvium,28.32,10.02,120.1,4.99,2000.0,891.0,9.01,599.6,normal
W-ACT,2026-09-01 08:39:06,74,Alluvium,24.54,9.8,121.1,4.75,1972.0,905.0,9.0,599.5,normal
W-ACT,2026-09-01 08:41:20,75,Alluvium,26.95,10.56,128.9,5.08,2101.0,902.0,9.01,600.0,normal
W-ACT,2026-09-01 08:43:39,76,Alluvium,25.93,9.57,120.0,5.26,1988.0,901.0,9.0,600.1,normal
W-ACT,2026-09-01 08:45:48,77,Alluvium,27.79,9.88,119.7,5.37,1987.0,893.0,9.02,600.6,normal
W-ACT,2026-09-01 08:47:58,78,Alluvium,27.74,9.39,122.5,4.6,1898.0,909.0,9.0,600.4,normal
W-ACT,2026-09-01 08:50:24,79,Alluvium,24.61,9.98,120.1,4.59,2050.0,898.0,8.99,599.9,normal
W-ACT,2026-09-01 08:52:32,80,Alluvium,28.25,9.46,115.0,5.2,1921.0,892.0,9.01,599.3,normal
W-ACT,2026-09-01 08:54:24,81,Alluvium,32.06,9.34,122.5,4.93,1984.0,912.0,8.98,599.6,normal
W-ACT,2026-09-01 08:56:38,82,Alluvium,26.94,9.86,112.4,5.3,2010.0,907.0,9.01,599.6,normal
W-ACT,2026-09-01 08:58:50,83,Alluvium,27.27,9.89,120.3,5.37,1970.0,905.0,9.02,599.2,normal
W-ACT,2026-09-01 09:00:53,84,Alluvium,29.24,9.88,113.8,4.84,2020.0,900.0,9.0,600.0,normal
W-ACT,2026-09-01 09:02:57,85,Alluvium,29.01,9.81,129.1,5.1,1951.0,896.0,8.95,599.9,normal
W-ACT,2026-09-01 09:05:12,86,Alluvium,26.65,9.2,126.0,5.25,1948.0,904.0,8.99,600.3,normal
W-ACT,2026-09-01 09:07:33,87,Alluvium,25.49,10.41,123.6,4.83,1961.0,897.0,8.98,600.3,normal
W-ACT,2026-09-01 09:09:48,88,Alluvium,26.72,10.68,116.4,5.0,2028.0,898.0,9.0,600.4,normal
W-ACT,2026-09-01 09:11:55,89,Alluvium,28.46,9.17,121.2,5.04,1983.0,879.0,8.99,599.9,normal
W-ACT,2026-09-01 09:13:52,90,Alluvium,30.74,10.23,124.2,4.92,2000.0,897.0,9.01,599.3,normal
W-ACT,2026-09-01 09:15:53,91,Alluvium,29.69,9.42,123.1,5.25,2028.0,907.0,9.0,599.1,normal
W-ACT,2026-09-01 09:18:02,92,Alluvium,27.87,9.35,111.1,4.93,2032.0,888.0,8.99,599.2,normal
W-ACT,2026-09-01 09:20:06,93,Alluvium,29.17,9.9,120.3,4.97,2029.0,901.0,8.98,599.6,normal
W-ACT,2026-09-01 09:22:12,94,Alluvium,28.57,10.27,117.9,4.94,1963.0,909.0,8.97,599.6,normal
W-ACT,2026-09-01 09:24:37,95,Alluvium,24.75,10.12,121.3,5.76,2001.0,908.0,9.02,600.1,normal
W-ACT,2026-09-01 09:26:51,96,Alluvium,26.93,10.59,113.9,5.25,2042.0,906.0,9.02,600.0,normal
W-ACT,2026-09-01 09:29:18,97,Alluvium,24.36,10.02,123.8,4.91,2002.0,891.0,8.99,600.0,normal
W-ACT,2026-09-01 09:31:16,98,Alluvium,30.65,10.35,117.3,5.43,2043.0,908.0,8.97,599.6,normal
W-ACT,2026-09-01 09:33:17,99,Alluvium,29.76,9.24,119.5,5.39,1967.0,888.0,8.99,598.8,normal
W-ACT,2026-09-01 09:35:25,100,Alluvium,28.07,10.53,119.2,5.5,2018.0,906.0,9.01,598.7,normal
W-ACT,2026-09-01 09:37:52,101,Alluvium,24.49,9.16,125.7,5.28,2068.0,891.0,9.04,598.6,normal
W-ACT,2026-09-01 09:39:55,102,Alluvium,29.39,9.51,118.0,4.82,1973.0,909.0,8.99,598.7,normal
W-ACT,2026-09-01 09:42:14,103,Alluvium,25.75,10.48,123.0,4.94,2088.0,891.0,8.97,598.8,normal
W-ACT,2026-09-01 09:44:12,104,Alluvium,30.67,10.83,119.9,5.69,1981.0,902.0,9.01,598.5,normal
W-ACT,2026-09-01 09:46:41,105,Alluvium,24.18,9.79,127.6,5.12,2004.0,895.0,9.01,599.0,normal
W-ACT,2026-09-01 09:48:37,106,Alluvium,31.03,9.9,130.0,5.45,2055.0,898.0,8.98,599.0,normal
W-ACT,2026-09-01 09:50:58,107,Alluvium,25.41,9.07,118.4,4.6,1962.0,900.0,9.03,599.3,normal
W-ACT,2026-09-01 09:53:05,108,Alluvium,28.37,9.65,116.7,5.08,2067.0,902.0,9.02,599.4,normal
W-ACT,2026-09-01 09:55:11,109,Alluvium,28.73,10.23,118.3,4.9,2046.0,901.0,9.03,599.7,normal
W-ACT,2026-09-01 09:57:33,110,Alluvium,25.23,9.82,123.7,5.25,2088.0,914.0,8.99,599.0,normal
W-ACT,2026-09-01 09:59:29,111,Alluvium,31.22,10.01,115.1,5.47,2039.0,884.0,9.0,599.3,normal
W-ACT,2026-09-01 10:01:31,112,Alluvium,29.34,10.02,118.9,4.76,1991.0,900.0,8.96,599.3,normal
W-ACT,2026-09-01 10:03:28,113,Alluvium,30.75,9.33,113.4,4.58,2061.0,892.0,8.99,599.1,normal
W-ACT,2026-09-01 10:05:36,114,Alluvium,28.3,9.93,118.7,4.95,2102.0,899.0,8.97,598.9,normal
W-ACT,2026-09-01 10:08:07,115,Alluvium,23.81,10.28,113.1,5.24,1970.0,899.0,8.96,599.1,normal
W-ACT,2026-09-01 10:09:59,116,Alluvium,32.16,9.54,117.9,5.14,2000.0,898.0,9.03,599.3,normal
W-ACT,2026-09-01 10:12:30,117,Alluvium,23.81,10.04,119.4,5.57,2011.0,907.0,8.99,599.4,normal
W-ACT,2026-09-01 10:14:37,118,Alluvium,28.28,10.5,124.7,5.0,2023.0,890.0,9.01,599.7,normal
W-ACT,2026-09-01 10:16:59,119,Alluvium,25.46,10.6,122.9,5.28,2089.0,903.0,9.01,599.0,normal
W-ACT,2026-09-01 10:19:22,120,Alluvium,25.07,10.1,119.9,5.56,1986.0,895.0,8.98,598.4,normal
W-ACT,2026-09-01 10:21:43,121,Alluvium,25.58,9.81,117.0,4.81,2087.0,926.0,9.01,599.0,normal
W-ACT,2026-09-01 10:23:45,122,Alluvium,29.49,9.12,114.4,5.46,2040.0,916.0,8.98,599.3,normal
W-ACT,2026-09-01 10:25:49,123,Alluvium,29.12,10.33,121.5,4.75,1996.0,894.0,9.01,599.0,normal
W-ACT,2026-09-01 10:28:14,124,Alluvium,24.79,9.7,118.7,4.88,2066.0,894.0,9.0,599.0,normal
W-ACT,2026-09-01 10:30:13,125,Alluvium,30.16,10.26,123.4,5.4,2054.0,894.0,9.01,599.6,normal
W-ACT,2026-09-01 10:32:44,126,Alluvium,23.87,10.37,124.0,4.79,2111.0,899.0,9.0,599.6,normal
W-ACT,2026-09-01 10:34:55,127,Alluvium,27.55,10.18,122.4,5.29,2023.0,903.0,9.0,600.6,normal
W-ACT,2026-09-01 10:36:52,128,Alluvium,30.65,10.73,123.1,5.37,2003.0,900.0,9.02,600.9,normal
W-ACT,2026-09-01 10:38:51,129,Alluvium,30.2,10.18,121.7,5.05,2106.0,890.0,8.98,600.5,normal
W-ACT,2026-09-01 10:40:55,130,Alluvium,29.2,9.79,117.7,5.39,2063.0,894.0,9.0,600.3,normal
W-ACT,2026-09-01 10:43:06,131,Alluvium,27.46,9.2,122.9,5.46,1978.0,900.0,8.99,600.4,normal
W-ACT,2026-09-01 10:44:45,132,Alluvium,36.31,10.31,119.4,4.8,2006.0,897.0,9.03,600.1,normal
W-ACT,2026-09-01 10:46:58,133,Alluvium,27.09,10.03,120.6,5.33,2056.0,889.0,8.96,600.3,normal
W-ACT,2026-09-01 10:49:08,134,Alluvium,27.73,10.19,122.7,5.17,1981.0,889.0,9.01,600.2,normal
W-ACT,2026-09-01 10:51:17,135,Alluvium,27.83,9.85,117.0,5.16,2088.0,892.0,8.99,600.3,normal
W-ACT,2026-09-01 10:53:20,136,Alluvium,29.14,10.09,116.8,4.86,2013.0,889.0,9.0,600.2,normal
W-ACT,2026-09-01 10:55:50,137,Alluvium,24.02,9.99,116.3,4.83,2041.0,884.0,8.96,599.7,normal
W-ACT,2026-09-01 10:58:09,138,Alluvium,26.01,10.25,117.6,5.15,1974.0,916.0,8.97,600.1,normal
W-ACT,2026-09-01 11:00:15,139,Alluvium,28.6,10.11,124.6,5.14,1960.0,907.0,9.0,600.2,normal
W-ACT,2026-09-01 11:02:18,140,Alluvium,29.23,9.51,123.1,5.32,2094.0,899.0,9.01,601.0,normal
W-ACT,2026-09-01 11:04:23,141,Alluvium,28.82,10.75,116.3,5.39,2055.0,885.0,8.99,600.4,normal
W-ACT,2026-09-01 11:06:52,142,Alluvium,24.14,10.64,118.5,4.94,2045.0,903.0,8.99,599.8,normal
W-ACT,2026-09-01 11:08:58,143,Alluvium,28.6,9.66,122.7,5.03,1961.0,904.0,9.0,600.1,normal
W-ACT,2026-09-01 11:11:17,144,Alluvium,25.83,10.28,126.5,4.83,2032.0,891.0,8.95,600.0,normal
W-ACT,2026-09-01 11:13:36,145,Alluvium,25.93,8.81,121.6,5.47,2030.0,906.0,9.0,599.6,normal
W-ACT,2026-09-01 11:15:37,146,Alluvium,29.66,10.65,125.3,4.86,2137.0,899.0,8.99,599.4,normal
W-ACT,2026-09-01 11:18:11,147,Alluvium,23.49,9.35,118.2,5.27,2011.0,912.0,9.02,599.3,normal
W-ACT,2026-09-01 11:20:25,148,Alluvium,26.74,9.44,124.2,4.9,2039.0,901.0,9.02,598.8,normal
W-ACT,2026-09-01 11:22:42,149,Alluvium,26.23,10.31,117.3,5.22,2109.0,901.0,9.03,598.7,normal
W-ACT,2026-09-01 11:25:12,150,Alluvium,24.01,10.56,118.8,5.35,2076.0,884.0,8.98,599.2,normal
W-ACT,2026-09-01 11:27:26,151,Alluvium,26.97,9.61,126.0,5.35,2025.0,899.0,9.01,598.8,normal
W-ACT,2026-09-01 11:29:33,152,Alluvium,28.37,10.06,120.1,4.95,2063.0,904.0,9.02,598.8,normal
W-ACT,2026-09-01 11:31:25,153,Alluvium,31.96,10.62,115.7,5.51,2047.0,907.0,9.0,599.4,normal
W-ACT,2026-09-01 11:33:46,154,Alluvium,25.58,9.6,121.7,5.22,2050.0,895.0,9.01,599.2,normal
W-ACT,2026-09-01 11:35:48,155,Alluvium,29.44,9.66,119.8,5.08,2040.0,900.0,8.98,599.0,normal
W-ACT,2026-09-01 11:38:01,156,Alluvium,27.19,10.78,115.9,5.15,2090.0,909.0,8.96,599.9,normal
W-ACT,2026-09-01 11:40:16,157,Alluvium,26.62,8.83,119.5,5.07,2080.0,904.0,9.01,600.5,normal
W-ACT,2026-09-01 11:42:35,158,Alluvium,25.91,10.11,120.0,5.11,2072.0,894.0,9.01,600.3,normal
W-ACT,2026-09-01 11:44:45,159,Alluvium,27.6,9.6,119.8,5.19,2005.0,902.0,9.0,600.1,normal
W-ACT,2026-09-01 11:46:47,160,Alluvium,29.56,10.26,124.3,5.48,2131.0,901.0,8.99,599.7,normal
W-ACT,2026-09-01 11:48:58,161,Alluvium,27.54,9.79,116.7,4.83,2056.0,903.0,8.98,600.0,normal
W-ACT,2026-09-01 11:51:14,162,Alluvium,26.51,10.33,121.5,5.38,2115.0,897.0,8.96,600.1,normal
W-ACT,2026-09-01 11:53:26,163,Alluvium,27.18,10.8,121.0,5.48,2034.0,884.0,9.0,600.1,normal
W-ACT,2026-09-01 11:55:33,164,Alluvium,28.5,10.28,120.0,5.22,1990.0,891.0,9.03,600.0,normal
W-ACT,2026-09-01 11:57:55,165,Alluvium,25.34,10.17,116.6,5.49,2114.0,893.0,9.03,599.4,normal
W-ACT,2026-09-01 12:00:09,166,Alluvium,26.88,10.22,118.5,5.26,2089.0,881.0,8.96,599.9,normal
W-ACT,2026-09-01 12:02:22,167,Alluvium,26.99,9.35,114.8,5.0,2151.0,893.0,9.0,600.3,normal
W-ACT,2026-09-01 12:04:23,168,Alluvium,29.75,10.54,115.3,4.72,2058.0,909.0,9.01,599.6,normal
W-ACT,2026-09-01 12:06:38,169,Alluvium,26.64,8.97,124.3,5.35,2097.0,889.0,9.01,599.1,normal
W-ACT,2026-09-01 12:08:59,170,Alluvium,25.6,9.81,115.2,5.08,2152.0,903.0,9.02,599.8,normal
W-ACT,2026-09-01 12:11:22,171,Alluvium,25.17,10.45,118.4,5.09,2073.0,895.0,8.98,600.3,normal
W-ACT,2026-09-01 12:13:21,172,Alluvium,30.08,10.19,120.0,4.99,2044.0,893.0,8.99,600.6,normal
W-ACT,2026-09-01 12:15:59,173,Alluvium,22.9,8.87,121.0,5.39,2111.0,899.0,9.01,601.5,normal
W-ACT,2026-09-01 12:18:09,174,Alluvium,27.52,10.13,116.3,5.19,2012.0,897.0,8.98,601.2,normal
W-ACT,2026-09-01 12:20:24,175,Alluvium,26.76,10.27,112.9,5.35,2049.0,895.0,9.01,601.3,normal
W-ACT,2026-09-01 12:22:25,176,Alluvium,29.75,10.3,117.7,4.61,2125.0,899.0,9.0,601.6,normal
W-ACT,2026-09-01 12:24:23,177,Alluvium,30.51,10.31,127.6,5.54,2050.0,895.0,8.99,601.5,normal
W-ACT,2026-09-01 12:27:09,178,Alluvium,21.7,9.76,117.9,5.25,2074.0,906.0,8.94,601.3,normal
W-ACT,2026-09-01 12:29:24,179,Alluvium,26.63,9.74,122.3,5.23,2109.0,910.0,9.04,601.4,normal
W-ACT,2026-09-01 12:31:32,180,Alluvium,28.13,10.82,121.4,5.4,2087.0,904.0,8.98,601.5,normal
W-ACT,2026-09-01 12:33:39,181,Alluvium,28.27,9.46,126.1,5.61,2033.0,883.0,8.98,601.5,normal
W-ACT,2026-09-01 12:35:57,182,Alluvium,26.19,9.4,120.3,4.86,2114.0,906.0,8.99,600.8,normal
W-ACT,2026-09-01 12:38:07,183,Alluvium,27.75,10.3,118.4,5.1,2092.0,895.0,9.01,600.6,normal
W-ACT,2026-09-01 12:39:57,184,Alluvium,32.55,9.76,122.7,5.3,2063.0,892.0,8.99,600.3,normal
W-ACT,2026-09-01 12:42:17,185,Alluvium,25.75,10.16,123.2,5.03,2066.0,889.0,9.02,600.6,normal
W-ACT,2026-09-01 12:44:33,186,Alluvium,26.47,9.57,113.8,5.41,2094.0,908.0,9.02,600.4,normal
W-ACT,2026-09-01 12:46:26,187,Alluvium,31.79,9.57,118.5,4.95,2063.0,897.0,9.01,600.3,normal
W-ACT,2026-09-01 12:48:22,188,Alluvium,31.16,9.19,121.1,5.33,2039.0,910.0,8.99,600.2,normal
W-ACT,2026-09-01 12:50:33,189,Alluvium,27.46,10.87,122.7,4.99,2160.0,898.0,9.03,600.3,normal
W-ACT,2026-09-01 12:52:40,190,Alluvium,28.36,9.38,118.0,5.03,2047.0,907.0,8.97,600.3,normal
W-ACT,2026-09-01 12:55:02,191,Alluvium,25.33,9.51,115.8,5.11,2040.0,892.0,9.0,600.6,normal
W-ACT,2026-09-01 12:57:19,192,Alluvium,26.23,10.94,116.7,5.43,2108.0,896.0,9.01,599.9,normal
W-ACT,2026-09-01 12:59:20,193,Alluvium,29.86,9.8,120.3,4.98,2089.0,906.0,9.0,599.9,normal
W-ACT,2026-09-01 13:01:21,194,Alluvium,29.74,10.2,125.1,5.32,2104.0,876.0,8.99,599.0,normal
W-ACT,2026-09-01 13:03:23,195,Alluvium,29.35,10.23,127.5,4.96,2060.0,902.0,8.99,598.9,normal
W-ACT,2026-09-01 13:05:37,196,Alluvium,27.02,9.75,116.9,5.02,2103.0,911.0,9.0,599.7,normal
W-ACT,2026-09-01 13:07:37,197,Alluvium,29.84,10.93,123.3,4.7,2130.0,894.0,9.01,599.8,normal
W-ACT,2026-09-01 13:10:01,198,Alluvium,25.02,9.6,122.9,5.1,2149.0,909.0,9.0,599.9,normal
W-ACT,2026-09-01 13:12:09,199,Alluvium,28.05,10.1,121.5,5.22,2054.0,897.0,9.0,600.1,normal
W-ACT,2026-09-01 13:13:56,200,Alluvium,33.8,10.96,119.6,5.64,2103.0,883.0,8.99,599.8,normal
W-ACT,2026-09-01 13:15:51,201,Alluvium,31.28,9.47,122.7,5.51,2071.0,898.0,8.98,600.0,normal
W-ACT,2026-09-01 13:17:57,202,Alluvium,28.49,10.17,113.9,4.99,2099.0,902.0,9.01,600.4,normal
W-ACT,2026-09-01 13:20:19,203,Alluvium,25.39,10.72,124.1,4.81,2106.0,896.0,9.03,600.7,normal
W-ACT,2026-09-01 13:22:11,204,Alluvium,32.29,9.42,125.1,5.16,2062.0,876.0,9.02,600.6,normal
W-ACT,2026-09-01 13:24:24,205,Alluvium,26.95,10.17,117.2,5.57,2058.0,889.0,9.03,600.2,normal
W-ACT,2026-09-01 13:26:39,206,Alluvium,26.73,9.95,121.9,5.59,2129.0,904.0,8.96,599.9,normal
W-ACT,2026-09-01 13:28:48,207,Alluvium,27.8,10.16,117.0,4.93,2169.0,900.0,8.97,600.2,normal
W-ACT,2026-09-01 13:31:02,208,Alluvium,26.96,9.11,125.1,5.39,2109.0,896.0,9.03,599.9,normal
W-ACT,2026-09-01 13:33:11,209,Alluvium,27.82,9.99,126.8,5.07,2133.0,894.0,9.01,600.0,normal
W-ACT,2026-09-01 13:35:08,210,Alluvium,30.9,9.83,118.4,5.23,2109.0,889.0,8.99,600.6,normal
W-ACT,2026-09-01 13:37:17,211,Alluvium,27.9,10.05,116.3,4.85,2142.0,900.0,9.0,600.2,normal
W-ACT,2026-09-01 13:39:21,212,Alluvium,29.02,10.89,122.2,5.37,2008.0,908.0,9.01,600.3,normal
W-ACT,2026-09-01 13:41:43,213,Alluvium,25.43,10.51,117.3,5.09,2071.0,902.0,9.03,599.9,normal
W-ACT,2026-09-01 13:43:47,214,Alluvium,28.85,10.64,123.8,5.48,2124.0,890.0,9.0,599.9,normal
W-ACT,2026-09-01 13:45:57,215,Alluvium,27.87,10.65,121.0,5.26,2140.0,907.0,9.0,599.9,normal
W-ACT,2026-09-01 13:48:06,216,Alluvium,27.86,11.03,120.7,5.26,2136.0,896.0,8.98,599.7,normal
W-ACT,2026-09-01 13:50:04,217,Alluvium,30.46,10.35,116.0,5.13,2115.0,903.0,8.95,598.9,normal
W-ACT,2026-09-01 13:52:05,218,Alluvium,29.78,10.36,120.6,5.75,2172.0,902.0,8.98,598.8,normal
W-ACT,2026-09-01 13:54:06,219,Alluvium,29.63,10.58,121.4,4.9,2149.0,908.0,8.99,598.9,normal
W-ACT,2026-09-01 13:56:26,220,Alluvium,25.81,10.12,120.2,5.25,2132.0,894.0,8.98,598.9,normal
W-ACT,2026-09-01 13:58:40,221,Alluvium,26.8,10.04,116.0,5.34,2127.0,919.0,9.0,598.4,normal
W-ACT,2026-09-01 14:00:58,222,Alluvium,26.17,9.61,113.9,5.39,2131.0,899.0,8.98,598.3,normal
W-ACT,2026-09-01 14:03:08,223,Alluvium,27.66,9.75,119.1,5.63,2090.0,892.0,9.03,598.0,normal
W-ACT,2026-09-01 14:05:25,224,Alluvium,26.15,10.29,122.6,5.33,2129.0,902.0,9.03,598.2,normal
W-ACT,2026-09-01 14:07:52,225,Alluvium,24.63,10.51,120.1,5.35,2034.0,895.0,8.99,598.2,normal
W-ACT,2026-09-01 14:10:08,226,Alluvium,26.5,9.4,122.7,5.77,2083.0,899.0,8.99,598.0,normal
W-ACT,2026-09-01 14:12:20,227,Alluvium,27.26,9.68,118.5,4.64,2064.0,913.0,8.99,598.0,normal
W-ACT,2026-09-01 14:14:19,228,Alluvium,30.1,9.5,121.1,5.41,2176.0,917.0,9.0,597.8,normal
W-ACT,2026-09-01 14:16:26,229,Alluvium,28.43,9.96,122.7,5.16,2068.0,907.0,8.98,597.5,normal
W-ACT,2026-09-01 14:18:38,230,Alluvium,27.13,10.75,115.7,5.48,2167.0,892.0,9.01,597.7,normal
W-ACT,2026-09-01 14:21:01,231,Alluvium,25.23,9.67,114.4,5.45,2061.0,888.0,8.99,597.9,normal
W-ACT,2026-09-01 14:23:03,232,Alluvium,29.57,10.1,112.8,5.41,2098.0,889.0,8.98,598.2,normal
W-ACT,2026-09-01 14:25:07,233,Alluvium,29.07,9.66,119.9,4.96,2142.0,908.0,9.01,597.6,normal
W-ACT,2026-09-01 14:27:11,234,Alluvium,28.9,10.27,120.0,5.27,2108.0,905.0,8.98,597.3,normal
W-ACT,2026-09-01 14:29:24,235,Alluvium,27.04,10.2,122.2,5.19,2207.0,910.0,8.99,597.0,normal
W-ACT,2026-09-01 14:31:40,236,Alluvium,26.52,10.94,117.8,5.81,2157.0,892.0,9.02,597.1,normal
W-ACT,2026-09-01 14:34:06,237,Alluvium,24.67,10.54,124.2,5.24,2053.0,903.0,9.0,597.4,normal
W-ACT,2026-09-01 14:36:24,238,Alluvium,26.19,8.66,117.3,5.43,2137.0,901.0,9.03,597.2,normal
W-ACT,2026-09-01 14:38:31,239,Alluvium,28.17,10.45,119.2,4.92,2131.0,898.0,9.01,598.0,normal
W-ACT,2026-09-01 14:40:38,240,Alluvium,28.51,10.01,118.9,5.11,2122.0,899.0,9.01,598.8,normal
W-ACT,2026-09-01 14:42:57,241,Alluvium,25.89,10.13,126.0,5.24,2091.0,902.0,8.97,598.4,normal
W-ACT,2026-09-01 14:45:25,242,Alluvium,24.2,10.34,119.1,5.16,2147.0,911.0,8.97,598.6,normal
W-ACT,2026-09-01 14:47:38,243,Alluvium,27.24,10.5,125.6,5.53,2198.0,902.0,9.02,598.3,normal
W-ACT,2026-09-01 14:50:00,244,Alluvium,25.21,10.25,123.2,5.27,2126.0,905.0,9.01,597.9,normal
W-ACT,2026-09-01 14:52:13,245,Alluvium,27.11,10.08,120.4,5.39,2175.0,890.0,9.0,597.5,normal
W-ACT,2026-09-01 14:54:37,246,Alluvium,25.12,10.18,121.4,4.96,2080.0,895.0,8.96,598.1,normal
W-ACT,2026-09-01 14:56:41,247,Alluvium,28.94,9.96,122.0,5.33,2065.0,881.0,9.0,598.0,normal
W-ACT,2026-09-01 14:58:58,248,Alluvium,26.21,10.41,118.8,5.21,2168.0,893.0,9.0,597.4,normal
W-ACT,2026-09-01 15:01:16,249,Alluvium,26.16,9.29,118.9,5.26,2100.0,910.0,9.01,597.4,normal
W-ACT,2026-09-01 15:03:34,250,Alluvium,26.14,10.26,117.1,4.96,2030.0,905.0,8.97,597.4,normal
W-ACT,2026-09-01 15:05:53,251,Alluvium,25.86,10.03,121.3,5.15,2130.0,893.0,8.97,597.6,normal
W-ACT,2026-09-01 15:07:56,252,Alluvium,29.21,9.85,117.2,5.31,2123.0,908.0,9.05,597.5,normal
W-ACT,2026-09-01 15:10:00,253,Alluvium,29.07,9.27,113.6,5.48,2216.0,899.0,9.0,597.7,normal
W-ACT,2026-09-01 15:12:04,254,Alluvium,28.92,9.53,118.5,4.81,2112.0,898.0,8.99,597.6,normal
W-ACT,2026-09-01 15:14:10,255,Alluvium,28.77,10.68,123.9,4.73,2201.0,884.0,8.99,597.9,normal
W-ACT,2026-09-01 15:16:21,256,Alluvium,27.3,9.74,119.3,5.71,2221.0,904.0,9.03,598.7,normal
W-ACT,2026-09-01 15:18:33,257,Alluvium,27.45,10.56,108.1,5.0,2153.0,911.0,9.01,598.6,normal
W-ACT,2026-09-01 15:20:50,258,Alluvium,26.11,9.87,116.3,5.4,2109.0,911.0,8.98,599.0,normal
W-ACT,2026-09-01 15:22:48,259,Alluvium,30.67,11.1,122.0,4.76,2198.0,882.0,9.04,599.0,normal
W-ACT,2026-09-01 15:25:12,260,Alluvium,24.9,9.53,120.0,5.48,2048.0,901.0,9.02,599.5,normal
W-ACT,2026-09-01 15:27:28,261,Alluvium,26.46,10.22,114.7,5.47,2109.0,908.0,9.0,599.7,normal
W-ACT,2026-09-01 15:29:39,262,Alluvium,27.5,8.7,121.3,5.05,2138.0,903.0,9.02,599.9,normal
W-ACT,2026-09-01 15:31:40,263,Alluvium,29.78,9.62,118.2,5.74,2225.0,896.0,9.0,600.4,normal
W-ACT,2026-09-01 15:33:40,264,Alluvium,30.05,10.22,125.8,5.16,2125.0,915.0,9.02,600.5,normal
W-ACT,2026-09-01 15:35:57,265,Alluvium,26.29,9.71,118.0,5.33,2114.0,897.0,9.04,600.5,normal
W-ACT,2026-09-01 15:37:53,266,Alluvium,30.96,10.1,116.7,5.39,2072.0,896.0,8.98,600.2,normal
W-ACT,2026-09-01 15:39:58,267,Alluvium,28.82,10.42,122.4,5.39,2172.0,894.0,9.02,600.4,normal
W-ACT,2026-09-01 15:42:14,268,Alluvium,26.56,9.24,123.9,5.52,2140.0,903.0,8.99,600.3,normal
W-ACT,2026-09-01 15:44:26,269,Alluvium,27.22,10.48,121.9,5.55,2095.0,904.0,9.0,600.3,normal
W-ACT,2026-09-01 15:46:45,270,Alluvium,25.8,9.92,118.2,5.18,2213.0,897.0,9.0,599.5,normal
W-ACT,2026-09-01 15:48:50,271,Alluvium,28.81,10.01,118.8,4.88,2185.0,888.0,8.98,599.3,normal
W-ACT,2026-09-01 15:50:59,272,Alluvium,27.98,9.59,118.2,5.23,2109.0,900.0,8.97,599.7,normal
W-ACT,2026-09-01 15:53:01,273,Alluvium,29.62,10.79,117.6,5.14,2084.0,922.0,9.02,600.3,normal
W-ACT,2026-09-01 15:55:12,274,Alluvium,27.43,10.35,125.4,5.72,2172.0,907.0,9.0,600.2,normal
W-ACT,2026-09-01 15:57:14,275,Alluvium,29.43,9.6,122.5,5.22,2147.0,904.0,9.0,599.9,normal
W-ACT,2026-09-01 15:59:34,276,Alluvium,25.71,10.66,121.1,5.3,2165.0,887.0,9.01,600.2,normal
W-ACT,2026-09-01 16:02:03,277,Alluvium,24.18,9.94,120.4,5.21,2176.0,900.0,8.96,600.1,normal
W-ACT,2026-09-01 16:04:04,278,Alluvium,29.89,9.59,118.7,5.22,2146.0,902.0,9.01,600.4,normal
W-ACT,2026-09-01 16:06:09,279,Alluvium,28.61,10.42,118.7,5.47,2174.0,919.0,9.04,600.2,normal
W-ACT,2026-09-01 16:08:29,280,Alluvium,25.86,9.75,123.7,5.25,2184.0,881.0,8.98,600.5,normal
W-ACT,2026-09-01 16:10:27,281,Alluvium,30.42,10.03,122.8,5.52,2109.0,898.0,8.99,600.5,normal
W-ACT,2026-09-01 16:12:37,282,Alluvium,27.77,10.02,125.4,4.96,2158.0,912.0,9.01,600.4,normal
W-ACT,2026-09-01 16:15:00,283,Alluvium,25.1,10.15,122.8,5.44,2124.0,893.0,9.04,600.4,normal
W-ACT,2026-09-01 16:17:10,284,Alluvium,27.63,10.57,120.8,5.42,2141.0,903.0,9.06,600.6,normal
W-ACT,2026-09-01 16:19:35,285,Alluvium,24.9,9.67,119.3,5.16,2181.0,896.0,9.0,600.4,normal
W-ACT,2026-09-01 16:21:42,286,Alluvium,28.38,9.65,119.0,5.03,2210.0,903.0,9.02,600.4,normal
W-ACT,2026-09-01 16:23:46,287,Alluvium,28.92,10.47,117.9,5.72,2152.0,893.0,8.99,600.9,normal
W-ACT,2026-09-01 16:25:44,288,Alluvium,30.56,10.21,118.8,5.23,2144.0,893.0,9.0,600.7,normal
W-ACT,2026-09-01 16:27:40,289,Alluvium,30.95,10.96,115.9,5.53,2181.0,899.0,9.01,601.0,normal
W-ACT,2026-09-01 16:29:31,290,Alluvium,32.51,9.5,120.0,5.32,2101.0,902.0,9.01,600.6,normal
W-ACT,2026-09-01 16:31:27,291,Alluvium,31.04,10.5,121.6,5.01,2213.0,899.0,9.0,600.8,normal
W-ACT,2026-09-01 16:33:24,292,Alluvium,30.65,10.47,116.5,5.13,2116.0,904.0,9.04,601.5,normal
W-ACT,2026-09-01 16:35:52,293,Alluvium,24.41,10.12,113.5,5.03,2149.0,913.0,9.01,600.8,normal
W-ACT,2026-09-01 16:38:04,294,Alluvium,27.2,10.11,123.0,5.49,2214.0,892.0,8.97,600.1,normal
W-ACT,2026-09-01 16:40:12,295,Alluvium,28.11,9.49,122.9,5.13,2093.0,896.0,8.98,600.2,normal
W-ACT,2026-09-01 16:42:29,296,Alluvium,26.32,10.11,122.0,4.83,2244.0,901.0,9.04,600.0,normal
W-ACT,2026-09-01 16:44:45,297,Alluvium,26.55,10.05,122.4,5.41,2087.0,904.0,8.98,599.9,normal
W-ACT,2026-09-01 16:46:54,298,Alluvium,27.83,11.48,119.5,4.63,2173.0,902.0,8.97,599.6,normal
W-ACT,2026-09-01 16:49:14,299,Alluvium,25.79,10.05,117.7,5.28,2158.0,899.0,8.98,599.8,normal
W-ACT,2026-09-01 16:51:24,300,Alluvium,27.68,9.55,122.5,5.28,2289.0,903.0,8.97,599.8,normal
W-ACT,2026-09-01 16:53:33,301,Alluvium,27.81,10.21,119.2,5.74,2235.0,894.0,9.0,599.8,normal
W-ACT,2026-09-01 16:55:50,302,Alluvium,26.28,9.79,122.9,5.22,2134.0,904.0,9.01,599.5,normal
W-ACT,2026-09-01 16:57:58,303,Alluvium,28.08,9.83,119.2,5.48,2205.0,897.0,9.04,599.8,normal
W-ACT,2026-09-01 17:00:21,304,Alluvium,25.29,9.34,121.2,5.41,2173.0,898.0,8.99,599.5,normal
W-ACT,2026-09-01 17:02:33,305,Alluvium,27.32,9.16,113.6,5.35,2135.0,898.0,8.98,600.1,normal
W-ACT,2026-09-01 17:04:38,306,Alluvium,28.6,9.17,117.6,5.67,2190.0,895.0,9.02,600.0,normal
W-ACT,2026-09-01 17:07:00,307,Alluvium,25.36,9.54,117.1,5.49,2137.0,908.0,8.97,600.0,normal
W-ACT,2026-09-01 17:09:04,308,Alluvium,29.07,9.17,118.1,5.35,2218.0,905.0,9.01,600.4,normal
W-ACT,2026-09-01 17:11:00,309,Alluvium,31.17,9.89,121.8,5.29,2217.0,921.0,9.02,600.2,normal
W-ACT,2026-09-01 17:13:19,310,Alluvium,25.79,10.57,117.9,5.24,2194.0,903.0,8.97,600.3,normal
W-ACT,2026-09-01 17:15:30,311,Alluvium,27.51,10.11,123.5,5.24,2164.0,880.0,9.03,600.0,normal
W-ACT,2026-09-01 17:17:57,312,Alluvium,24.45,9.97,119.8,4.8,2183.0,911.0,9.01,599.8,normal
W-ACT,2026-09-01 17:20:04,313,Alluvium,28.48,10.09,115.8,5.2,2168.0,886.0,9.01,599.6,normal
W-ACT,2026-09-01 17:22:03,314,Alluvium,30.25,9.92,113.4,5.59,2133.0,913.0,9.05,599.8,normal
W-ACT,2026-09-01 17:24:17,315,Alluvium,26.83,9.83,115.8,4.65,2208.0,904.0,9.01,599.4,normal
W-ACT,2026-09-01 17:26:27,316,Alluvium,27.67,9.18,127.5,4.88,2171.0,881.0,8.99,599.7,normal
W-ACT,2026-09-01 17:28:32,317,Alluvium,28.76,9.38,122.9,5.2,2224.0,898.0,8.99,600.1,normal
W-ACT,2026-09-01 17:30:53,318,Alluvium,25.66,9.78,124.8,5.32,2111.0,896.0,9.0,600.4,normal
W-ACT,2026-09-01 17:32:43,319,Alluvium,32.71,10.32,120.0,4.81,2190.0,914.0,8.99,600.5,normal
W-ACT,2026-09-01 17:34:44,320,Alluvium,29.69,10.61,117.3,4.91,2187.0,879.0,9.0,600.1,normal
W-ACT,2026-09-01 17:36:40,321,Alluvium,31.11,9.6,116.1,5.47,2146.0,906.0,8.99,599.7,normal
W-ACT,2026-09-01 17:38:40,322,Alluvium,29.88,10.61,122.0,5.59,2202.0,912.0,9.0,600.3,normal
W-ACT,2026-09-01 17:40:43,323,Alluvium,29.38,10.02,118.6,5.03,2140.0,897.0,8.99,600.1,normal
W-ACT,2026-09-01 17:42:50,324,Alluvium,28.32,9.5,128.6,5.1,2192.0,895.0,9.02,600.3,normal
W-ACT,2026-09-01 17:44:59,325,Alluvium,27.94,9.02,118.3,5.36,2171.0,903.0,9.01,600.0,normal
W-ACT,2026-09-01 17:47:02,326,Alluvium,29.14,9.43,119.6,4.8,2220.0,893.0,9.03,599.8,normal
W-ACT,2026-09-01 17:49:29,327,Alluvium,24.55,10.29,122.8,5.4,2145.0,895.0,8.97,599.8,normal
W-ACT,2026-09-01 17:51:22,328,Alluvium,31.65,9.75,121.4,4.85,2264.0,898.0,8.98,600.0,normal
W-ACT,2026-09-01 17:53:33,329,Alluvium,27.59,10.34,122.2,5.78,2205.0,904.0,8.98,600.6,normal
W-ACT,2026-09-01 17:55:42,330,Alluvium,27.92,10.73,116.6,5.14,2166.0,904.0,8.98,600.5,normal
W-ACT,2026-09-01 17:57:43,331,Alluvium,29.81,9.85,119.6,5.5,2196.0,898.0,9.01,600.5,normal
W-ACT,2026-09-01 17:59:51,332,Alluvium,28.06,9.38,120.4,5.21,2206.0,894.0,9.02,600.9,normal
W-ACT,2026-09-01 18:02:03,333,Alluvium,27.17,9.19,117.8,5.47,2135.0,914.0,8.98,600.3,normal
W-ACT,2026-09-01 18:04:21,334,Alluvium,26.16,10.1,120.9,5.51,2138.0,896.0,9.04,600.4,normal
W-ACT,2026-09-01 18:06:42,335,Alluvium,25.52,10.1,121.8,5.12,2237.0,900.0,9.01,600.8,normal
W-ACT,2026-09-01 18:08:49,336,Alluvium,28.48,10.02,125.3,5.47,2252.0,908.0,9.01,600.9,normal
W-ACT,2026-09-01 18:11:19,337,Alluvium,23.89,9.8,121.0,5.21,2139.0,908.0,9.02,600.8,normal
W-ACT,2026-09-01 18:13:32,338,Alluvium,27.11,8.88,107.6,5.05,2181.0,899.0,9.0,600.7,normal
W-ACT,2026-09-01 18:15:34,339,Alluvium,29.63,9.55,118.0,5.37,2204.0,906.0,9.0,600.4,normal
W-ACT,2026-09-01 18:17:43,340,Alluvium,27.87,10.03,124.0,5.39,2247.0,909.0,8.99,600.3,normal
W-ACT,2026-09-01 18:19:57,341,Alluvium,26.88,9.82,121.7,5.12,2181.0,901.0,8.97,600.0,normal
W-ACT,2026-09-01 18:22:04,342,Alluvium,28.18,10.71,122.1,5.55,2177.0,889.0,8.98,599.8,normal
W-ACT,2026-09-01 18:24:06,343,Alluvium,29.49,10.09,122.1,5.59,2210.0,912.0,9.02,598.7,normal
W-ACT,2026-09-01 18:26:36,344,Alluvium,24.05,9.54,116.4,5.48,2090.0,907.0,8.99,598.6,normal
W-ACT,2026-09-01 18:28:47,345,Alluvium,27.51,9.41,123.8,5.04,2211.0,904.0,9.01,598.8,normal
W-ACT,2026-09-01 18:30:54,346,Alluvium,28.45,10.95,116.3,4.73,2301.0,885.0,9.04,598.7,normal
W-ACT,2026-09-01 18:33:13,347,Alluvium,25.86,9.19,120.8,5.03,2197.0,887.0,9.03,598.6,normal
W-ACT,2026-09-01 18:35:10,348,Alluvium,30.66,9.85,117.7,5.17,2196.0,900.0,8.97,598.5,normal
W-ACT,2026-09-01 18:37:24,349,Alluvium,26.95,9.16,121.4,5.16,2292.0,895.0,9.01,598.7,normal
W-ACT,2026-09-01 18:40:03,350,Alluvium,22.55,9.74,122.8,5.8,2178.0,886.0,8.99,599.0,normal
W-ACT,2026-09-01 18:42:00,351,Alluvium,30.76,9.52,119.3,5.52,2187.0,893.0,9.0,598.9,normal
W-ACT,2026-09-01 18:43:51,352,Alluvium,32.49,9.89,117.2,5.09,2314.0,907.0,9.01,599.5,normal
W-ACT,2026-09-01 18:46:12,353,Alluvium,25.58,10.13,123.1,5.1,2190.0,906.0,9.0,600.0,normal
W-ACT,2026-09-01 18:48:35,354,Alluvium,25.2,9.57,117.1,5.57,2286.0,898.0,8.99,599.5,normal
W-ACT,2026-09-01 18:50:51,355,Alluvium,26.51,9.99,126.7,6.07,2286.0,903.0,8.98,599.4,normal
W-ACT,2026-09-01 18:53:01,356,Alluvium,27.67,9.96,115.9,5.33,2251.0,886.0,9.01,599.4,normal
W-ACT,2026-09-01 18:55:05,357,Alluvium,28.91,10.77,114.2,5.4,2281.0,917.0,9.0,599.0,normal
W-ACT,2026-09-01 18:57:13,358,Alluvium,28.29,9.89,117.7,5.83,2260.0,903.0,8.98,599.6,normal
W-ACT,2026-09-01 18:59:24,359,Alluvium,27.31,10.05,120.0,5.25,2254.0,911.0,9.02,598.9,normal
W-ACT,2026-09-01 19:01:41,360,Alluvium,26.43,9.67,122.8,5.21,2184.0,914.0,8.99,599.2,normal
W-ACT,2026-09-01 19:03:46,361,Alluvium,28.74,10.24,115.3,5.34,2222.0,899.0,8.99,599.9,normal
W-ACT,2026-09-01 19:06:01,362,Alluvium,26.64,9.59,116.3,5.65,2137.0,890.0,9.01,599.5,normal
W-ACT,2026-09-01 19:08:12,363,Alluvium,27.42,10.05,118.2,5.38,2245.0,894.0,9.0,599.4,normal
W-ACT,2026-09-01 19:10:09,364,Alluvium,30.85,9.51,119.2,5.2,2208.0,893.0,8.98,600.0,normal
W-ACT,2026-09-01 19:11:57,365,Alluvium,33.24,10.44,121.3,5.28,2266.0,886.0,9.02,600.1,normal
W-ACT,2026-09-01 19:14:11,366,Alluvium,26.9,9.81,117.0,5.13,2130.0,912.0,9.01,600.1,normal
W-ACT,2026-09-01 19:16:29,367,Alluvium,26.16,10.39,115.6,5.81,2280.0,898.0,8.99,600.1,normal
W-ACT,2026-09-01 19:18:34,368,Alluvium,28.63,9.8,118.6,5.77,2246.0,900.0,9.03,599.6,normal
W-ACT,2026-09-01 19:20:52,369,Alluvium,26.23,9.18,120.9,5.46,2247.0,893.0,9.0,599.7,normal
W-ACT,2026-09-01 19:22:52,370,Alluvium,29.82,10.28,116.1,5.21,2217.0,897.0,9.01,599.5,normal
W-ACT,2026-09-01 19:24:58,371,Alluvium,28.77,9.8,120.6,5.8,2218.0,909.0,9.01,599.0,normal
W-ACT,2026-09-01 19:26:48,372,Alluvium,32.72,9.51,118.0,5.33,2244.0,913.0,9.04,598.6,normal
W-ACT,2026-09-01 19:28:34,373,Alluvium,33.7,10.22,112.8,5.54,2264.0,902.0,8.93,598.5,normal
W-ACT,2026-09-01 19:30:29,374,Alluvium,31.51,9.46,120.4,5.37,2170.0,894.0,8.97,598.7,normal
W-ACT,2026-09-01 19:32:59,375,Alluvium,23.99,9.55,122.9,6.03,2249.0,891.0,9.01,599.1,normal
W-ACT,2026-09-01 19:34:58,376,Alluvium,30.05,10.47,118.4,5.13,2265.0,893.0,9.03,599.5,normal
W-ACT,2026-09-01 19:37:31,377,Alluvium,23.67,9.92,117.6,5.56,2267.0,900.0,9.01,600.2,normal
W-ACT,2026-09-01 19:39:34,378,Alluvium,29.23,9.86,113.7,5.51,2135.0,867.0,9.01,599.9,normal
W-ACT,2026-09-01 19:41:39,379,Alluvium,28.83,10.0,122.2,5.41,2142.0,896.0,9.0,600.3,normal
W-ACT,2026-09-01 19:43:57,380,Alluvium,26.07,10.13,121.9,5.19,2205.0,904.0,8.98,600.5,normal
W-ACT,2026-09-01 19:45:50,381,Alluvium,31.86,9.29,119.8,5.16,2243.0,917.0,8.99,600.3,normal
W-ACT,2026-09-01 19:47:44,382,Alluvium,31.51,9.81,122.9,5.49,2181.0,902.0,9.0,600.2,normal
W-ACT,2026-09-01 19:50:08,383,Alluvium,25.02,10.45,116.0,5.46,2211.0,910.0,9.0,600.7,normal
W-ACT,2026-09-01 19:52:17,384,Alluvium,27.83,10.27,118.7,5.58,2120.0,897.0,9.0,600.9,normal
W-ACT,2026-09-01 19:54:29,385,Alluvium,27.39,10.35,121.2,5.6,2239.0,898.0,9.01,601.9,normal
W-ACT,2026-09-01 19:56:45,386,Alluvium,26.45,10.04,119.9,5.28,2302.0,905.0,9.0,601.8,normal
W-ACT,2026-09-01 19:58:53,387,Alluvium,28.14,8.88,123.3,5.69,2219.0,894.0,9.0,601.5,normal
W-ACT,2026-09-01 20:00:43,388,Alluvium,32.76,10.86,113.3,4.93,2254.0,886.0,9.01,601.0,normal
W-ACT,2026-09-01 20:02:46,389,Alluvium,29.27,9.08,121.9,5.33,2256.0,917.0,9.04,601.4,normal
W-ACT,2026-09-01 20:04:58,390,Alluvium,27.22,9.11,117.0,5.28,2263.0,894.0,9.0,601.8,normal
W-ACT,2026-09-01 20:07:07,391,Alluvium,27.96,10.0,125.6,5.26,2407.0,888.0,9.01,601.5,normal
W-ACT,2026-09-01 20:09:31,392,Alluvium,24.88,9.8,112.9,5.45,2237.0,902.0,8.98,601.6,normal
W-ACT,2026-09-01 20:11:44,393,Alluvium,27.16,10.71,116.0,5.76,2257.0,917.0,8.98,602.3,normal
W-ACT,2026-09-01 20:14:08,394,Alluvium,24.97,9.97,118.9,5.66,2169.0,899.0,9.04,601.7,normal
W-ACT,2026-09-01 20:16:22,395,Namsang,26.94,12.98,117.6,6.78,2184.0,897.0,9.0,602.2,normal
W-ACT,2026-09-01 20:19:19,396,Namsang,20.34,12.34,111.0,6.49,2295.0,924.0,9.02,602.3,normal
W-ACT,2026-09-01 20:21:52,397,Namsang,23.52,12.28,123.7,6.59,2258.0,903.0,9.04,602.4,normal
W-ACT,2026-09-01 20:24:48,398,Namsang,20.45,13.66,116.1,6.33,2321.0,904.0,8.98,602.4,normal
W-ACT,2026-09-01 20:27:38,399,Namsang,21.18,12.35,117.6,6.93,2195.0,906.0,8.99,602.5,normal
W-ACT,2026-09-01 20:30:05,400,Namsang,24.38,13.09,120.4,6.46,2344.0,902.0,8.99,602.7,normal
W-ACT,2026-09-01 20:33:17,401,Namsang,18.82,13.42,120.4,6.91,2295.0,897.0,8.99,602.6,normal
W-ACT,2026-09-01 20:36:15,402,Namsang,20.18,14.34,123.4,6.56,2197.0,906.0,8.98,602.9,normal
W-ACT,2026-09-01 20:38:35,403,Namsang,25.7,13.62,118.0,7.12,2254.0,894.0,9.0,603.3,normal
W-ACT,2026-09-01 20:41:12,404,Namsang,22.9,13.63,119.5,7.52,2268.0,898.0,9.02,603.2,normal
W-ACT,2026-09-01 20:44:00,405,Namsang,21.42,13.7,125.5,6.57,2275.0,895.0,8.97,603.3,normal
W-ACT,2026-09-01 20:46:27,406,Namsang,24.6,13.67,123.5,6.72,2248.0,897.0,9.0,602.2,normal
W-ACT,2026-09-01 20:48:57,407,Namsang,23.93,12.28,121.0,7.01,2273.0,894.0,8.99,602.1,normal
W-ACT,2026-09-01 20:51:33,408,Namsang,23.04,13.33,115.8,6.57,2239.0,912.0,9.01,602.3,normal
W-ACT,2026-09-01 20:54:24,409,Namsang,21.12,12.63,125.9,6.69,2177.0,895.0,8.98,602.8,normal
W-ACT,2026-09-01 20:57:14,410,Namsang,21.12,12.74,115.0,7.12,2299.0,899.0,8.98,603.1,normal
W-ACT,2026-09-01 21:00:05,411,Namsang,21.08,13.26,121.5,6.23,2282.0,900.0,9.0,602.6,normal
W-ACT,2026-09-01 21:02:34,412,Namsang,24.18,12.85,117.3,6.8,2228.0,889.0,8.98,603.1,normal
W-ACT,2026-09-01 21:05:15,413,Namsang,22.34,13.14,116.0,7.2,2173.0,912.0,8.99,603.2,normal
W-ACT,2026-09-01 21:07:51,414,Namsang,23.16,13.0,118.3,6.76,2227.0,887.0,9.0,603.0,normal
W-ACT,2026-09-01 21:10:20,415,Namsang,24.16,13.17,122.3,6.89,2235.0,896.0,8.99,603.1,normal
W-ACT,2026-09-01 21:12:56,416,Namsang,22.96,12.69,121.4,6.99,2286.0,889.0,8.98,602.4,normal
W-ACT,2026-09-01 21:15:42,417,Namsang,21.7,13.85,124.2,7.15,2271.0,891.0,9.02,602.4,normal
W-ACT,2026-09-01 21:18:21,418,Namsang,22.72,14.13,114.4,6.56,2272.0,889.0,9.02,603.3,normal
W-ACT,2026-09-01 21:20:58,419,Namsang,22.9,13.83,118.4,6.24,2294.0,890.0,8.99,603.2,normal
W-ACT,2026-09-01 21:23:36,420,Namsang,22.75,12.65,122.1,6.61,2284.0,893.0,9.03,603.2,normal
W-ACT,2026-09-01 21:26:24,421,Namsang,21.49,12.39,122.0,7.03,2205.0,910.0,8.99,602.7,normal
W-ACT,2026-09-01 21:29:04,422,Namsang,22.39,13.77,116.0,6.94,2218.0,898.0,9.02,602.1,normal
W-ACT,2026-09-01 21:31:51,423,Namsang,21.63,12.42,118.3,6.95,2207.0,906.0,8.99,602.0,normal
W-ACT,2026-09-01 21:35:25,424,Namsang,16.84,14.44,121.9,7.06,2258.0,899.0,9.01,602.2,normal
W-ACT,2026-09-01 21:38:12,425,Namsang,21.57,12.62,118.3,7.04,2264.0,908.0,9.01,602.2,normal
W-ACT,2026-09-01 21:41:02,426,Namsang,21.06,13.03,118.9,7.38,2265.0,900.0,8.99,602.6,normal
W-ACT,2026-09-01 21:44:00,427,Namsang,20.23,12.27,120.1,6.96,2233.0,895.0,9.02,602.3,normal
W-ACT,2026-09-01 21:46:48,428,Namsang,21.47,13.24,123.7,7.24,2290.0,908.0,9.01,601.4,normal
W-ACT,2026-09-01 21:49:46,429,Namsang,20.27,13.82,120.2,6.55,2269.0,895.0,8.99,601.3,normal
W-ACT,2026-09-01 21:53:13,430,Namsang,17.37,12.92,124.6,7.34,2225.0,892.0,9.0,600.5,normal
W-ACT,2026-09-01 21:55:36,431,Namsang,25.23,13.55,125.2,7.15,2208.0,907.0,9.01,601.3,normal
W-ACT,2026-09-01 21:58:12,432,Namsang,23.04,12.76,113.5,6.51,2223.0,890.0,9.01,601.1,normal
W-ACT,2026-09-01 22:01:05,433,Namsang,20.75,12.12,117.5,6.7,2248.0,906.0,9.02,601.4,normal
W-ACT,2026-09-01 22:03:40,434,Namsang,23.28,12.69,116.7,6.65,2306.0,902.0,8.97,601.2,normal
W-ACT,2026-09-01 22:06:33,435,Namsang,20.86,12.53,124.2,6.19,2247.0,881.0,9.02,601.4,normal
W-ACT,2026-09-01 22:09:11,436,Namsang,22.72,12.59,122.6,7.31,2367.0,903.0,9.0,601.7,normal
W-ACT,2026-09-01 22:12:23,437,Namsang,18.75,13.62,125.5,7.16,2297.0,905.0,8.99,602.0,normal
W-ACT,2026-09-01 22:14:51,438,Namsang,24.4,14.23,123.6,6.94,2313.0,905.0,8.98,602.0,normal
W-ACT,2026-09-01 22:17:45,439,Namsang,20.65,12.64,127.8,7.15,2207.0,913.0,9.01,602.0,normal
W-ACT,2026-09-01 22:20:29,440,Namsang,21.9,14.01,120.7,6.48,2313.0,911.0,9.0,602.6,normal
W-ACT,2026-09-01 22:23:02,441,Namsang,23.56,12.96,120.0,7.04,2241.0,904.0,9.02,602.3,normal
W-ACT,2026-09-01 22:25:33,442,Namsang,23.86,13.05,117.0,6.67,2307.0,897.0,9.02,602.1,normal
W-ACT,2026-09-01 22:28:46,443,Namsang,18.64,13.41,122.4,6.73,2287.0,908.0,8.99,601.8,normal
W-ACT,2026-09-01 22:31:35,444,Namsang,21.32,13.63,123.6,7.21,2261.0,904.0,9.01,601.7,normal
W-ACT,2026-09-01 22:34:30,445,Namsang,20.58,12.41,128.2,6.77,2289.0,900.0,8.99,601.8,normal
W-ACT,2026-09-01 22:36:59,446,Namsang,24.09,12.9,124.5,6.6,2338.0,909.0,9.0,601.4,normal
W-ACT,2026-09-01 22:40:02,447,Namsang,19.75,13.14,120.4,7.17,2388.0,893.0,9.01,601.3,normal
W-ACT,2026-09-01 22:42:38,448,Namsang,23.01,12.89,118.2,7.4,2256.0,895.0,9.0,601.2,normal
W-ACT,2026-09-01 22:45:09,449,Namsang,23.82,12.88,115.2,7.68,2306.0,896.0,9.02,601.2,normal
W-ACT,2026-09-01 22:47:36,450,Namsang,24.47,12.37,113.6,6.67,2276.0,909.0,8.99,601.4,normal
W-ACT,2026-09-01 22:50:36,451,Namsang,20.01,12.53,121.3,7.0,2307.0,900.0,9.03,601.4,normal
W-ACT,2026-09-01 22:53:27,452,Namsang,21.07,12.88,121.3,7.57,2325.0,910.0,9.02,601.1,normal
W-ACT,2026-09-01 22:56:46,453,Namsang,18.11,12.96,115.8,7.21,2267.0,901.0,9.01,601.1,normal
W-ACT,2026-09-01 22:59:53,454,Namsang,19.2,13.22,122.2,6.31,2261.0,900.0,8.99,600.9,normal
W-ACT,2026-09-01 23:02:35,455,Namsang,22.27,13.2,117.7,6.74,2222.0,901.0,9.01,600.6,normal
W-ACT,2026-09-01 23:05:24,456,Namsang,21.33,12.67,121.3,7.34,2358.0,893.0,9.0,601.5,normal
W-ACT,2026-09-01 23:07:55,457,Namsang,23.78,12.71,121.4,6.98,2232.0,902.0,9.02,601.2,normal
W-ACT,2026-09-01 23:10:33,458,Namsang,22.83,12.97,116.4,6.49,2351.0,904.0,9.02,600.5,normal
W-ACT,2026-09-01 23:13:40,459,Namsang,19.21,13.99,115.1,6.92,2271.0,892.0,9.02,599.8,normal
W-ACT,2026-09-01 23:16:14,460,Namsang,23.37,13.87,120.4,6.87,2225.0,901.0,8.99,599.6,normal
W-ACT,2026-09-01 23:19:13,461,Namsang,20.12,12.33,123.2,6.6,2238.0,902.0,9.01,599.5,normal
W-ACT,2026-09-01 23:22:11,462,Namsang,20.27,12.38,126.0,6.83,2313.0,898.0,9.01,599.1,normal
W-ACT,2026-09-01 23:25:08,463,Namsang,20.3,12.98,118.2,7.08,2389.0,910.0,9.01,598.5,normal
W-ACT,2026-09-01 23:28:30,464,Namsang,17.81,12.74,120.1,6.98,2308.0,906.0,8.98,598.4,normal
W-ACT,2026-09-01 23:31:15,465,Namsang,21.8,13.0,123.9,7.34,2322.0,884.0,9.0,598.5,normal
W-ACT,2026-09-01 23:33:54,466,Namsang,22.77,12.23,115.1,6.71,2210.0,894.0,9.02,598.3,normal
W-ACT,2026-09-01 23:36:29,467,Namsang,23.12,13.16,111.1,6.87,2319.0,904.0,8.99,599.4,normal
W-ACT,2026-09-01 23:39:14,468,Namsang,21.8,13.09,121.8,7.49,2291.0,903.0,9.01,598.9,normal
W-ACT,2026-09-01 23:42:08,469,Namsang,20.76,13.08,120.0,7.23,2300.0,894.0,9.02,599.1,normal
W-ACT,2026-09-01 23:45:16,470,Namsang,19.16,12.33,110.8,7.4,2323.0,903.0,9.01,598.8,normal
W-ACT,2026-09-01 23:47:43,471,Namsang,24.4,12.72,122.5,6.54,2283.0,894.0,8.97,598.9,normal
W-ACT,2026-09-01 23:50:14,472,Namsang,23.87,13.42,120.1,6.67,2257.0,913.0,8.98,599.4,normal
W-ACT,2026-09-01 23:52:57,473,Namsang,22.15,12.77,128.3,7.19,2258.0,897.0,8.99,599.4,normal
W-ACT,2026-09-01 23:55:31,474,Namsang,23.29,13.52,117.8,7.0,2337.0,896.0,8.98,599.8,normal
W-ACT,2026-09-01 23:58:26,475,Namsang,20.63,12.94,118.6,7.4,2321.0,880.0,8.98,599.2,normal
W-ACT,2026-09-02 00:01:13,476,Namsang,21.52,12.13,121.0,6.46,2341.0,892.0,9.0,599.1,normal
W-ACT,2026-09-02 00:03:45,477,Namsang,23.7,12.9,115.7,6.67,2285.0,909.0,8.98,599.2,normal
W-ACT,2026-09-02 00:06:35,478,Namsang,21.22,13.17,120.3,6.88,2245.0,909.0,9.04,600.4,normal
W-ACT,2026-09-02 00:08:55,479,Namsang,25.59,12.22,117.7,8.04,2215.0,898.0,9.01,599.9,normal
W-ACT,2026-09-02 00:11:31,480,Namsang,23.09,12.13,122.6,7.28,2319.0,914.0,9.02,600.2,normal
W-ACT,2026-09-02 00:14:12,481,Namsang,22.43,13.45,122.3,6.83,2235.0,885.0,9.04,599.6,normal
W-ACT,2026-09-02 00:16:39,482,Namsang,24.46,12.79,119.2,6.65,2259.0,904.0,8.99,599.9,normal
W-ACT,2026-09-02 00:19:33,483,Namsang,20.7,13.83,123.3,7.27,2270.0,907.0,8.97,599.8,normal
W-ACT,2026-09-02 00:21:53,484,Namsang,25.63,13.02,113.9,7.01,2329.0,901.0,8.98,600.5,normal
W-ACT,2026-09-02 00:24:31,485,Namsang,22.75,13.68,120.2,7.54,2379.0,906.0,9.0,600.6,normal
W-ACT,2026-09-02 00:27:36,486,Namsang,19.51,12.57,121.7,6.21,2298.0,900.0,8.96,600.5,normal
W-ACT,2026-09-02 00:30:14,487,Namsang,22.84,11.21,118.8,7.17,2328.0,895.0,9.01,600.7,normal
W-ACT,2026-09-02 00:33:16,488,Namsang,19.74,12.25,118.9,7.58,2355.0,896.0,9.05,601.4,normal
W-ACT,2026-09-02 00:36:13,489,Namsang,20.36,14.18,121.0,6.01,2327.0,901.0,9.01,600.9,normal
W-ACT,2026-09-02 00:38:56,490,Namsang,22.07,12.6,118.2,7.02,2365.0,893.0,8.99,600.9,normal
W-ACT,2026-09-02 00:41:34,491,Namsang,22.79,12.81,118.5,7.14,2348.0,887.0,8.99,600.7,normal
W-ACT,2026-09-02 00:44:56,492,Namsang,17.79,12.21,116.9,6.9,2315.0,890.0,8.98,601.0,normal
W-ACT,2026-09-02 00:47:55,493,Namsang,20.13,13.7,120.2,6.99,2379.0,890.0,9.0,600.7,normal
W-ACT,2026-09-02 00:50:29,494,Namsang,23.39,13.18,117.5,6.49,2278.0,889.0,9.0,601.7,normal
W-ACT,2026-09-02 00:53:03,495,Namsang,23.38,12.42,119.2,6.6,2295.0,896.0,9.01,601.9,normal
W-ACT,2026-09-02 00:55:56,496,Namsang,20.8,13.09,120.6,7.07,2343.0,895.0,9.02,602.2,normal
W-ACT,2026-09-02 00:58:09,497,Namsang,27.12,12.19,117.7,6.72,2288.0,911.0,8.97,601.7,normal
W-ACT,2026-09-02 01:00:43,498,Namsang,23.36,13.72,122.8,6.97,2307.0,893.0,9.0,601.8,normal
W-ACT,2026-09-02 01:03:46,499,Namsang,19.7,13.21,120.3,6.6,2434.0,912.0,8.96,602.3,normal
W-ACT,2026-09-02 01:06:07,500,Namsang,25.49,13.23,121.6,6.42,2319.0,891.0,9.02,601.9,normal
W-ACT,2026-09-02 01:08:54,501,Namsang,21.52,12.19,122.3,7.42,2272.0,900.0,8.98,601.9,normal
W-ACT,2026-09-02 01:11:39,502,Namsang,21.81,12.82,113.3,7.18,2361.0,898.0,8.99,602.0,normal
W-ACT,2026-09-02 01:14:22,503,Namsang,22.13,13.45,118.3,7.31,2321.0,886.0,9.01,602.2,normal
W-ACT,2026-09-02 01:16:57,504,Namsang,23.16,12.79,118.0,7.03,2382.0,899.0,9.01,602.1,normal
W-ACT,2026-09-02 01:19:39,505,Namsang,22.21,12.64,123.6,7.3,2353.0,892.0,9.02,601.4,normal
W-ACT,2026-09-02 01:22:01,506,Namsang,25.43,12.26,127.5,7.18,2353.0,905.0,8.98,601.0,normal
W-ACT,2026-09-02 01:24:45,507,Namsang,21.93,13.07,125.4,7.01,2343.0,905.0,9.01,601.2,normal
W-ACT,2026-09-02 01:27:35,508,Namsang,21.13,13.2,119.3,6.6,2335.0,887.0,9.0,600.6,normal
W-ACT,2026-09-02 01:30:08,509,Namsang,23.6,12.87,121.1,7.03,2346.0,910.0,9.01,600.7,normal
W-ACT,2026-09-02 01:32:40,510,Namsang,23.61,13.27,118.1,6.7,2374.0,902.0,8.99,600.7,normal
W-ACT,2026-09-02 01:35:38,511,Namsang,20.26,12.92,119.4,6.98,2385.0,902.0,9.04,600.1,normal
W-ACT,2026-09-02 01:38:23,512,Namsang,21.82,12.59,123.8,6.94,2320.0,894.0,9.01,600.5,normal
W-ACT,2026-09-02 01:41:03,513,Namsang,22.47,12.66,115.2,7.1,2394.0,895.0,8.98,600.0,normal
W-ACT,2026-09-02 01:43:27,514,Namsang,25.14,12.59,117.7,7.16,2334.0,892.0,9.02,600.0,normal
W-ACT,2026-09-02 01:46:40,515,Namsang,18.58,14.45,129.7,7.31,2326.0,898.0,9.01,599.5,normal
W-ACT,2026-09-02 01:49:26,516,Namsang,21.76,12.66,118.8,7.04,2365.0,890.0,9.03,599.5,normal
W-ACT,2026-09-02 01:51:59,517,Namsang,23.5,12.84,118.5,6.63,2309.0,903.0,8.98,599.1,normal
W-ACT,2026-09-02 01:54:33,518,Namsang,23.35,13.42,119.3,7.25,2321.0,898.0,9.01,599.0,normal
W-ACT,2026-09-02 01:57:14,519,Namsang,22.33,13.78,121.0,7.11,2380.0,885.0,8.99,598.9,normal
W-ACT,2026-09-02 01:59:40,520,Namsang,24.66,13.17,123.1,7.06,2293.0,897.0,9.0,599.1,normal
W-ACT,2026-09-02 02:02:38,521,Namsang,20.3,12.65,115.1,7.52,2332.0,906.0,9.02,599.1,normal
W-ACT,2026-09-02 02:05:28,522,Namsang,21.18,12.68,116.5,7.44,2376.0,899.0,9.0,599.7,normal
W-ACT,2026-09-02 02:08:19,523,Namsang,20.97,11.87,115.9,6.94,2323.0,892.0,9.01,599.8,normal
W-ACT,2026-09-02 02:11:13,524,Namsang,20.78,12.91,124.5,7.59,2417.0,910.0,8.96,600.0,normal
W-ACT,2026-09-02 02:14:01,525,Namsang,21.42,13.07,113.8,7.02,2305.0,895.0,9.0,600.2,normal
W-ACT,2026-09-02 02:16:42,526,Namsang,22.34,13.3,115.7,6.98,2358.0,907.0,9.0,599.8,normal
W-ACT,2026-09-02 02:19:16,527,Namsang,23.38,12.01,115.4,6.8,2302.0,902.0,9.04,599.6,normal
W-ACT,2026-09-02 02:22:07,528,Namsang,21.07,13.29,118.9,6.96,2372.0,905.0,8.97,599.6,normal
W-ACT,2026-09-02 02:24:35,529,Namsang,24.22,12.93,121.4,7.27,2424.0,894.0,9.02,599.2,normal
W-ACT,2026-09-02 02:27:45,530,Namsang,18.94,13.59,118.6,6.71,2352.0,893.0,8.98,599.6,normal
W-ACT,2026-09-02 02:30:28,531,Namsang,22.12,12.67,123.2,6.8,2258.0,900.0,8.98,599.3,normal
W-ACT,2026-09-02 02:32:59,532,Namsang,23.81,13.06,127.9,6.77,2325.0,902.0,8.97,599.5,normal
W-ACT,2026-09-02 02:35:45,533,Namsang,21.68,13.95,115.9,7.47,2342.0,902.0,8.99,599.0,normal
W-ACT,2026-09-02 02:38:30,534,Namsang,21.91,13.21,124.1,6.79,2394.0,899.0,9.01,599.3,normal
W-ACT,2026-09-02 02:41:47,535,Namsang,18.22,12.05,124.0,6.85,2307.0,916.0,8.99,599.6,normal
W-ACT,2026-09-02 02:44:28,536,Namsang,22.42,13.18,119.2,6.92,2341.0,895.0,8.99,600.0,normal
W-ACT,2026-09-02 02:47:13,537,Namsang,21.84,12.91,119.6,7.15,2346.0,903.0,8.97,600.0,normal
W-ACT,2026-09-02 02:49:54,538,Namsang,22.32,14.04,121.2,7.18,2292.0,912.0,9.03,599.9,normal
W-ACT,2026-09-02 02:52:39,539,Namsang,21.85,12.98,117.7,6.86,2267.0,883.0,9.02,599.4,normal
W-ACT,2026-09-02 02:55:05,540,Namsang,24.61,13.26,114.8,7.19,2377.0,895.0,9.01,599.5,normal
W-ACT,2026-09-02 02:57:54,541,Namsang,21.34,12.29,116.6,7.69,2429.0,912.0,8.98,600.0,normal
W-ACT,2026-09-02 03:00:32,542,Namsang,22.69,14.15,117.5,6.84,2330.0,899.0,8.99,599.7,normal
W-ACT,2026-09-02 03:03:16,543,Namsang,22.04,12.65,118.2,7.23,2421.0,899.0,9.0,600.3,normal
W-ACT,2026-09-02 03:05:51,544,Namsang,23.24,13.5,118.0,6.91,2332.0,912.0,8.99,600.3,normal
W-ACT,2026-09-02 03:08:27,545,Namsang,23.01,13.17,124.3,7.2,2371.0,903.0,8.99,599.8,normal
W-ACT,2026-09-02 03:11:42,546,Namsang,18.42,12.76,116.8,7.13,2338.0,904.0,9.03,599.9,normal
W-ACT,2026-09-02 03:14:34,547,Namsang,21.03,13.51,119.1,6.12,2409.0,896.0,8.99,600.6,normal
W-ACT,2026-09-02 03:17:20,548,Namsang,21.59,11.73,115.9,7.13,2417.0,890.0,9.02,600.1,normal
W-ACT,2026-09-02 03:20:10,549,Namsang,21.28,13.07,123.5,7.8,2406.0,900.0,9.01,599.4,normal
W-ACT,2026-09-02 03:22:40,550,Namsang,23.88,13.07,120.9,6.63,2410.0,907.0,9.0,599.7,normal
W-ACT,2026-09-02 03:25:52,551,Namsang,18.82,13.32,120.7,6.65,2380.0,901.0,9.05,599.6,normal
W-ACT,2026-09-02 03:28:52,552,Namsang,19.96,12.38,117.3,6.61,2400.0,880.0,8.98,599.6,normal
W-ACT,2026-09-02 03:31:26,553,Namsang,23.3,12.84,125.1,7.04,2397.0,884.0,8.98,599.2,normal
W-ACT,2026-09-02 03:34:04,554,Namsang,22.84,13.51,120.3,7.14,2315.0,909.0,9.0,598.8,normal
W-ACT,2026-09-02 03:36:35,555,Namsang,23.93,13.61,121.4,6.96,2385.0,897.0,8.97,599.1,normal
W-ACT,2026-09-02 03:39:37,556,Namsang,19.71,12.96,119.4,7.53,2357.0,886.0,9.02,598.8,normal
W-ACT,2026-09-02 03:42:00,557,Namsang,25.13,12.74,119.6,6.93,2304.0,896.0,9.01,598.5,normal
W-ACT,2026-09-02 03:44:52,558,Namsang,20.97,11.24,119.1,7.34,2380.0,905.0,9.0,598.4,normal
W-ACT,2026-09-02 03:47:58,559,Namsang,19.4,11.83,116.3,7.69,2332.0,910.0,9.02,598.4,normal
W-ACT,2026-09-02 03:50:59,560,Namsang,19.9,13.06,122.9,7.57,2384.0,903.0,8.99,598.8,normal
W-ACT,2026-09-02 03:53:25,561,Namsang,24.67,12.41,111.8,6.99,2324.0,909.0,8.99,599.2,normal
W-ACT,2026-09-02 03:55:44,562,Namsang,25.81,13.58,118.1,7.04,2357.0,892.0,8.97,598.9,normal
W-ACT,2026-09-02 03:58:36,563,Namsang,20.91,12.81,124.9,6.83,2310.0,894.0,9.0,599.3,normal
W-ACT,2026-09-02 04:01:25,564,Namsang,21.31,13.8,118.9,7.37,2334.0,884.0,8.99,599.8,normal
W-ACT,2026-09-02 04:04:10,565,Namsang,21.83,13.07,117.8,7.48,2253.0,905.0,9.03,599.9,normal
W-ACT,2026-09-02 04:07:05,566,Namsang,20.6,15.1,115.6,7.03,2363.0,892.0,8.98,599.5,normal
W-ACT,2026-09-02 04:09:35,567,Namsang,23.98,13.08,117.6,6.41,2335.0,888.0,9.01,599.4,normal
W-ACT,2026-09-02 04:12:10,568,Namsang,23.25,14.24,121.4,7.33,2325.0,906.0,8.95,599.3,normal
W-ACT,2026-09-02 04:14:50,569,Namsang,22.46,12.72,117.5,7.26,2402.0,914.0,8.99,599.6,normal
W-ACT,2026-09-02 04:17:28,570,Namsang,22.78,11.91,124.1,7.41,2360.0,913.0,9.01,599.9,normal
W-ACT,2026-09-02 04:20:16,571,Namsang,21.48,13.04,122.7,7.01,2292.0,906.0,8.97,599.1,normal
W-ACT,2026-09-02 04:22:44,572,Namsang,24.34,13.1,117.0,7.15,2374.0,906.0,9.04,598.5,normal
W-ACT,2026-09-02 04:25:35,573,Namsang,21.0,11.93,118.8,7.16,2342.0,896.0,9.02,598.3,normal
W-ACT,2026-09-02 04:28:10,574,Namsang,23.29,12.26,119.8,7.23,2384.0,879.0,8.99,597.7,normal
W-ACT,2026-09-02 04:30:35,575,Namsang,24.72,13.13,120.6,6.91,2263.0,897.0,9.01,597.4,normal
W-ACT,2026-09-02 04:32:59,576,Namsang,25.06,13.47,128.1,7.15,2366.0,885.0,9.0,598.3,normal
W-ACT,2026-09-02 04:35:19,577,Namsang,25.62,13.04,122.5,7.3,2368.0,889.0,8.99,598.4,normal
W-ACT,2026-09-02 04:37:55,578,Namsang,23.19,12.82,122.8,7.26,2381.0,883.0,9.01,597.9,normal
W-ACT,2026-09-02 04:40:33,579,Namsang,22.79,13.1,117.0,6.83,2370.0,896.0,8.99,597.7,normal
W-ACT,2026-09-02 04:43:18,580,Namsang,21.76,11.73,121.7,7.44,2361.0,902.0,9.02,597.9,normal
W-ACT,2026-09-02 04:46:20,581,Namsang,19.77,11.72,115.9,7.52,2412.0,897.0,8.98,597.6,normal
W-ACT,2026-09-02 04:49:15,582,Namsang,20.53,12.92,118.3,6.99,2406.0,894.0,9.03,598.4,normal
W-ACT,2026-09-02 04:51:54,583,Namsang,22.76,13.48,121.7,6.84,2367.0,910.0,9.01,598.6,normal
W-ACT,2026-09-02 04:54:33,584,Namsang,22.53,13.25,115.2,7.17,2439.0,911.0,9.01,598.3,normal
W-ACT,2026-09-02 04:57:47,585,Namsang,18.63,12.99,116.4,7.7,2353.0,910.0,8.98,598.6,normal
W-ACT,2026-09-02 05:00:44,586,Namsang,20.25,13.43,117.8,7.17,2428.0,912.0,9.01,598.5,normal
W-ACT,2026-09-02 05:03:32,587,Namsang,21.54,13.96,119.7,6.93,2388.0,904.0,9.0,599.1,normal
W-ACT,2026-09-02 05:06:04,588,Namsang,23.57,13.0,125.8,6.97,2401.0,906.0,8.97,599.1,normal
W-ACT,2026-09-02 05:08:53,589,Namsang,21.36,13.09,113.9,7.13,2442.0,917.0,9.01,599.2,normal
W-ACT,2026-09-02 05:11:52,590,Namsang,20.08,12.86,121.8,7.08,2390.0,906.0,8.96,599.5,normal
W-ACT,2026-09-02 05:14:25,591,Namsang,23.51,13.58,117.3,7.11,2382.0,913.0,9.01,599.7,normal
W-ACT,2026-09-02 05:16:59,592,Namsang,23.44,13.64,114.4,6.85,2329.0,895.0,8.99,600.0,normal
W-ACT,2026-09-02 05:19:31,593,Namsang,23.73,13.6,119.5,7.19,2362.0,904.0,9.0,600.3,normal
W-ACT,2026-09-02 05:22:18,594,Namsang,21.51,12.88,113.0,6.45,2398.0,896.0,8.97,600.6,normal
W-ACT,2026-09-02 05:24:56,595,Namsang,22.75,14.16,123.0,7.55,2376.0,905.0,8.99,600.7,normal
W-ACT,2026-09-02 05:27:43,596,Namsang,21.62,12.1,118.0,7.01,2392.0,886.0,9.01,601.1,normal
W-ACT,2026-09-02 05:30:38,597,Namsang,20.54,12.48,112.6,7.26,2467.0,903.0,9.0,601.0,normal
W-ACT,2026-09-02 05:33:19,598,Namsang,22.31,12.92,121.2,7.07,2409.0,902.0,9.0,600.8,normal
W-ACT,2026-09-02 05:36:01,599,Namsang,22.32,12.42,119.0,7.4,2386.0,902.0,9.0,600.7,normal
W-ACT,2026-09-02 05:38:21,600,Namsang,25.61,13.72,118.1,7.25,2340.0,904.0,9.03,601.0,normal
W-ACT,2026-09-02 05:40:43,601,Namsang,25.32,12.44,123.9,7.58,2410.0,897.0,8.97,600.2,normal
W-ACT,2026-09-02 05:43:37,602,Namsang,20.78,12.86,116.4,7.08,2445.0,905.0,9.05,600.5,normal
W-ACT,2026-09-02 05:46:55,603,Namsang,18.13,12.4,120.1,6.81,2376.0,910.0,9.01,601.3,normal
W-ACT,2026-09-02 05:49:56,604,Namsang,19.91,13.64,120.6,7.12,2468.0,903.0,8.99,601.0,normal
W-ACT,2026-09-02 05:52:42,605,Namsang,21.72,12.16,121.6,6.59,2420.0,909.0,8.98,601.5,normal
W-ACT,2026-09-02 05:55:27,606,Namsang,21.74,12.63,124.0,7.4,2400.0,882.0,8.95,600.5,normal
W-ACT,2026-09-02 05:58:30,607,Namsang,19.69,13.45,125.1,6.81,2417.0,901.0,8.99,600.0,normal
W-ACT,2026-09-02 06:01:40,608,Namsang,19.0,13.72,117.4,7.24,2407.0,896.0,8.95,600.4,normal
W-ACT,2026-09-02 06:04:22,609,Namsang,22.1,13.81,114.4,7.2,2402.0,894.0,9.04,600.3,normal
W-ACT,2026-09-02 06:06:48,610,Namsang,24.77,12.85,110.7,7.68,2464.0,905.0,9.01,601.1,normal
W-ACT,2026-09-02 06:09:26,611,Namsang,22.73,13.5,123.7,7.2,2394.0,905.0,9.03,601.1,normal
W-ACT,2026-09-02 06:12:13,612,Namsang,21.53,12.9,120.8,7.24,2417.0,899.0,9.0,601.0,normal
W-ACT,2026-09-02 06:14:53,613,Namsang,22.58,12.79,123.8,6.54,2473.0,908.0,8.96,601.3,normal
W-ACT,2026-09-02 06:17:40,614,Namsang,21.49,12.77,124.6,6.74,2397.0,901.0,9.04,601.4,normal
W-ACT,2026-09-02 06:20:25,615,Namsang,21.87,13.69,116.7,7.41,2285.0,897.0,8.98,601.6,normal
W-ACT,2026-09-02 06:23:19,616,Namsang,20.65,13.15,119.5,7.22,2439.0,905.0,9.0,601.3,normal
W-ACT,2026-09-02 06:25:59,617,Namsang,22.54,11.9,125.9,7.14,2481.0,899.0,8.99,600.8,normal
W-ACT,2026-09-02 06:28:54,618,Namsang,20.59,12.41,126.2,7.29,2392.0,898.0,9.01,600.7,normal
W-ACT,2026-09-02 06:32:09,619,Namsang,18.46,13.51,120.1,7.02,2461.0,897.0,8.99,601.1,normal
W-ACT,2026-09-02 06:34:55,620,Namsang,21.71,13.44,118.4,7.18,2325.0,894.0,8.96,600.8,normal
W-ACT,2026-09-02 06:38:12,621,Namsang,18.21,13.01,125.5,7.13,2396.0,890.0,9.01,600.4,normal
W-ACT,2026-09-02 06:41:21,622,Namsang,19.13,13.76,118.5,7.69,2379.0,895.0,9.01,600.9,normal
W-ACT,2026-09-02 06:44:04,623,Namsang,21.98,12.83,119.9,6.59,2461.0,895.0,9.02,600.9,normal
W-ACT,2026-09-02 06:46:40,624,Namsang,23.14,13.68,121.1,7.3,2359.0,898.0,8.99,600.8,normal
W-ACT,2026-09-02 06:49:11,625,Namsang,23.8,12.19,123.8,7.13,2442.0,890.0,9.02,600.6,normal
W-ACT,2026-09-02 06:51:59,626,Namsang,21.5,12.39,123.4,7.01,2460.0,909.0,9.01,601.5,normal
W-ACT,2026-09-02 06:54:40,627,Namsang,22.26,13.66,127.9,6.9,2426.0,896.0,8.99,601.4,normal
W-ACT,2026-09-02 06:57:45,628,Namsang,19.45,13.07,114.6,6.44,2476.0,913.0,9.02,601.5,normal
W-ACT,2026-09-02 07:00:21,629,Namsang,23.15,12.61,120.2,7.54,2403.0,889.0,8.96,601.1,normal
W-ACT,2026-09-02 07:02:56,630,Namsang,23.28,13.08,127.8,7.31,2411.0,895.0,9.0,600.7,normal
W-ACT,2026-09-02 07:05:22,631,Namsang,24.64,12.89,114.0,7.34,2292.0,916.0,9.04,600.6,normal
W-ACT,2026-09-02 07:08:25,632,Namsang,19.61,12.78,120.5,7.13,2424.0,904.0,9.01,600.8,normal
W-ACT,2026-09-02 07:11:11,633,Namsang,21.7,13.36,120.7,6.62,2372.0,909.0,9.02,600.5,normal
W-ACT,2026-09-02 07:14:06,634,Namsang,20.59,13.33,115.0,6.71,2445.0,901.0,8.99,601.1,normal
W-ACT,2026-09-02 07:16:46,635,Namsang,22.49,12.56,119.2,7.57,2394.0,898.0,9.0,601.4,normal
W-ACT,2026-09-02 07:19:14,636,Namsang,24.35,12.78,123.9,6.78,2467.0,891.0,9.02,601.5,normal
W-ACT,2026-09-02 07:21:56,637,Namsang,22.2,13.28,120.9,7.29,2417.0,886.0,8.98,601.1,normal
W-ACT,2026-09-02 07:24:53,638,Namsang,20.32,12.47,116.3,6.33,2431.0,904.0,9.02,601.3,normal
W-ACT,2026-09-02 07:27:18,639,Namsang,24.93,13.29,125.8,7.17,2528.0,897.0,9.0,601.2,normal
W-ACT,2026-09-02 07:29:58,640,Namsang,22.39,13.92,118.9,7.04,2437.0,902.0,8.98,601.2,normal
W-ACT,2026-09-02 07:32:36,641,Namsang,22.87,13.13,118.2,6.94,2445.0,898.0,8.99,601.2,normal
W-ACT,2026-09-02 07:35:28,642,Namsang,20.97,14.11,116.3,7.87,2368.0,887.0,9.01,600.7,normal
W-ACT,2026-09-02 07:38:09,643,Namsang,22.34,12.89,122.5,6.86,2440.0,904.0,9.03,601.2,normal
W-ACT,2026-09-02 07:41:31,644,Namsang,17.77,12.5,115.6,7.58,2468.0,895.0,9.0,601.3,normal
W-ACT,2026-09-02 07:44:08,645,Namsang,22.93,12.99,114.3,7.46,2501.0,896.0,9.02,600.2,normal
W-ACT,2026-09-02 07:46:48,646,Namsang,22.52,12.03,118.3,7.09,2475.0,898.0,9.01,600.4,normal
W-ACT,2026-09-02 07:49:48,647,Namsang,20.07,12.97,119.8,7.0,2465.0,900.0,9.01,600.2,normal
W-ACT,2026-09-02 07:52:27,648,Namsang,22.52,12.95,124.2,7.34,2476.0,902.0,9.06,600.9,normal
W-ACT,2026-09-02 07:54:57,649,Namsang,24.01,12.98,122.0,7.14,2427.0,901.0,8.97,601.0,normal
W-ACT,2026-09-02 07:57:47,650,Namsang,21.18,13.01,118.1,7.35,2411.0,910.0,8.95,600.9,normal
W-ACT,2026-09-02 08:00:27,651,Namsang,22.49,12.89,122.5,6.69,2446.0,903.0,9.0,600.3,normal
W-ACT,2026-09-02 08:03:01,652,Namsang,23.43,13.03,123.0,7.34,2422.0,894.0,9.02,600.3,normal
W-ACT,2026-09-02 08:05:25,653,Namsang,24.92,11.86,115.8,7.14,2408.0,888.0,8.97,599.9,normal
W-ACT,2026-09-02 08:08:10,654,Namsang,21.87,12.87,122.0,7.0,2461.0,899.0,8.97,600.0,normal
W-ACT,2026-09-02 08:11:07,655,Namsang,20.34,13.24,114.6,6.52,2467.0,887.0,8.98,600.3,normal
W-ACT,2026-09-02 08:13:32,656,Namsang,24.88,14.06,128.1,6.57,2417.0,897.0,9.01,600.7,normal
W-ACT,2026-09-02 08:16:10,657,Namsang,22.75,13.29,118.4,7.09,2392.0,908.0,8.98,600.6,normal
W-ACT,2026-09-02 08:18:58,658,Namsang,21.47,13.5,121.8,7.2,2419.0,897.0,9.01,600.7,normal
W-ACT,2026-09-02 08:21:55,659,Namsang,20.34,11.62,117.7,6.74,2512.0,895.0,8.98,601.1,normal
W-ACT,2026-09-02 08:25:07,660,Namsang,18.74,14.15,123.3,7.38,2409.0,918.0,9.0,601.2,normal
W-ACT,2026-09-02 08:27:37,661,Namsang,23.97,14.43,121.0,7.27,2484.0,897.0,8.99,600.6,normal
W-ACT,2026-09-02 08:29:59,662,Namsang,25.29,13.84,126.5,7.68,2448.0,901.0,9.0,600.4,normal
W-ACT,2026-09-02 08:32:32,663,Namsang,23.56,12.84,118.0,6.87,2455.0,905.0,9.02,601.0,normal
W-ACT,2026-09-02 08:35:09,664,Namsang,22.88,12.36,116.9,7.24,2394.0,913.0,8.99,600.9,normal
W-ACT,2026-09-02 08:37:43,665,Namsang,23.51,13.28,116.6,6.91,2406.0,881.0,9.01,601.0,normal
W-ACT,2026-09-02 08:40:32,666,Namsang,21.26,12.43,120.9,6.75,2414.0,901.0,9.01,601.4,normal
W-ACT,2026-09-02 08:43:52,667,Namsang,18.0,13.34,118.5,7.24,2498.0,896.0,9.01,601.9,normal
W-ACT,2026-09-02 08:46:30,668,Namsang,22.78,11.63,116.2,7.29,2414.0,913.0,9.05,602.0,normal
W-ACT,2026-09-02 08:48:56,669,Namsang,24.62,12.28,123.8,7.2,2498.0,905.0,9.0,602.1,normal
W-ACT,2026-09-02 08:51:57,670,Namsang,19.95,12.81,120.2,7.68,2408.0,897.0,8.99,601.9,normal
W-ACT,2026-09-02 08:54:32,671,Namsang,23.14,12.85,116.9,6.98,2383.0,903.0,9.01,602.0,normal
W-ACT,2026-09-02 08:57:16,672,Namsang,21.99,12.38,123.0,6.84,2519.0,898.0,8.99,602.1,normal
W-ACT,2026-09-02 08:59:40,673,Namsang,25.03,13.44,122.5,6.97,2503.0,885.0,8.97,602.3,normal
W-ACT,2026-09-02 09:02:27,674,Namsang,21.58,13.25,121.7,8.09,2526.0,879.0,9.01,602.3,normal
W-ACT,2026-09-02 09:05:10,675,Namsang,21.98,13.37,115.9,6.78,2562.0,902.0,9.02,601.5,normal
W-ACT,2026-09-02 09:07:56,676,Namsang,21.71,12.22,121.0,7.14,2561.0,907.0,9.0,601.1,normal
W-ACT,2026-09-02 09:10:57,677,Namsang,19.91,12.53,121.4,6.73,2405.0,910.0,9.03,601.6,normal
W-ACT,2026-09-02 09:13:46,678,Namsang,21.29,12.98,119.3,6.11,2460.0,892.0,9.0,600.8,normal
W-ACT,2026-09-02 09:16:10,679,Namsang,25.0,12.82,119.1,7.18,2459.0,897.0,9.02,601.0,normal
W-ACT,2026-09-02 09:18:47,680,Namsang,22.9,13.89,119.0,6.55,2469.0,888.0,8.97,600.7,normal
W-ACT,2026-09-02 09:21:28,681,Namsang,22.44,12.16,123.5,7.28,2440.0,903.0,9.02,600.2,normal
W-ACT,2026-09-02 09:23:54,682,Namsang,24.66,12.67,125.1,7.23,2497.0,902.0,9.04,599.9,normal
W-ACT,2026-09-02 09:26:35,683,Namsang,22.38,13.53,124.7,7.27,2407.0,913.0,8.96,599.3,normal
W-ACT,2026-09-02 09:29:09,684,Namsang,23.37,13.68,125.6,7.41,2438.0,895.0,9.0,599.5,normal
W-ACT,2026-09-02 09:31:45,685,Namsang,23.05,12.63,120.3,7.05,2438.0,891.0,8.96,599.2,normal
W-ACT,2026-09-02 09:34:21,686,Namsang,23.02,14.07,121.5,7.23,2410.0,881.0,8.99,599.0,normal
W-ACT,2026-09-02 09:37:07,687,Namsang,21.76,12.25,120.4,7.33,2378.0,881.0,9.01,598.6,normal
W-ACT,2026-09-02 09:39:37,688,Namsang,24.01,12.93,116.4,7.12,2398.0,909.0,9.0,598.5,normal
W-ACT,2026-09-02 09:42:32,689,Namsang,20.48,14.18,124.2,7.33,2371.0,898.0,9.02,598.6,normal
W-ACT,2026-09-02 09:45:12,690,Namsang,22.55,13.18,123.0,7.0,2416.0,892.0,9.0,599.1,normal
W-ACT,2026-09-02 09:48:12,691,Namsang,19.97,12.76,120.1,7.58,2553.0,914.0,8.99,599.2,normal
W-ACT,2026-09-02 09:50:49,692,Namsang,22.92,12.74,122.7,7.26,2406.0,882.0,9.01,600.1,normal
W-ACT,2026-09-02 09:54:08,693,Namsang,18.08,12.54,121.8,6.27,2403.0,895.0,9.01,600.3,normal
W-ACT,2026-09-02 09:57:18,694,Namsang,19.01,12.03,120.4,7.26,2488.0,894.0,9.0,600.6,normal
W-ACT,2026-09-02 10:00:13,695,Namsang,20.55,12.05,114.6,7.14,2489.0,883.0,9.01,599.7,normal
W-ACT,2026-09-02 10:02:49,696,Namsang,23.09,10.91,117.3,7.08,2473.0,898.0,9.0,599.0,normal
W-ACT,2026-09-02 10:05:28,697,Namsang,22.63,11.92,119.6,7.46,2438.0,903.0,8.98,599.4,normal
W-ACT,2026-09-02 10:08:26,698,Namsang,20.2,12.56,121.0,7.14,2412.0,894.0,9.02,599.8,normal
W-ACT,2026-09-02 10:11:04,699,Namsang,22.81,13.61,123.5,6.89,2589.0,906.0,8.99,599.8,normal
W-ACT,2026-09-02 10:13:38,700,Namsang,23.34,11.64,123.3,6.82,2428.0,916.0,8.96,599.6,normal
W-ACT,2026-09-02 10:16:32,701,Namsang,20.73,12.97,118.2,7.31,2472.0,892.0,9.0,599.5,normal
W-ACT,2026-09-02 10:19:13,702,Namsang,22.35,12.1,119.0,7.17,2381.0,907.0,9.0,599.3,normal
W-ACT,2026-09-02 10:21:52,703,Namsang,22.66,12.84,120.6,7.73,2457.0,893.0,9.01,599.9,normal
W-ACT,2026-09-02 10:25:25,704,Namsang,16.87,12.82,122.9,7.17,2512.0,896.0,8.99,600.3,normal
W-ACT,2026-09-02 10:28:07,705,Namsang,22.32,12.37,123.5,7.76,2441.0,900.0,8.97,599.7,normal
W-ACT,2026-09-02 10:30:53,706,Namsang,21.67,12.22,117.6,7.32,2404.0,910.0,9.0,599.6,normal
W-ACT,2026-09-02 10:33:17,707,Namsang,24.93,14.44,121.5,6.82,2519.0,896.0,8.97,599.4,normal
W-ACT,2026-09-02 10:36:36,708,Namsang,18.11,13.24,120.2,7.4,2594.0,910.0,9.01,600.1,normal
W-ACT,2026-09-02 10:39:14,709,Namsang,22.74,12.48,114.0,7.4,2400.0,899.0,8.99,599.8,normal
W-ACT,2026-09-02 10:41:57,710,Namsang,22.07,12.63,123.8,7.45,2530.0,892.0,9.03,600.1,normal
W-ACT,2026-09-02 10:44:46,711,Namsang,21.33,13.03,124.0,6.95,2478.0,890.0,9.03,600.2,normal
W-ACT,2026-09-02 10:47:10,712,Namsang,24.97,13.86,126.6,6.91,2474.0,887.0,9.0,600.0,normal
W-ACT,2026-09-02 10:49:55,713,Namsang,21.87,11.68,121.2,7.06,2455.0,899.0,9.0,600.4,normal
W-ACT,2026-09-02 10:52:48,714,Namsang,20.81,12.86,113.0,7.46,2415.0,911.0,8.96,600.6,normal
W-ACT,2026-09-02 10:55:19,715,Namsang,23.75,13.07,119.7,6.94,2524.0,898.0,9.0,600.4,normal
W-ACT,2026-09-02 10:57:58,716,Namsang,22.65,13.35,121.0,7.2,2528.0,895.0,9.03,600.1,normal
W-ACT,2026-09-02 11:00:45,717,Namsang,21.64,12.76,122.9,6.93,2445.0,909.0,9.01,600.2,normal
W-ACT,2026-09-02 11:03:27,718,Namsang,22.13,13.69,121.6,7.3,2519.0,906.0,8.99,599.7,normal
W-ACT,2026-09-02 11:05:58,719,Namsang,23.88,12.63,121.9,7.2,2536.0,891.0,8.99,600.3,normal
W-ACT,2026-09-02 11:08:42,720,Namsang,21.96,13.65,119.4,7.24,2430.0,885.0,8.97,599.8,normal
W-ACT,2026-09-02 11:11:19,721,Namsang,22.95,12.08,123.0,7.69,2516.0,906.0,9.0,600.3,normal
W-ACT,2026-09-02 11:14:34,722,Namsang,18.44,13.07,120.6,7.31,2522.0,890.0,9.0,600.1,normal
W-ACT,2026-09-02 11:17:39,723,Namsang,19.5,12.73,117.3,7.02,2443.0,913.0,8.97,600.5,normal
W-ACT,2026-09-02 11:20:28,724,Namsang,21.26,13.38,123.5,7.9,2484.0,897.0,9.03,601.1,normal
W-ACT,2026-09-02 11:23:39,725,Namsang,18.81,13.42,125.7,7.02,2502.0,884.0,9.0,601.5,normal
W-ACT,2026-09-02 11:26:37,726,Namsang,20.23,11.61,118.3,6.99,2557.0,901.0,9.0,601.4,normal
W-ACT,2026-09-02 11:28:56,727,Namsang,26.06,12.22,114.1,7.15,2585.0,898.0,8.98,601.3,normal
W-ACT,2026-09-02 11:31:18,728,Namsang,25.36,14.05,119.3,7.71,2514.0,909.0,9.02,601.1,normal
W-ACT,2026-09-02 11:33:52,729,Namsang,23.24,12.98,119.7,6.59,2497.0,888.0,8.96,601.3,normal
W-ACT,2026-09-02 11:36:53,730,Namsang,19.96,13.3,114.8,6.9,2515.0,901.0,9.0,601.3,normal
W-ACT,2026-09-02 11:39:42,731,Namsang,21.24,13.95,121.7,6.83,2494.0,905.0,9.03,601.5,normal
W-ACT,2026-09-02 11:42:43,732,Namsang,19.88,12.54,125.6,6.69,2485.0,896.0,9.02,601.5,normal
W-ACT,2026-09-02 11:45:18,733,Namsang,23.25,13.31,112.9,7.69,2417.0,891.0,8.99,601.5,normal
W-ACT,2026-09-02 11:48:01,734,Namsang,22.06,12.31,122.4,7.18,2488.0,900.0,9.0,601.0,normal
W-ACT,2026-09-02 11:50:27,735,Namsang,24.69,12.74,119.7,6.63,2483.0,900.0,9.02,600.6,normal
W-ACT,2026-09-02 11:53:36,736,Namsang,19.08,12.83,117.0,7.35,2530.0,905.0,9.04,600.4,normal
W-ACT,2026-09-02 11:56:42,737,Namsang,19.31,13.51,117.1,7.52,2586.0,918.0,8.98,600.6,normal
W-ACT,2026-09-02 11:59:36,738,Namsang,20.69,13.87,120.7,6.95,2490.0,898.0,9.0,599.9,normal
W-ACT,2026-09-02 12:02:01,739,Namsang,24.84,12.72,121.4,7.25,2493.0,897.0,8.95,599.6,normal
W-ACT,2026-09-02 12:04:50,740,Namsang,21.3,13.23,120.7,7.14,2385.0,903.0,9.02,599.5,normal
W-ACT,2026-09-02 12:07:35,741,Namsang,21.86,13.61,119.6,6.96,2555.0,914.0,9.0,598.8,normal
W-ACT,2026-09-02 12:09:55,742,Namsang,25.73,12.35,119.3,7.19,2518.0,902.0,9.01,599.1,normal
W-ACT,2026-09-02 12:12:25,743,Namsang,23.94,12.76,120.0,7.32,2533.0,908.0,9.0,599.4,normal
W-ACT,2026-09-02 12:15:10,744,Namsang,21.82,13.37,116.0,7.08,2547.0,908.0,8.99,598.9,normal
W-ACT,2026-09-02 12:18:09,745,Namsang,20.19,12.77,112.7,7.57,2434.0,901.0,8.99,599.5,normal
W-ACT,2026-09-02 12:20:36,746,Namsang,24.35,13.21,114.9,7.21,2468.0,896.0,9.0,599.6,normal
W-ACT,2026-09-02 12:23:11,747,Namsang,23.22,12.99,120.8,7.02,2475.0,888.0,8.98,599.7,normal
W-ACT,2026-09-02 12:25:55,748,Namsang,21.96,12.1,123.4,7.26,2476.0,895.0,9.03,600.1,normal
W-ACT,2026-09-02 12:28:40,749,Namsang,21.84,12.06,118.0,7.14,2465.0,896.0,9.0,599.7,normal
W-ACT,2026-09-02 12:31:08,750,Namsang,24.42,12.12,117.0,6.73,2554.0,896.0,8.98,600.2,normal
W-ACT,2026-09-02 12:34:01,751,Namsang,20.81,13.02,124.6,7.27,2559.0,890.0,9.03,600.7,normal
W-ACT,2026-09-02 12:36:46,752,Namsang,21.77,13.3,121.5,6.84,2539.0,911.0,9.01,601.1,normal
W-ACT,2026-09-02 12:39:24,753,Namsang,22.83,12.71,124.1,7.54,2549.0,922.0,9.0,601.2,normal
W-ACT,2026-09-02 12:41:52,754,Namsang,24.25,13.05,122.1,7.65,2514.0,900.0,8.98,600.8,normal
W-ACT,2026-09-02 12:45:04,755,Namsang,18.77,12.59,118.8,7.08,2594.0,899.0,8.99,601.6,normal
W-ACT,2026-09-02 12:47:33,756,Namsang,24.11,13.2,119.8,7.66,2484.0,925.0,8.95,601.0,normal
W-ACT,2026-09-02 12:50:06,757,Namsang,23.52,13.17,120.9,7.23,2580.0,905.0,9.01,600.6,normal
W-ACT,2026-09-02 12:52:40,758,Namsang,23.43,13.0,116.9,6.98,2509.0,909.0,8.99,601.1,normal
W-ACT,2026-09-02 12:55:32,759,Namsang,20.9,11.66,121.7,6.9,2553.0,896.0,9.02,601.9,normal
W-ACT,2026-09-02 12:58:23,760,Namsang,21.09,12.39,125.0,7.04,2482.0,895.0,9.02,601.3,normal
W-ACT,2026-09-02 13:01:18,761,Namsang,20.57,14.2,117.1,7.17,2462.0,906.0,8.99,602.1,normal
W-ACT,2026-09-02 13:03:57,762,Namsang,22.6,13.21,118.9,6.78,2544.0,892.0,9.04,601.7,normal
W-ACT,2026-09-02 13:07:05,763,Namsang,19.18,13.76,113.7,7.45,2546.0,896.0,9.0,601.1,normal
W-ACT,2026-09-02 13:09:45,764,Namsang,22.47,14.14,115.1,7.11,2607.0,905.0,9.01,601.5,normal
W-ACT,2026-09-02 13:12:59,765,Namsang,18.53,12.87,114.5,7.19,2552.0,908.0,9.01,601.5,normal
W-ACT,2026-09-02 13:15:44,766,Namsang,21.86,14.05,122.7,7.47,2565.0,906.0,9.0,601.8,normal
W-ACT,2026-09-02 13:18:30,767,Namsang,21.68,13.32,119.5,6.99,2506.0,899.0,8.98,602.0,normal
W-ACT,2026-09-02 13:21:03,768,Namsang,23.61,13.88,118.2,7.36,2522.0,913.0,8.98,602.0,normal
W-ACT,2026-09-02 13:23:47,769,Namsang,21.84,12.87,123.8,7.63,2608.0,885.0,8.99,602.2,normal
W-ACT,2026-09-02 13:26:33,770,Namsang,21.71,13.63,114.7,7.21,2567.0,900.0,8.99,602.2,normal
W-ACT,2026-09-02 13:29:16,771,Namsang,22.13,12.86,126.6,7.15,2530.0,888.0,8.98,602.1,normal
W-ACT,2026-09-02 13:31:49,772,Namsang,23.51,13.35,122.3,7.17,2521.0,892.0,9.02,603.2,normal
W-ACT,2026-09-02 13:34:31,773,Namsang,22.17,14.19,121.9,7.63,2492.0,883.0,9.0,603.8,normal
W-ACT,2026-09-02 13:37:18,774,Namsang,21.56,13.02,118.2,7.02,2574.0,873.0,9.02,604.2,normal
W-ACT,2026-09-02 13:39:54,775,Namsang,23.08,14.21,124.1,7.34,2572.0,900.0,9.0,604.0,normal
W-ACT,2026-09-02 13:42:26,776,Namsang,23.75,13.2,116.8,7.04,2527.0,908.0,9.01,604.0,normal
W-ACT,2026-09-02 13:45:17,777,Namsang,21.08,12.44,121.4,7.2,2548.0,896.0,9.02,603.8,normal
W-ACT,2026-09-02 13:48:05,778,Namsang,21.41,12.72,125.2,7.7,2559.0,902.0,9.0,603.7,normal
W-ACT,2026-09-02 13:50:33,779,Namsang,24.29,12.56,119.6,7.74,2546.0,900.0,9.01,602.4,normal
W-ACT,2026-09-02 13:53:15,780,Namsang,22.28,12.11,121.2,7.03,2529.0,891.0,9.02,602.1,normal
W-ACT,2026-09-02 13:56:01,781,Namsang,21.66,13.16,119.9,7.23,2539.0,900.0,9.02,601.4,normal
W-ACT,2026-09-02 13:58:37,782,Namsang,23.11,13.51,123.2,7.39,2534.0,883.0,9.0,601.5,normal
W-ACT,2026-09-02 14:01:30,783,Namsang,20.75,13.54,116.6,6.58,2560.0,892.0,9.04,601.1,normal
W-ACT,2026-09-02 14:04:06,784,Namsang,23.14,12.68,120.7,7.57,2553.0,902.0,9.01,601.0,normal
W-ACT,2026-09-02 14:07:12,785,Namsang,19.32,12.86,121.1,7.22,2598.0,885.0,8.99,601.1,normal
W-ACT,2026-09-02 14:09:48,786,Namsang,23.15,13.18,119.9,7.42,2509.0,920.0,8.99,601.2,normal
W-ACT,2026-09-02 14:12:10,787,Namsang,25.22,13.21,129.2,7.64,2444.0,892.0,9.04,601.4,normal
W-ACT,2026-09-02 14:14:52,788,Namsang,22.3,12.56,116.3,6.89,2499.0,918.0,9.02,601.0,normal
W-ACT,2026-09-02 14:17:19,789,Namsang,24.53,13.67,121.9,7.66,2620.0,919.0,9.0,601.2,normal
W-ACT,2026-09-02 14:19:42,790,Namsang,25.08,13.54,123.5,6.43,2548.0,907.0,9.03,601.5,normal
W-ACT,2026-09-02 14:22:46,791,Namsang,19.57,11.94,118.6,7.53,2483.0,909.0,8.99,600.6,normal
W-ACT,2026-09-02 14:25:31,792,Namsang,21.77,13.67,121.1,7.01,2587.0,895.0,9.0,601.0,normal
W-ACT,2026-09-02 14:28:05,793,Namsang,23.41,12.67,110.9,7.39,2547.0,894.0,8.99,600.5,normal
W-ACT,2026-09-02 14:31:05,794,Namsang,20.05,12.74,126.8,7.61,2639.0,900.0,9.0,600.8,normal
W-ACT,2026-09-02 14:33:46,795,Namsang,22.36,13.89,119.8,7.22,2537.0,906.0,9.04,600.9,normal
W-ACT,2026-09-02 14:36:43,796,Namsang,20.26,13.09,120.4,7.15,2552.0,898.0,9.02,600.9,normal
W-ACT,2026-09-02 14:39:31,797,Namsang,21.43,13.32,118.9,7.55,2538.0,905.0,8.95,601.2,normal
W-ACT,2026-09-02 14:42:46,798,Namsang,18.47,12.13,117.6,6.9,2618.0,906.0,8.98,600.6,normal
W-ACT,2026-09-02 14:45:50,799,Namsang,19.62,13.12,118.7,7.1,2503.0,892.0,9.01,600.5,normal
W-ACT,2026-09-02 14:48:20,800,Namsang,23.97,13.73,119.8,7.36,1778.0,755.0,9.62,600.0,normal
W-ACT,2026-09-02 14:51:02,801,Namsang,22.27,13.13,123.9,7.35,1834.0,759.0,9.61,600.6,normal
W-ACT,2026-09-02 14:54:12,802,Namsang,18.94,13.68,121.0,6.85,1860.0,754.0,9.63,601.3,normal
W-ACT,2026-09-02 14:56:41,803,Namsang,24.11,13.4,122.2,7.05,1848.0,739.0,9.62,601.9,normal
W-ACT,2026-09-02 14:59:24,804,Namsang,22.06,13.09,120.7,6.94,1788.0,756.0,9.61,601.9,normal
W-ACT,2026-09-02 15:02:18,805,Namsang,20.73,12.85,123.5,7.4,1828.0,755.0,9.59,601.5,normal
W-ACT,2026-09-02 15:05:14,806,Namsang,20.4,13.01,121.9,6.78,1833.0,751.0,9.56,600.9,normal
W-ACT,2026-09-02 15:07:58,807,Namsang,21.98,12.81,119.6,7.67,1943.0,751.0,9.63,601.2,normal
W-ACT,2026-09-02 15:10:43,808,Namsang,21.89,13.21,120.8,7.16,1821.0,743.0,9.57,600.5,normal
W-ACT,2026-09-02 15:13:34,809,Namsang,21.05,12.77,121.0,7.22,1820.0,748.0,9.55,600.5,normal
W-ACT,2026-09-02 15:16:16,810,Namsang,22.22,12.7,120.4,7.32,1883.0,751.0,9.59,600.6,normal
W-ACT,2026-09-02 15:19:07,811,Namsang,21.0,11.97,118.2,7.33,1860.0,748.0,9.6,600.2,normal
W-ACT,2026-09-02 15:21:45,812,Namsang,22.82,13.6,122.1,7.43,1828.0,750.0,9.61,600.8,normal
W-ACT,2026-09-02 15:24:08,813,Namsang,25.15,12.67,122.0,7.42,1834.0,751.0,9.63,600.6,normal
W-ACT,2026-09-02 15:27:12,814,Namsang,19.57,13.44,121.4,6.74,1920.0,755.0,9.6,601.1,normal
W-ACT,2026-09-02 15:29:53,815,Namsang,22.39,12.45,126.1,7.13,1819.0,744.0,9.65,601.7,normal
W-ACT,2026-09-02 15:32:35,816,Namsang,22.15,14.05,124.0,7.22,1865.0,749.0,9.59,601.1,normal
W-ACT,2026-09-02 15:35:07,817,Namsang,23.72,13.05,119.0,7.04,1827.0,753.0,9.62,601.1,normal
W-ACT,2026-09-02 15:37:26,818,Namsang,25.83,13.19,121.2,7.64,1828.0,744.0,9.58,601.6,normal
W-ACT,2026-09-02 15:39:59,819,Namsang,23.6,12.5,121.7,7.08,1833.0,751.0,9.58,601.2,normal
W-ACT,2026-09-02 15:42:26,820,Namsang,24.44,13.93,119.6,6.99,1779.0,750.0,9.55,601.5,normal
W-ACT,2026-09-02 15:45:01,821,Namsang,23.27,11.95,119.0,6.96,1870.0,750.0,9.6,601.5,normal
W-ACT,2026-09-02 15:47:42,822,Namsang,22.28,12.86,120.3,7.51,1862.0,754.0,9.63,601.5,normal
W-ACT,2026-09-02 15:50:32,823,Namsang,21.29,12.12,124.0,6.75,1924.0,739.0,9.62,600.9,normal
W-ACT,2026-09-02 15:53:20,824,Namsang,21.41,13.82,119.1,7.36,1822.0,740.0,9.61,600.6,normal
W-ACT,2026-09-02 15:56:10,825,Namsang,21.2,13.37,119.0,7.2,1789.0,755.0,9.6,600.6,normal
W-ACT,2026-09-02 15:58:45,826,Namsang,23.1,12.65,124.4,7.61,1886.0,758.0,9.64,601.2,normal
W-ACT,2026-09-02 16:01:30,827,Namsang,21.81,11.88,120.9,7.07,1879.0,758.0,9.61,601.3,normal
W-ACT,2026-09-02 16:04:08,828,Namsang,22.87,12.67,118.2,6.99,1821.0,748.0,9.56,600.6,normal
W-ACT,2026-09-02 16:06:30,829,Namsang,25.41,12.1,117.8,7.68,1885.0,757.0,9.64,600.7,normal
W-ACT,2026-09-02 16:09:21,830,Namsang,20.97,12.41,123.5,7.12,1877.0,761.0,9.59,600.4,normal
W-ACT,2026-09-02 16:12:13,831,Namsang,21.0,13.7,122.0,7.07,1859.0,749.0,9.62,600.2,normal
W-ACT,2026-09-02 16:14:51,832,Namsang,22.71,13.6,120.8,8.21,1842.0,748.0,9.59,599.9,normal
W-ACT,2026-09-02 16:18:10,833,Namsang,18.12,13.19,118.2,7.56,1886.0,742.0,9.59,599.9,normal
W-ACT,2026-09-02 16:20:46,834,Namsang,23.0,12.52,120.5,7.32,1887.0,745.0,9.59,599.8,normal
W-ACT,2026-09-02 16:23:44,835,Namsang,20.22,13.5,118.0,7.22,1823.0,748.0,9.61,599.6,normal
W-ACT,2026-09-02 16:26:38,836,Namsang,20.78,12.98,120.6,7.5,1887.0,766.0,9.6,598.9,normal
W-ACT,2026-09-02 16:29:18,837,Namsang,22.49,13.3,121.7,6.87,1776.0,740.0,9.63,598.8,normal
W-ACT,2026-09-02 16:32:15,838,Namsang,20.33,13.92,115.1,7.25,1888.0,743.0,9.6,598.7,normal
W-ACT,2026-09-02 16:35:05,839,Namsang,21.18,14.24,123.3,7.96,1854.0,744.0,9.58,598.2,normal
W-ACT,2026-09-02 16:37:38,840,Namsang,23.43,14.13,119.8,6.83,1947.0,749.0,9.59,598.1,normal
W-ACT,2026-09-02 16:39:55,841,Namsang,26.34,13.42,108.0,6.62,1846.0,756.0,9.6,599.0,normal
W-ACT,2026-09-02 16:42:46,842,Namsang,21.09,13.16,118.2,7.79,1841.0,761.0,9.58,598.9,normal
W-ACT,2026-09-02 16:45:30,843,Namsang,21.92,13.89,123.3,6.97,1834.0,744.0,9.62,599.2,normal
W-ACT,2026-09-02 16:48:38,844,Namsang,19.18,12.21,120.9,7.48,1911.0,752.0,9.57,599.4,normal
W-ACT,2026-09-02 16:51:07,845,Namsang,24.15,13.21,126.3,7.27,1841.0,750.0,9.59,599.3,normal
W-ACT,2026-09-02 16:53:55,846,Namsang,21.36,13.06,125.1,7.37,1891.0,755.0,9.58,599.7,normal
W-ACT,2026-09-02 16:56:43,847,Namsang,21.47,13.05,120.3,7.93,1859.0,749.0,9.61,599.4,normal
W-ACT,2026-09-02 16:59:29,848,Namsang,21.67,13.92,121.5,7.14,1890.0,746.0,9.58,599.4,normal
W-ACT,2026-09-02 17:02:04,849,Namsang,23.31,13.43,121.1,7.43,1837.0,759.0,9.6,599.6,normal
W-ACT,2026-09-02 17:04:28,850,Namsang,25.0,13.08,121.5,7.42,1870.0,741.0,9.6,599.9,normal
W-ACT,2026-09-02 17:07:18,851,Namsang,21.14,13.51,118.4,7.43,1869.0,753.0,9.6,600.3,normal
W-ACT,2026-09-02 17:10:16,852,Namsang,20.16,13.24,119.1,7.5,1849.0,747.0,9.6,600.6,normal
W-ACT,2026-09-02 17:12:53,853,Namsang,22.92,12.98,120.1,7.58,1852.0,739.0,9.6,600.3,normal
W-ACT,2026-09-02 17:15:55,854,Namsang,19.82,12.03,123.7,7.5,1900.0,748.0,9.6,600.5,normal
W-ACT,2026-09-02 17:18:46,855,Namsang,21.12,12.77,129.1,7.52,1931.0,759.0,9.62,601.1,normal
W-ACT,2026-09-02 17:21:38,856,Namsang,20.87,13.74,117.0,7.5,1874.0,756.0,9.63,600.9,normal
W-ACT,2026-09-02 17:24:26,857,Namsang,21.4,12.57,116.1,7.85,1863.0,749.0,9.62,600.7,normal
W-ACT,2026-09-02 17:27:07,858,Namsang,22.36,12.4,116.2,7.74,1873.0,775.0,9.61,600.7,normal
W-ACT,2026-09-02 17:29:38,859,Namsang,23.86,13.33,120.0,7.16,1871.0,759.0,9.61,600.5,normal
W-ACT,2026-09-02 17:32:27,860,Namsang,21.3,13.94,117.9,7.38,1833.0,741.0,9.6,600.9,normal
W-ACT,2026-09-02 17:35:16,861,Namsang,21.32,13.57,121.0,6.91,1886.0,738.0,9.57,600.7,normal
W-ACT,2026-09-02 17:38:16,862,Namsang,19.95,13.15,125.0,7.25,1846.0,770.0,9.61,600.3,normal
W-ACT,2026-09-02 17:40:33,863,Namsang,26.35,13.18,121.3,6.49,1805.0,744.0,9.6,600.5,normal
W-ACT,2026-09-02 17:43:09,864,Namsang,23.16,12.84,123.7,7.1,1785.0,752.0,9.64,601.0,normal
W-ACT,2026-09-02 17:45:51,865,Namsang,22.2,12.87,117.3,7.77,1914.0,749.0,9.63,600.9,normal
W-ACT,2026-09-02 17:48:48,866,Namsang,20.35,13.12,122.3,7.82,1917.0,742.0,9.58,600.9,normal
W-ACT,2026-09-02 17:51:05,867,Namsang,26.23,12.52,113.8,7.34,1803.0,759.0,9.6,600.9,normal
W-ACT,2026-09-02 17:53:54,868,Namsang,21.34,13.46,127.9,7.16,1937.0,744.0,9.63,601.5,normal
W-ACT,2026-09-02 17:56:45,869,Namsang,20.94,13.63,120.2,7.52,1851.0,749.0,9.62,601.2,normal
W-ACT,2026-09-02 17:59:17,870,Namsang,23.72,12.96,127.2,7.08,1862.0,747.0,9.64,600.8,normal
W-ACT,2026-09-02 18:02:33,871,Namsang,18.37,12.37,116.4,7.37,1870.0,760.0,9.61,600.3,normal
W-ACT,2026-09-02 18:05:11,872,Namsang,22.79,12.38,117.1,7.76,1898.0,759.0,9.61,601.0,normal
W-ACT,2026-09-02 18:07:55,873,Namsang,21.97,12.28,118.7,6.99,1936.0,760.0,9.57,601.3,normal
W-ACT,2026-09-02 18:10:48,874,Namsang,20.82,12.95,118.8,7.64,1871.0,766.0,9.6,601.9,normal
W-ACT,2026-09-02 18:13:29,875,Namsang,22.32,13.63,117.0,7.11,1860.0,754.0,9.59,602.2,normal
W-ACT,2026-09-02 18:16:08,876,Namsang,22.72,13.27,124.7,7.49,1866.0,743.0,9.59,602.0,normal
W-ACT,2026-09-02 18:18:54,877,Namsang,21.63,14.27,123.1,7.72,1864.0,747.0,9.61,602.2,normal
W-ACT,2026-09-02 18:21:25,878,Namsang,23.9,13.91,115.8,7.56,1935.0,749.0,9.64,603.3,normal
W-ACT,2026-09-02 18:24:03,879,Namsang,22.69,13.61,121.3,7.34,1896.0,751.0,9.6,602.4,normal
W-ACT,2026-09-02 18:26:49,880,Namsang,21.78,12.96,114.1,7.67,1902.0,746.0,9.62,602.6,normal
W-ACT,2026-09-02 18:29:20,881,Namsang,23.72,11.76,118.8,7.64,1915.0,765.0,9.61,603.0,normal
W-ACT,2026-09-02 18:32:02,882,Namsang,22.25,13.58,121.3,7.3,1847.0,763.0,9.6,602.8,normal
W-ACT,2026-09-02 18:34:35,883,Namsang,23.54,11.93,115.8,7.79,1872.0,753.0,9.59,602.6,normal
W-ACT,2026-09-02 18:37:06,884,Namsang,23.89,13.3,120.8,7.31,1903.0,749.0,9.62,602.5,normal
W-ACT,2026-09-02 18:40:12,885,Namsang,19.3,13.78,120.3,7.99,1954.0,756.0,9.65,601.9,normal
W-ACT,2026-09-02 18:43:08,886,Namsang,20.54,14.69,120.0,6.96,1870.0,746.0,9.6,602.1,normal
W-ACT,2026-09-02 18:46:01,887,Namsang,20.79,13.15,120.3,7.53,1932.0,760.0,9.57,601.8,normal
W-ACT,2026-09-02 18:48:57,888,Namsang,20.49,13.23,117.3,7.72,1891.0,726.0,9.64,602.4,normal
W-ACT,2026-09-02 18:51:31,889,Namsang,23.36,12.22,114.6,7.63,1940.0,763.0,9.58,602.9,normal
W-ACT,2026-09-02 18:54:19,890,Namsang,21.36,13.71,120.1,7.26,1852.0,751.0,9.6,603.2,normal
W-ACT,2026-09-02 18:57:16,891,Namsang,20.4,12.54,117.8,7.92,1866.0,749.0,9.6,602.8,normal
W-ACT,2026-09-02 18:59:40,892,Namsang,25.03,12.7,116.1,7.31,1921.0,736.0,9.56,602.9,normal
W-ACT,2026-09-02 19:02:21,893,Namsang,22.36,14.38,114.9,7.96,1872.0,747.0,9.59,602.9,normal
W-ACT,2026-09-02 19:05:12,894,Namsang,20.94,11.99,119.4,6.92,1936.0,753.0,9.61,601.7,normal
W-ACT,2026-09-02 19:07:56,895,Namsang,21.99,13.18,121.6,7.57,1863.0,739.0,9.6,601.4,normal
W-ACT,2026-09-02 19:11:02,896,Namsang,19.37,12.41,117.3,7.22,1975.0,735.0,9.63,601.6,normal
W-ACT,2026-09-02 19:13:37,897,Namsang,23.23,12.81,119.3,7.19,1875.0,746.0,9.64,601.4,normal
W-ACT,2026-09-02 19:16:04,898,Namsang,24.5,11.71,118.9,7.31,1939.0,756.0,9.6,600.9,normal
W-ACT,2026-09-02 19:20:19,899,Girujan,14.11,19.06,93.1,9.98,1894.0,760.0,9.6,600.9,normal
W-ACT,2026-09-02 19:25:01,900,Girujan,12.78,17.54,95.9,9.09,1823.0,753.0,9.61,600.0,normal
W-ACT,2026-09-02 19:29:06,901,Girujan,14.66,18.38,96.7,9.97,1813.0,750.0,9.61,600.3,normal
W-ACT,2026-09-02 19:34:03,902,Girujan,12.14,17.38,102.0,10.2,1922.0,750.0,9.6,600.3,normal
W-ACT,2026-09-02 19:38:34,903,Girujan,13.29,17.85,98.2,9.59,1941.0,772.0,9.57,601.0,normal
W-ACT,2026-09-02 19:43:20,904,Girujan,12.56,16.46,97.2,9.31,1887.0,753.0,9.59,601.7,normal
W-ACT,2026-09-02 19:48:07,905,Girujan,12.58,17.04,96.6,9.75,1857.0,750.0,9.59,601.5,normal
W-ACT,2026-09-02 19:52:21,906,Girujan,14.17,17.42,104.7,9.46,1887.0,742.0,9.61,602.1,normal
W-ACT,2026-09-02 19:56:49,907,Girujan,13.41,17.07,100.6,8.78,1920.0,742.0,9.6,602.0,normal
W-ACT,2026-09-02 20:01:30,908,Girujan,12.82,18.12,102.7,9.34,1945.0,744.0,9.63,602.4,normal
W-ACT,2026-09-02 20:06:32,909,Girujan,11.92,17.86,98.6,8.8,1907.0,752.0,9.6,602.7,normal
W-ACT,2026-09-02 20:11:13,910,Girujan,12.8,16.47,94.8,10.2,1861.0,742.0,9.61,602.9,normal
W-ACT,2026-09-02 20:15:52,911,Girujan,12.9,19.69,103.1,9.85,1903.0,750.0,9.61,602.6,normal
W-ACT,2026-09-02 20:20:29,912,Girujan,13.0,16.26,103.7,9.93,1913.0,754.0,9.58,602.6,normal
W-ACT,2026-09-02 20:25:18,913,Girujan,12.44,18.63,102.6,10.51,1902.0,754.0,9.57,602.5,normal
W-ACT,2026-09-02 20:29:55,914,Girujan,13.02,17.17,95.2,10.41,1945.0,750.0,9.64,602.2,normal
W-ACT,2026-09-02 20:34:44,915,Girujan,12.46,17.96,99.9,10.3,1926.0,741.0,9.58,601.7,normal
W-ACT,2026-09-02 20:39:55,916,Girujan,11.58,19.9,101.8,10.21,1855.0,748.0,9.6,601.9,normal
W-ACT,2026-09-02 20:44:29,917,Girujan,13.15,18.1,102.0,9.96,1911.0,750.0,9.62,601.6,normal
W-ACT,2026-09-02 20:48:56,918,Girujan,13.47,18.87,102.4,9.85,1928.0,748.0,9.61,601.7,normal
W-ACT,2026-09-02 20:53:14,919,Girujan,13.95,19.57,100.2,9.6,1920.0,753.0,9.6,600.8,normal
W-ACT,2026-09-02 20:57:15,920,Girujan,14.9,19.08,101.0,9.56,1954.0,761.0,9.6,600.7,normal
W-ACT,2026-09-02 21:01:04,921,Girujan,15.76,17.25,103.1,10.71,1880.0,743.0,9.62,600.9,normal
W-ACT,2026-09-02 21:05:30,922,Girujan,13.52,17.24,99.6,9.26,1953.0,748.0,9.59,600.9,normal
W-ACT,2026-09-02 21:10:04,923,Girujan,13.14,18.93,101.9,10.17,1842.0,744.0,9.59,601.2,normal
W-ACT,2026-09-02 21:14:36,924,Girujan,13.25,18.87,97.5,10.12,1929.0,738.0,9.6,601.3,normal
W-ACT,2026-09-02 21:19:30,925,Girujan,12.25,17.88,97.2,9.57,1897.0,748.0,9.59,601.8,normal
W-ACT,2026-09-02 21:24:16,926,Girujan,12.58,17.94,101.6,9.09,1895.0,760.0,9.59,601.8,normal
W-ACT,2026-09-02 21:29:19,927,Girujan,11.86,17.88,99.1,10.09,1948.0,739.0,9.59,601.8,normal
W-ACT,2026-09-02 21:34:17,928,Girujan,12.1,17.95,96.9,9.66,1896.0,761.0,9.62,601.8,normal
W-ACT,2026-09-02 21:38:55,929,Girujan,12.96,19.27,96.8,10.34,1936.0,746.0,9.6,601.1,normal
W-ACT,2026-09-02 21:43:50,930,Girujan,12.18,17.87,99.6,9.74,1892.0,752.0,9.59,601.4,normal
W-ACT,2026-09-02 21:48:09,931,Girujan,13.89,19.28,99.0,9.99,1943.0,749.0,9.62,601.1,normal
W-ACT,2026-09-02 21:52:26,932,Girujan,14.06,19.46,98.8,9.98,1963.0,752.0,9.6,600.8,normal
W-ACT,2026-09-02 21:56:58,933,Girujan,13.21,18.41,102.5,10.2,1915.0,751.0,9.59,601.3,normal
W-ACT,2026-09-02 22:01:15,934,Girujan,14.02,18.83,97.7,9.69,1805.0,755.0,9.59,601.1,normal
W-ACT,2026-09-02 22:06:30,935,Girujan,11.42,18.51,95.6,9.34,1893.0,744.0,9.6,600.7,normal
W-ACT,2026-09-02 22:11:21,936,Girujan,12.36,16.39,98.6,9.89,1853.0,744.0,9.58,600.8,normal
W-ACT,2026-09-02 22:15:24,937,Girujan,14.85,16.9,97.7,10.07,1821.0,757.0,9.59,601.6,normal
W-ACT,2026-09-02 22:20:20,938,Girujan,12.17,18.23,103.4,9.97,1856.0,762.0,9.59,601.6,normal
W-ACT,2026-09-02 22:25:31,939,Girujan,11.56,17.14,97.5,10.66,1916.0,758.0,9.62,601.0,normal
W-ACT,2026-09-02 22:30:06,940,Girujan,13.08,19.5,100.5,10.66,1884.0,748.0,9.58,601.7,normal
W-ACT,2026-09-02 22:34:03,941,Girujan,15.22,18.94,101.2,9.61,1950.0,750.0,9.58,601.5,normal
W-ACT,2026-09-02 22:38:55,942,Girujan,12.32,18.17,102.1,9.64,1894.0,753.0,9.59,601.5,normal
W-ACT,2026-09-02 22:43:53,943,Girujan,12.06,18.77,102.9,9.51,1895.0,751.0,9.57,601.5,normal
W-ACT,2026-09-02 22:48:24,944,Girujan,13.31,18.08,101.8,9.33,1920.0,740.0,9.61,601.3,normal
W-ACT,2026-09-02 22:52:49,945,Girujan,13.58,16.85,101.8,9.63,1891.0,742.0,9.6,601.6,normal
W-ACT,2026-09-02 22:57:16,946,Girujan,13.48,18.48,96.2,9.48,1936.0,747.0,9.55,601.5,normal
W-ACT,2026-09-02 23:01:44,947,Girujan,13.46,18.64,102.4,9.97,1946.0,746.0,9.62,601.8,normal
W-ACT,2026-09-02 23:06:07,948,Girujan,13.66,18.29,98.6,9.59,1928.0,748.0,9.61,601.7,normal
W-ACT,2026-09-02 23:11:09,949,Girujan,11.92,17.27,95.0,10.28,1894.0,738.0,9.61,601.8,normal
W-ACT,2026-09-02 23:16:13,950,Girujan,11.83,18.87,107.6,9.82,1971.0,739.0,9.58,601.3,normal
W-ACT,2026-09-02 23:20:49,951,Girujan,13.07,17.24,99.0,8.88,1925.0,758.0,9.58,601.8,normal
W-ACT,2026-09-02 23:25:21,952,Girujan,13.25,16.67,96.0,10.46,1973.0,741.0,9.59,602.2,normal
W-ACT,2026-09-02 23:29:21,953,Girujan,14.95,18.06,98.9,10.73,2014.0,760.0,9.57,603.1,normal
W-ACT,2026-09-02 23:33:38,954,Girujan,14.05,18.09,101.8,10.23,1892.0,752.0,9.62,602.6,normal
W-ACT,2026-09-02 23:38:43,955,Girujan,11.77,18.18,103.6,11.06,1914.0,752.0,9.6,601.6,normal
W-ACT,2026-09-02 23:43:05,956,Girujan,13.77,17.81,101.6,10.33,1948.0,753.0,9.61,602.0,normal
W-ACT,2026-09-02 23:47:42,957,Girujan,12.97,16.49,96.5,10.02,1917.0,743.0,9.59,602.0,normal
W-ACT,2026-09-02 23:52:19,958,Girujan,13.0,19.14,96.7,10.04,1944.0,738.0,9.6,602.8,normal
W-ACT,2026-09-02 23:56:45,959,Girujan,13.54,17.87,99.0,10.37,1958.0,761.0,9.59,602.5,normal
W-ACT,2026-09-03 00:01:10,960,Girujan,13.58,17.08,100.1,9.79,1929.0,750.0,9.61,602.6,normal
W-ACT,2026-09-03 00:05:24,961,Girujan,14.21,18.17,99.7,10.42,2021.0,749.0,9.58,602.5,normal
W-ACT,2026-09-03 00:09:38,962,Girujan,14.16,18.84,102.6,9.69,1945.0,747.0,9.59,601.9,normal
W-ACT,2026-09-03 00:14:14,963,Girujan,13.06,17.01,98.2,9.86,1926.0,758.0,9.6,601.4,normal
W-ACT,2026-09-03 00:18:39,964,Girujan,13.54,17.42,102.0,9.76,1927.0,753.0,9.59,601.4,normal
W-ACT,2026-09-03 00:22:46,965,Girujan,14.61,17.67,101.0,10.48,1869.0,757.0,9.6,600.6,normal
W-ACT,2026-09-03 00:26:53,966,Girujan,14.55,17.44,103.3,9.85,1922.0,757.0,9.59,600.3,normal
W-ACT,2026-09-03 00:31:12,967,Girujan,13.93,18.24,104.1,9.47,1925.0,752.0,9.62,600.2,normal
W-ACT,2026-09-03 00:35:11,968,Girujan,15.04,18.72,100.8,9.8,1877.0,749.0,9.59,600.3,normal
W-ACT,2026-09-03 00:39:42,969,Girujan,13.27,18.28,96.5,9.8,1967.0,761.0,9.6,599.6,normal
W-ACT,2026-09-03 00:44:18,970,Girujan,13.04,17.81,105.5,10.29,1927.0,746.0,9.62,599.6,normal
W-ACT,2026-09-03 00:49:16,971,Girujan,12.09,18.96,100.7,9.37,1924.0,756.0,9.57,599.3,normal
W-ACT,2026-09-03 00:53:57,972,Girujan,12.83,17.21,102.4,9.75,1924.0,744.0,9.6,599.6,normal
W-ACT,2026-09-03 00:58:51,973,Girujan,12.22,18.77,97.4,9.93,1962.0,758.0,9.59,599.4,normal
W-ACT,2026-09-03 01:04:45,974,Girujan,10.17,17.28,104.6,9.52,1952.0,745.0,9.57,600.4,normal
W-ACT,2026-09-03 01:09:19,975,Girujan,13.15,18.74,97.1,10.12,1945.0,752.0,9.62,599.8,normal
W-ACT,2026-09-03 01:13:21,976,Girujan,14.91,17.71,102.2,9.66,1954.0,744.0,9.59,599.7,normal
W-ACT,2026-09-03 01:18:43,977,Girujan,11.15,18.35,100.7,9.95,1976.0,752.0,9.63,599.0,normal
W-ACT,2026-09-03 01:23:30,978,Girujan,12.56,19.14,100.2,10.84,1950.0,751.0,9.61,599.1,normal
W-ACT,2026-09-03 01:28:08,979,Girujan,12.97,18.93,95.1,9.56,1973.0,753.0,9.65,598.7,normal
W-ACT,2026-09-03 01:32:20,980,Girujan,14.24,17.72,97.4,10.15,1984.0,734.0,9.58,599.0,normal
W-ACT,2026-09-03 01:37:17,981,Girujan,12.14,17.2,98.3,10.37,1895.0,755.0,9.6,598.6,normal
W-ACT,2026-09-03 01:42:06,982,Girujan,12.44,16.65,97.5,9.95,1981.0,744.0,9.57,598.9,normal
W-ACT,2026-09-03 01:46:41,983,Girujan,13.13,17.38,99.1,10.73,1938.0,763.0,9.61,599.1,normal
W-ACT,2026-09-03 01:51:14,984,Girujan,13.15,17.25,95.8,10.11,1937.0,772.0,9.6,599.7,normal
W-ACT,2026-09-03 01:55:33,985,Girujan,13.92,19.6,102.3,9.67,1927.0,761.0,9.63,599.4,normal
W-ACT,2026-09-03 02:00:22,986,Girujan,12.44,19.47,100.4,9.68,1942.0,754.0,9.58,599.1,normal
W-ACT,2026-09-03 02:05:31,987,Girujan,11.65,17.67,99.2,10.22,1971.0,757.0,9.6,599.7,normal
W-ACT,2026-09-03 02:10:30,988,Girujan,12.06,17.49,104.1,9.24,1976.0,752.0,9.65,599.8,normal
W-ACT,2026-09-03 02:15:06,989,Girujan,13.04,19.1,100.7,9.54,1953.0,758.0,9.64,599.9,normal
W-ACT,2026-09-03 02:19:14,990,Girujan,14.51,17.16,94.9,9.49,1892.0,749.0,9.56,599.1,normal
W-ACT,2026-09-03 02:24:30,991,Girujan,11.39,18.32,101.5,10.28,1906.0,753.0,9.61,599.1,normal
W-ACT,2026-09-03 02:30:07,992,Girujan,10.69,17.57,103.4,9.81,1975.0,750.0,9.62,599.1,normal
W-ACT,2026-09-03 02:34:02,993,Girujan,15.34,19.29,100.3,9.82,1904.0,741.0,9.59,599.6,normal
W-ACT,2026-09-03 02:38:53,994,Girujan,12.34,18.67,99.7,11.12,1910.0,749.0,9.58,599.6,normal
W-ACT,2026-09-03 02:44:04,995,Girujan,11.6,17.93,103.6,10.37,1932.0,731.0,9.62,599.0,normal
W-ACT,2026-09-03 02:48:51,996,Girujan,12.51,18.42,100.0,9.96,2012.0,747.0,9.61,599.6,normal
W-ACT,2026-09-03 02:53:30,997,Girujan,12.9,18.59,103.0,10.04,1946.0,733.0,9.63,599.4,normal
W-ACT,2026-09-03 02:58:41,998,Girujan,11.6,17.32,105.3,8.84,1969.0,749.0,9.58,599.7,normal
W-ACT,2026-09-03 03:03:01,999,Girujan,13.86,17.87,102.7,9.72,1983.0,742.0,9.6,599.9,normal
W-ACT,2026-09-03 03:07:11,1000,Girujan,14.38,17.97,105.0,10.27,1878.0,738.0,9.59,600.4,normal
W-ACT,2026-09-03 03:11:46,1001,Girujan,13.11,16.76,96.3,9.54,1898.0,753.0,9.58,600.4,normal
W-ACT,2026-09-03 03:17:19,1002,Girujan,10.81,17.94,96.1,10.43,1973.0,763.0,9.59,600.1,normal
W-ACT,2026-09-03 03:22:13,1003,Girujan,12.23,18.02,103.7,10.43,1908.0,752.0,9.59,600.4,normal
W-ACT,2026-09-03 03:26:24,1004,Girujan,14.33,18.39,100.0,10.75,1945.0,749.0,9.58,599.9,normal
W-ACT,2026-09-03 03:31:45,1005,Girujan,11.21,18.79,97.3,9.41,1965.0,749.0,9.63,600.1,normal
W-ACT,2026-09-03 03:36:08,1006,Girujan,13.72,17.86,98.9,10.82,1952.0,749.0,9.63,600.6,normal
W-ACT,2026-09-03 03:40:45,1007,Girujan,12.98,18.86,97.2,9.87,1931.0,743.0,9.61,600.5,normal
W-ACT,2026-09-03 03:45:36,1008,Girujan,12.35,17.78,101.0,10.39,1927.0,748.0,9.6,600.1,normal
W-ACT,2026-09-03 03:50:16,1009,Girujan,12.88,17.2,100.1,10.49,1969.0,749.0,9.6,599.9,normal
W-ACT,2026-09-03 03:55:36,1010,Girujan,11.26,18.09,97.9,10.22,1958.0,749.0,9.61,599.9,normal
W-ACT,2026-09-03 04:01:16,1011,Girujan,10.57,18.14,103.4,9.58,1905.0,762.0,9.56,599.7,normal
W-ACT,2026-09-03 04:06:14,1012,Girujan,12.08,18.61,96.9,10.26,1964.0,737.0,9.61,599.9,normal
W-ACT,2026-09-03 04:10:35,1013,Girujan,13.81,17.6,100.4,10.74,2007.0,736.0,9.62,600.0,normal
W-ACT,2026-09-03 04:15:33,1014,Girujan,12.1,18.54,98.9,9.13,2064.0,752.0,9.62,600.1,normal
W-ACT,2026-09-03 04:20:08,1015,Girujan,13.07,18.77,99.3,10.87,1904.0,740.0,9.59,599.7,normal
W-ACT,2026-09-03 04:24:51,1016,Girujan,12.74,18.86,99.2,9.94,1977.0,754.0,9.61,599.6,normal
W-ACT,2026-09-03 04:29:15,1017,Girujan,13.63,16.93,98.6,9.32,1936.0,746.0,9.58,600.2,normal
W-ACT,2026-09-03 04:33:28,1018,Girujan,14.22,16.87,95.9,10.48,1975.0,752.0,9.6,600.8,normal
W-ACT,2026-09-03 04:38:30,1019,Girujan,11.92,17.59,100.4,10.31,1933.0,752.0,9.62,601.2,normal
W-ACT,2026-09-03 04:43:01,1020,Girujan,13.27,18.93,101.8,10.77,2004.0,746.0,9.56,601.3,normal
W-ACT,2026-09-03 04:47:53,1021,Girujan,12.34,18.42,98.8,9.79,1977.0,761.0,9.59,602.2,normal
W-ACT,2026-09-03 04:52:39,1022,Girujan,12.58,18.13,101.0,9.54,1971.0,751.0,9.61,601.5,normal
W-ACT,2026-09-03 04:56:34,1023,Girujan,15.3,17.94,101.6,9.94,1954.0,751.0,9.6,601.6,normal
W-ACT,2026-09-03 05:01:14,1024,Girujan,12.85,17.57,96.2,10.04,1968.0,752.0,9.6,601.2,normal
W-ACT,2026-09-03 05:05:28,1025,Girujan,14.2,18.18,99.9,9.56,1944.0,753.0,9.62,601.8,normal
W-ACT,2026-09-03 05:09:49,1026,Girujan,13.77,18.48,99.0,10.73,2027.0,753.0,9.6,602.3,normal
W-ACT,2026-09-03 05:14:16,1027,Girujan,13.49,17.89,97.9,9.2,1963.0,749.0,9.58,602.6,normal
W-ACT,2026-09-03 05:18:56,1028,Girujan,12.89,18.55,97.5,10.07,2011.0,757.0,9.59,602.2,normal
W-ACT,2026-09-03 05:22:59,1029,Girujan,14.79,18.35,101.1,9.77,1958.0,752.0,9.61,602.7,normal
W-ACT,2026-09-03 05:27:16,1030,Girujan,14.01,16.87,104.3,10.67,1924.0,759.0,9.61,602.6,normal
W-ACT,2026-09-03 05:32:03,1031,Girujan,12.52,16.92,101.2,9.84,1983.0,766.0,9.61,602.0,normal
W-ACT,2026-09-03 05:36:39,1032,Girujan,13.09,17.67,98.4,9.8,1936.0,750.0,9.61,602.4,normal
W-ACT,2026-09-03 05:41:40,1033,Girujan,11.94,18.04,103.4,10.05,1990.0,748.0,9.59,603.0,normal
W-ACT,2026-09-03 05:45:58,1034,Girujan,13.94,17.45,98.6,9.3,1992.0,747.0,9.6,603.0,normal
W-ACT,2026-09-03 05:50:18,1035,Girujan,13.87,16.24,102.2,9.78,1974.0,748.0,9.63,602.5,normal
W-ACT,2026-09-03 05:54:54,1036,Girujan,13.05,17.92,94.7,10.05,1948.0,744.0,9.57,602.5,normal
W-ACT,2026-09-03 05:59:39,1037,Girujan,12.6,18.83,95.2,10.13,1934.0,743.0,9.62,601.3,normal
W-ACT,2026-09-03 06:03:59,1038,Girujan,13.88,17.75,98.3,9.8,1952.0,747.0,9.59,601.5,normal
W-ACT,2026-09-03 06:09:02,1039,Girujan,11.87,17.39,101.8,10.7,1955.0,755.0,9.61,601.9,normal
W-ACT,2026-09-03 06:13:37,1040,Girujan,13.08,17.41,95.2,10.07,2019.0,756.0,9.62,601.4,normal
W-ACT,2026-09-03 06:18:59,1041,Girujan,11.19,17.1,96.5,9.77,1980.0,755.0,9.61,601.7,normal
W-ACT,2026-09-03 06:23:59,1042,Girujan,11.98,17.31,99.8,10.0,1982.0,743.0,9.59,601.6,normal
W-ACT,2026-09-03 06:28:13,1043,Girujan,14.18,18.48,103.8,9.58,1936.0,744.0,9.58,601.6,normal
W-ACT,2026-09-03 06:32:37,1044,Girujan,13.63,18.55,94.0,10.6,1990.0,748.0,9.6,601.3,normal
W-ACT,2026-09-03 06:37:08,1045,Girujan,13.29,18.04,99.9,10.45,1975.0,759.0,9.58,601.0,normal
W-ACT,2026-09-03 06:41:23,1046,Girujan,14.12,16.88,96.5,10.23,1992.0,753.0,9.61,600.9,normal
W-ACT,2026-09-03 06:46:45,1047,Girujan,11.2,19.01,108.2,10.71,1941.0,753.0,9.59,601.0,normal
W-ACT,2026-09-03 06:50:44,1048,Girujan,15.05,18.57,102.0,10.17,1940.0,746.0,9.58,601.2,normal
W-ACT,2026-09-03 06:55:13,1049,Girujan,13.36,16.05,95.6,10.03,2001.0,759.0,9.61,600.8,normal
W-ACT,2026-09-03 06:59:34,1050,Girujan,13.82,18.24,98.6,9.86,1968.0,757.0,9.6,600.9,normal
W-ACT,2026-09-03 07:04:16,1051,Girujan,12.78,18.58,98.7,10.27,1980.0,748.0,9.61,601.3,normal
W-ACT,2026-09-03 07:08:40,1052,Girujan,13.63,16.76,103.0,10.52,1904.0,737.0,9.61,601.2,normal
W-ACT,2026-09-03 07:14:04,1053,Girujan,11.1,17.81,105.7,9.53,1951.0,748.0,9.58,601.2,normal
W-ACT,2026-09-03 07:18:55,1054,Girujan,12.37,17.34,100.3,10.52,1951.0,749.0,9.58,601.4,normal
W-ACT,2026-09-03 07:23:17,1055,Girujan,13.75,18.21,102.3,10.37,2013.0,748.0,9.59,601.7,normal
W-ACT,2026-09-03 07:27:48,1056,Girujan,13.28,19.76,96.6,10.14,1972.0,745.0,9.62,602.1,normal
W-ACT,2026-09-03 07:32:25,1057,Girujan,12.98,17.77,97.5,10.55,1970.0,750.0,9.6,601.7,normal
W-ACT,2026-09-03 07:37:06,1058,Girujan,12.82,18.32,98.7,10.3,1948.0,764.0,9.59,602.1,normal
W-ACT,2026-09-03 07:41:42,1059,Girujan,13.05,18.27,98.9,9.9,1990.0,754.0,9.62,602.1,normal
W-ACT,2026-09-03 07:46:35,1060,Girujan,12.28,17.6,101.0,10.45,1972.0,740.0,9.58,602.2,normal
W-ACT,2026-09-03 07:51:31,1061,Girujan,12.18,17.74,99.2,10.51,1965.0,733.0,9.6,602.3,normal
W-ACT,2026-09-03 07:55:57,1062,Girujan,13.5,17.81,97.1,9.56,1979.0,757.0,9.57,601.9,normal
W-ACT,2026-09-03 08:00:45,1063,Girujan,12.52,18.88,95.5,9.55,1935.0,762.0,9.57,601.3,normal
W-ACT,2026-09-03 08:05:50,1064,Girujan,11.8,16.99,100.2,9.74,2044.0,736.0,9.62,601.5,normal
W-ACT,2026-09-03 08:10:31,1065,Girujan,12.83,18.07,100.4,9.39,2017.0,744.0,9.63,600.8,normal
W-ACT,2026-09-03 08:15:13,1066,Girujan,12.75,18.57,102.0,10.13,2021.0,749.0,9.6,600.4,normal
W-ACT,2026-09-03 08:20:41,1067,Girujan,10.97,17.33,98.2,10.04,2052.0,756.0,9.61,600.0,normal
W-ACT,2026-09-03 08:25:41,1068,Girujan,12.0,17.45,100.7,10.38,1955.0,755.0,9.61,600.1,normal
W-ACT,2026-09-03 08:29:56,1069,Girujan,14.14,17.83,101.2,9.61,1990.0,749.0,9.58,600.2,normal
W-ACT,2026-09-03 08:33:59,1070,Girujan,14.8,17.32,97.1,9.48,1967.0,747.0,9.61,599.6,normal
W-ACT,2026-09-03 08:38:49,1071,Girujan,12.42,19.07,98.1,10.88,1964.0,753.0,9.58,599.6,normal
W-ACT,2026-09-03 08:43:23,1072,Girujan,13.11,17.72,97.9,9.76,1969.0,742.0,9.59,599.4,normal
W-ACT,2026-09-03 08:47:26,1073,Girujan,14.85,16.85,101.0,10.7,1992.0,746.0,9.59,599.0,normal
W-ACT,2026-09-03 08:52:21,1074,Girujan,12.2,17.43,103.2,10.01,2034.0,737.0,9.58,599.8,normal
W-ACT,2026-09-03 08:58:12,1075,Girujan,10.24,17.71,98.4,10.34,2007.0,739.0,9.62,599.0,normal
W-ACT,2026-09-03 09:02:25,1076,Girujan,14.24,17.28,107.4,9.99,2031.0,754.0,9.61,599.3,normal
W-ACT,2026-09-03 09:07:01,1077,Girujan,13.05,19.58,101.0,9.6,1961.0,749.0,9.6,600.0,normal
W-ACT,2026-09-03 09:11:53,1078,Girujan,12.33,18.4,96.6,10.83,2041.0,749.0,9.6,600.0,normal
W-ACT,2026-09-03 09:16:44,1079,Girujan,12.36,16.84,95.9,9.82,2060.0,745.0,9.6,600.0,normal
W-ACT,2026-09-03 09:21:02,1080,Girujan,13.98,17.81,98.3,10.71,1986.0,756.0,9.63,600.3,normal
W-ACT,2026-09-03 09:26:00,1081,Girujan,12.09,17.84,101.0,10.61,2028.0,748.0,9.61,599.4,normal
W-ACT,2026-09-03 09:30:56,1082,Girujan,12.13,16.66,106.5,9.78,1998.0,744.0,9.56,599.1,normal
W-ACT,2026-09-03 09:35:18,1083,Girujan,13.79,18.46,99.1,10.57,1988.0,746.0,9.64,598.9,normal
W-ACT,2026-09-03 09:39:31,1084,Girujan,14.2,17.6,95.3,9.76,2000.0,756.0,9.57,598.7,normal
W-ACT,2026-09-03 09:44:15,1085,Girujan,12.66,17.75,98.5,9.85,2010.0,732.0,9.59,598.6,normal
W-ACT,2026-09-03 09:48:56,1086,Girujan,12.81,17.47,99.5,9.79,2004.0,749.0,9.62,599.1,normal
W-ACT,2026-09-03 09:53:17,1087,Girujan,13.81,19.31,99.7,10.25,1961.0,745.0,9.6,599.5,normal
W-ACT,2026-09-03 09:58:06,1088,Girujan,12.47,16.51,103.3,9.92,1971.0,747.0,9.62,599.1,normal
W-ACT,2026-09-03 10:03:07,1089,Girujan,11.96,18.32,101.1,9.33,1930.0,767.0,9.58,599.3,normal
W-ACT,2026-09-03 10:07:42,1090,Girujan,13.06,18.16,106.9,10.31,1955.0,750.0,9.6,599.1,normal
W-ACT,2026-09-03 10:11:48,1091,Girujan,14.68,17.55,100.1,9.82,1975.0,754.0,9.61,598.5,normal
W-ACT,2026-09-03 10:15:52,1092,Girujan,14.74,17.58,99.4,10.37,1952.0,764.0,9.64,598.2,normal
W-ACT,2026-09-03 10:20:44,1093,Girujan,12.31,16.25,102.6,9.94,2044.0,749.0,9.61,598.2,normal
W-ACT,2026-09-03 10:25:05,1094,Girujan,13.82,18.18,104.2,10.3,2049.0,741.0,9.57,598.2,normal
W-ACT,2026-09-03 10:29:39,1095,Girujan,13.12,17.87,104.0,9.85,1973.0,749.0,9.61,598.9,normal
W-ACT,2026-09-03 10:34:17,1096,Girujan,12.96,17.44,97.8,10.74,2025.0,745.0,9.63,599.1,normal
W-ACT,2026-09-03 10:38:52,1097,Girujan,13.07,17.7,101.9,10.62,2014.0,763.0,9.59,598.9,normal
W-ACT,2026-09-03 10:43:28,1098,Girujan,13.07,16.64,101.1,11.02,2013.0,734.0,9.61,598.8,normal
W-ACT,2026-09-03 10:48:04,1099,Girujan,13.04,18.17,99.3,10.11,2083.0,753.0,9.62,599.0,normal
W-ACT,2026-09-03 10:52:11,1100,Girujan,14.56,18.83,92.9,10.29,1969.0,748.0,9.62,598.4,normal
W-ACT,2026-09-03 10:56:55,1101,Girujan,12.68,16.57,103.3,10.46,2027.0,752.0,9.63,598.5,normal
W-ACT,2026-09-03 11:00:51,1102,Girujan,15.24,19.47,97.6,10.47,2038.0,745.0,9.63,598.5,normal
W-ACT,2026-09-03 11:05:35,1103,Girujan,12.68,18.33,104.7,9.93,2005.0,755.0,9.61,598.3,normal
W-ACT,2026-09-03 11:10:54,1104,Girujan,11.31,18.83,98.8,10.29,1942.0,755.0,9.61,598.3,normal
W-ACT,2026-09-03 11:15:15,1105,Girujan,13.78,17.88,100.5,9.58,2018.0,752.0,9.6,598.0,normal
W-ACT,2026-09-03 11:19:41,1106,Girujan,13.51,17.59,103.0,10.39,1998.0,739.0,9.62,598.0,normal
W-ACT,2026-09-03 11:24:26,1107,Girujan,12.64,17.67,98.2,9.97,1997.0,742.0,9.59,597.9,normal
W-ACT,2026-09-03 11:28:53,1108,Girujan,13.51,19.21,101.9,10.3,1993.0,754.0,9.6,598.3,normal
W-ACT,2026-09-03 11:33:32,1109,Girujan,12.89,18.84,96.6,9.78,2045.0,742.0,9.6,598.1,normal
W-ACT,2026-09-03 11:38:08,1110,Girujan,13.03,17.68,101.2,9.64,2025.0,753.0,9.61,598.2,normal
W-ACT,2026-09-03 11:42:49,1111,Girujan,12.83,16.62,99.8,9.96,2121.0,737.0,9.59,598.0,normal
W-ACT,2026-09-03 11:48:32,1112,Girujan,10.49,17.66,101.7,10.54,2025.0,751.0,9.58,598.5,normal
W-ACT,2026-09-03 11:53:11,1113,Girujan,12.92,19.17,97.9,9.39,1973.0,750.0,9.62,599.1,normal
W-ACT,2026-09-03 11:58:06,1114,Girujan,12.2,16.44,104.0,10.19,2029.0,740.0,9.59,599.4,normal
W-ACT,2026-09-03 12:02:50,1115,Girujan,12.67,17.71,100.0,10.29,2018.0,753.0,9.58,599.1,normal
W-ACT,2026-09-03 12:07:25,1116,Girujan,13.08,17.53,101.9,10.01,1973.0,743.0,9.59,598.8,normal
W-ACT,2026-09-03 12:11:44,1117,Girujan,13.88,17.32,102.2,9.94,2010.0,748.0,9.55,598.4,normal
W-ACT,2026-09-03 12:16:29,1118,Girujan,12.65,17.52,105.7,10.46,2009.0,746.0,9.58,598.0,normal
W-ACT,2026-09-03 12:21:49,1119,Girujan,11.24,18.12,93.9,9.83,2037.0,741.0,9.58,598.0,normal
W-ACT,2026-09-03 12:26:27,1120,Girujan,12.95,17.08,96.1,9.48,1974.0,760.0,9.6,597.6,normal
W-ACT,2026-09-03 12:31:00,1121,Girujan,13.18,17.07,96.4,9.79,2022.0,748.0,9.59,597.3,normal
W-ACT,2026-09-03 12:35:40,1122,Girujan,12.86,19.04,94.5,9.73,2040.0,752.0,9.58,596.8,normal
W-ACT,2026-09-03 12:40:37,1123,Girujan,12.14,18.59,98.3,10.97,2067.0,751.0,9.61,596.7,normal
W-ACT,2026-09-03 12:44:53,1124,Girujan,14.06,17.88,101.1,9.06,2089.0,757.0,9.63,596.8,normal
W-ACT,2026-09-03 12:50:24,1125,Girujan,10.87,18.32,97.4,9.94,1963.0,750.0,9.6,596.5,normal
W-ACT,2026-09-03 12:55:00,1126,Girujan,13.06,16.85,95.6,10.22,2074.0,758.0,9.61,596.7,normal
W-ACT,2026-09-03 12:59:51,1127,Girujan,12.38,18.59,104.4,10.17,2027.0,752.0,9.6,596.4,normal
W-ACT,2026-09-03 13:04:33,1128,Girujan,12.73,18.21,98.9,9.94,1988.0,741.0,9.61,596.0,normal
W-ACT,2026-09-03 13:08:50,1129,Girujan,14.02,18.61,100.2,10.29,2015.0,761.0,9.6,596.3,normal
W-ACT,2026-09-03 13:13:17,1130,Girujan,13.48,16.7,103.1,9.42,1938.0,748.0,9.6,596.1,normal
W-ACT,2026-09-03 13:17:55,1131,Girujan,12.96,17.18,101.2,10.18,2039.0,747.0,9.6,595.6,normal
W-ACT,2026-09-03 13:22:26,1132,Girujan,13.3,17.04,99.7,10.02,2102.0,739.0,9.61,594.9,normal
W-ACT,2026-09-03 13:26:57,1133,Girujan,13.27,17.14,106.3,9.83,2002.0,757.0,9.61,594.8,normal
W-ACT,2026-09-03 13:31:45,1134,Girujan,12.49,18.61,100.4,9.44,2057.0,754.0,9.62,596.1,normal
W-ACT,2026-09-03 13:36:28,1135,Girujan,12.74,18.56,102.2,10.22,1982.0,749.0,9.62,596.5,normal
W-ACT,2026-09-03 13:40:19,1136,Girujan,15.56,17.55,100.4,10.19,2088.0,751.0,9.62,596.5,normal
W-ACT,2026-09-03 13:45:14,1137,Girujan,12.2,18.15,98.3,10.37,1986.0,753.0,9.6,596.3,normal
W-ACT,2026-09-03 13:49:52,1138,Girujan,12.94,18.34,100.7,9.69,2009.0,765.0,9.6,596.3,normal
W-ACT,2026-09-03 13:54:10,1139,Girujan,14.0,17.31,99.9,10.03,1991.0,749.0,9.61,597.0,normal
W-ACT,2026-09-03 13:59:19,1140,Girujan,11.65,17.47,99.0,10.45,2053.0,753.0,9.59,597.5,normal
W-ACT,2026-09-03 14:04:14,1141,Girujan,12.19,17.94,104.7,9.77,2001.0,753.0,9.61,597.5,normal
W-ACT,2026-09-03 14:08:38,1142,Girujan,13.65,19.26,97.9,9.54,2035.0,745.0,9.6,597.7,normal
W-ACT,2026-09-03 14:13:49,1143,Girujan,11.56,20.0,98.1,10.47,2035.0,751.0,9.59,597.5,normal
W-ACT,2026-09-03 14:18:59,1144,Girujan,11.61,18.05,104.1,11.06,1982.0,756.0,9.63,597.8,normal
W-ACT,2026-09-03 14:23:23,1145,Girujan,13.65,18.31,99.3,10.47,2083.0,748.0,9.59,598.1,normal
W-ACT,2026-09-03 14:28:01,1146,Girujan,12.96,18.94,104.1,10.15,2019.0,746.0,9.6,597.5,normal
W-ACT,2026-09-03 14:32:16,1147,Girujan,14.12,17.67,101.0,10.26,2068.0,749.0,9.59,598.2,normal
W-ACT,2026-09-03 14:36:48,1148,Girujan,13.19,17.85,100.9,10.37,2044.0,756.0,9.6,598.4,normal
W-ACT,2026-09-03 14:42:39,1149,Girujan,10.27,17.53,98.9,10.05,2046.0,751.0,9.59,598.6,normal
W-ACT,2026-09-03 14:47:08,1150,Girujan,13.38,17.33,99.5,9.9,2064.0,737.0,9.6,598.7,normal
W-ACT,2026-09-03 14:52:21,1151,Girujan,11.49,18.94,101.2,10.81,2046.0,748.0,9.64,599.8,normal
W-ACT,2026-09-03 14:57:08,1152,Girujan,12.54,19.12,99.7,10.59,2009.0,745.0,9.61,600.4,normal
W-ACT,2026-09-03 15:02:03,1153,Girujan,12.24,18.25,102.2,9.99,2054.0,749.0,9.58,600.7,normal
W-ACT,2026-09-03 15:06:09,1154,Girujan,14.6,18.37,99.5,10.38,2101.0,746.0,9.59,600.2,normal
W-ACT,2026-09-03 15:10:46,1155,Girujan,13.02,18.28,95.7,10.32,2059.0,732.0,9.61,600.3,normal
W-ACT,2026-09-03 15:15:55,1156,Girujan,11.63,17.07,99.4,10.54,2077.0,737.0,9.6,599.9,normal
W-ACT,2026-09-03 15:20:33,1157,Girujan,12.94,19.34,98.4,9.79,2076.0,747.0,9.61,599.2,normal
W-ACT,2026-09-03 15:25:22,1158,Girujan,12.49,16.31,102.2,9.89,2039.0,760.0,9.62,599.0,normal
W-ACT,2026-09-03 15:29:45,1159,Girujan,13.68,17.21,100.4,10.48,2071.0,760.0,9.63,599.5,normal
W-ACT,2026-09-03 15:34:20,1160,Girujan,13.09,17.38,95.8,10.63,2045.0,756.0,9.65,598.9,normal
W-ACT,2026-09-03 15:38:23,1161,Girujan,14.79,19.03,101.0,9.33,1921.0,747.0,9.63,598.9,normal
W-ACT,2026-09-03 15:42:58,1162,Girujan,13.12,17.26,103.3,10.28,2041.0,752.0,9.62,599.5,normal
W-ACT,2026-09-03 15:48:02,1163,Girujan,11.83,17.76,95.9,9.58,2049.0,760.0,9.58,600.2,normal
W-ACT,2026-09-03 15:52:32,1164,Girujan,13.35,19.22,99.9,11.46,2042.0,749.0,9.61,600.4,normal
W-ACT,2026-09-03 15:57:23,1165,Girujan,12.35,18.08,97.2,10.52,1985.0,757.0,9.62,600.2,normal
W-ACT,2026-09-03 16:02:00,1166,Girujan,12.99,18.89,96.7,10.23,2031.0,753.0,9.61,600.9,normal
W-ACT,2026-09-03 16:06:19,1167,Girujan,13.91,18.67,102.0,10.31,2096.0,749.0,9.62,600.7,normal
W-ACT,2026-09-03 16:11:42,1168,Girujan,11.14,19.04,101.9,9.51,2044.0,742.0,9.63,600.7,normal
W-ACT,2026-09-03 16:16:13,1169,Girujan,13.3,18.35,97.4,10.01,2017.0,758.0,9.58,600.8,normal
W-ACT,2026-09-03 16:20:23,1170,Girujan,14.37,18.55,98.7,10.67,2088.0,763.0,9.63,600.4,normal
W-ACT,2026-09-03 16:25:03,1171,Girujan,12.88,15.87,103.2,9.52,1993.0,759.0,9.58,600.7,normal
W-ACT,2026-09-03 16:30:28,1172,Girujan,11.08,16.17,100.2,9.9,2086.0,754.0,9.58,600.7,normal
W-ACT,2026-09-03 16:34:42,1173,Girujan,14.16,18.19,103.3,9.91,2104.0,748.0,9.6,600.8,normal
W-ACT,2026-09-03 16:39:48,1174,Girujan,11.78,18.45,102.2,9.81,2074.0,754.0,9.59,600.9,normal
W-ACT,2026-09-03 16:44:23,1175,Girujan,13.08,17.89,101.0,10.11,2064.0,760.0,9.58,601.8,normal
W-ACT,2026-09-03 16:49:14,1176,Girujan,12.38,18.0,98.3,9.94,2070.0,762.0,9.62,601.6,normal
W-ACT,2026-09-03 16:54:36,1177,Girujan,11.18,18.14,98.6,10.48,2046.0,760.0,9.61,601.7,normal
W-ACT,2026-09-03 16:59:03,1178,Girujan,13.49,16.98,99.2,10.29,2082.0,744.0,9.63,601.9,normal
W-ACT,2026-09-03 17:03:37,1179,Girujan,13.13,21.02,100.0,10.58,2012.0,746.0,9.58,600.8,normal
W-ACT,2026-09-03 17:08:35,1180,Girujan,12.05,17.47,103.3,10.04,2039.0,744.0,9.57,600.4,normal
W-ACT,2026-09-03 17:12:58,1181,Girujan,13.73,17.95,103.2,9.46,2083.0,753.0,9.59,599.8,normal
W-ACT,2026-09-03 17:17:17,1182,Girujan,13.87,16.78,104.1,9.74,2066.0,747.0,9.6,599.4,normal
W-ACT,2026-09-03 17:21:48,1183,Girujan,13.29,17.89,102.5,10.84,1991.0,752.0,9.65,599.4,normal
W-ACT,2026-09-03 17:25:57,1184,Girujan,14.45,18.28,96.6,9.38,2006.0,748.0,9.61,599.7,normal
W-ACT,2026-09-03 17:30:30,1185,Girujan,13.22,18.66,94.9,10.15,2066.0,757.0,9.63,599.5,normal
W-ACT,2026-09-03 17:34:33,1186,Girujan,14.78,17.77,91.8,10.76,2059.0,743.0,9.59,599.6,normal
W-ACT,2026-09-03 17:39:09,1187,Girujan,13.05,18.1,96.2,9.5,2103.0,753.0,9.59,598.9,normal
W-ACT,2026-09-03 17:43:49,1188,Girujan,12.86,18.77,102.1,10.08,2093.0,751.0,9.6,599.2,normal
W-ACT,2026-09-03 17:47:59,1189,Girujan,14.42,17.93,96.6,9.74,2058.0,753.0,9.57,598.4,normal
W-ACT,2026-09-03 17:53:07,1190,Girujan,11.69,18.68,102.2,9.54,2091.0,744.0,9.6,598.4,normal
W-ACT,2026-09-03 17:57:57,1191,Girujan,12.41,17.82,102.0,10.18,2076.0,756.0,9.59,598.6,normal
W-ACT,2026-09-03 18:03:19,1192,Girujan,11.17,16.32,101.5,9.77,2021.0,753.0,9.58,598.2,normal
W-ACT,2026-09-03 18:08:13,1193,Girujan,12.23,17.58,103.5,10.78,2108.0,770.0,9.59,598.8,normal
W-ACT,2026-09-03 18:12:40,1194,Girujan,13.49,17.77,97.4,8.92,2040.0,739.0,9.6,599.2,normal
W-ACT,2026-09-03 18:17:29,1195,Girujan,12.46,19.42,103.6,10.51,2043.0,744.0,9.6,599.7,normal
W-ACT,2026-09-03 18:22:25,1196,Girujan,12.15,17.23,105.3,10.21,2049.0,750.0,9.62,598.7,normal
W-ACT,2026-09-03 18:26:47,1197,Girujan,13.76,18.66,103.0,10.15,2047.0,747.0,9.62,599.0,normal
W-ACT,2026-09-03 18:31:19,1198,Girujan,13.23,18.18,98.9,10.85,2058.0,760.0,9.62,599.5,normal
W-ACT,2026-09-03 18:36:13,1199,Girujan,12.23,19.36,102.7,10.03,2073.0,756.0,9.58,598.7,normal
W-ACT,2026-09-03 18:40:15,1200,Girujan,14.93,19.59,101.2,9.7,2036.0,756.0,9.56,597.8,normal
W-ACT,2026-09-03 18:44:35,1201,Girujan,13.84,19.79,107.5,11.17,2060.0,740.0,9.62,598.0,normal
W-ACT,2026-09-03 18:49:02,1202,Girujan,13.46,18.25,101.3,9.48,1996.0,758.0,9.56,597.9,normal
W-ACT,2026-09-03 18:53:15,1203,Girujan,14.25,17.5,99.0,10.18,2132.0,750.0,9.62,597.5,normal
W-ACT,2026-09-03 18:58:04,1204,Girujan,12.46,17.56,97.3,9.49,2055.0,752.0,9.61,597.5,normal
W-ACT,2026-09-03 19:02:19,1205,Girujan,14.12,18.66,104.2,10.34,2095.0,740.0,9.6,597.7,normal
W-ACT,2026-09-03 19:06:27,1206,Girujan,14.47,17.64,94.8,9.82,2080.0,762.0,9.6,597.6,normal
W-ACT,2026-09-03 19:10:55,1207,Girujan,13.45,16.6,96.6,10.06,2012.0,748.0,9.63,597.7,normal
W-ACT,2026-09-03 19:15:35,1208,Girujan,12.85,18.69,101.0,10.05,2133.0,748.0,9.58,597.6,normal
W-ACT,2026-09-03 19:20:33,1209,Girujan,12.08,18.51,100.2,10.12,2089.0,764.0,9.58,597.6,normal
W-ACT,2026-09-03 19:26:08,1210,Girujan,10.74,17.54,106.2,10.06,2149.0,758.0,9.61,597.5,normal
W-ACT,2026-09-03 19:31:10,1211,Girujan,11.95,18.19,104.5,10.0,2109.0,747.0,9.57,597.6,normal
W-ACT,2026-09-03 19:36:04,1212,Girujan,12.23,17.92,103.5,9.97,2106.0,751.0,9.57,597.2,normal
W-ACT,2026-09-03 19:40:28,1213,Girujan,13.65,17.62,104.3,9.76,2000.0,753.0,9.59,597.1,normal
W-ACT,2026-09-03 19:45:25,1214,Girujan,12.13,17.79,99.4,9.68,2144.0,756.0,9.59,596.4,normal
W-ACT,2026-09-03 19:49:34,1215,Girujan,14.42,18.78,95.8,9.3,2024.0,744.0,9.62,596.3,normal
W-ACT,2026-09-03 19:53:49,1216,Girujan,14.13,18.75,101.6,10.34,2105.0,736.0,9.6,596.6,normal
W-ACT,2026-09-03 19:59:31,1217,Girujan,10.52,18.63,102.0,9.87,2075.0,753.0,9.58,596.6,normal
W-ACT,2026-09-03 20:04:00,1218,Girujan,13.42,17.11,101.0,9.59,2065.0,746.0,9.59,596.2,normal
W-ACT,2026-09-03 20:08:57,1219,Girujan,12.12,18.31,96.3,9.73,2088.0,756.0,9.61,596.2,normal
W-ACT,2026-09-03 20:12:38,1220,Girujan,16.23,18.4,96.3,10.29,2075.0,750.0,9.59,596.4,normal
W-ACT,2026-09-03 20:17:28,1221,Girujan,12.41,18.08,94.1,9.66,2085.0,754.0,9.59,596.7,normal
W-ACT,2026-09-03 20:22:33,1222,Girujan,11.81,18.96,99.4,10.21,2093.0,750.0,9.62,597.2,normal
W-ACT,2026-09-03 20:26:41,1223,Girujan,14.53,17.52,101.1,10.76,2102.0,742.0,9.6,598.0,normal
W-ACT,2026-09-03 20:31:28,1224,Girujan,12.54,18.83,95.1,9.78,2076.0,746.0,9.58,597.9,normal
W-ACT,2026-09-03 20:36:08,1225,Girujan,12.87,17.55,97.7,10.87,2084.0,750.0,9.62,597.4,normal
W-ACT,2026-09-03 20:40:42,1226,Girujan,13.12,17.25,97.9,9.63,2029.0,756.0,9.63,597.3,normal
W-ACT,2026-09-03 20:45:06,1227,Girujan,13.65,18.03,97.7,10.02,2031.0,747.0,9.65,597.0,normal
W-ACT,2026-09-03 20:49:44,1228,Girujan,12.95,17.3,97.5,10.11,2067.0,751.0,9.58,596.8,normal
W-ACT,2026-09-03 20:54:41,1229,Girujan,12.13,18.89,100.2,10.23,2048.0,752.0,9.54,596.5,normal
W-ACT,2026-09-03 20:59:33,1230,Girujan,12.32,17.35,104.6,9.94,2038.0,750.0,9.59,597.2,normal
W-ACT,2026-09-03 21:03:57,1231,Girujan,13.63,19.11,101.8,10.51,2077.0,741.0,9.62,597.2,normal
W-ACT,2026-09-03 21:08:44,1232,Girujan,12.54,17.73,102.9,10.38,2063.0,754.0,9.56,597.2,normal
W-ACT,2026-09-03 21:13:25,1233,Girujan,12.84,16.68,100.4,9.87,2039.0,739.0,9.59,597.4,normal
W-ACT,2026-09-03 21:17:40,1234,Girujan,14.07,18.36,96.2,9.71,2064.0,743.0,9.64,597.6,normal
W-ACT,2026-09-03 21:22:27,1235,Girujan,12.55,17.76,98.0,9.52,2184.0,755.0,9.59,598.0,normal
W-ACT,2026-09-03 21:26:43,1236,Girujan,14.06,17.75,96.5,11.21,2112.0,750.0,9.61,598.0,normal
W-ACT,2026-09-03 21:31:42,1237,Girujan,12.05,17.24,98.8,10.31,2060.0,743.0,9.61,597.7,normal
W-ACT,2026-09-03 21:36:24,1238,Girujan,12.79,18.45,103.5,11.37,2102.0,762.0,9.61,597.9,normal
W-ACT,2026-09-03 21:40:51,1239,Girujan,13.44,17.46,97.6,10.8,2004.0,754.0,9.62,598.0,normal
W-ACT,2026-09-03 21:45:30,1240,Girujan,12.91,19.06,98.8,10.62,2057.0,751.0,9.63,598.1,normal
W-ACT,2026-09-03 21:49:16,1241,Girujan,15.96,18.82,106.7,10.95,2138.0,739.0,9.59,598.1,normal
W-ACT,2026-09-03 21:53:44,1242,Girujan,13.43,17.7,94.1,10.16,2170.0,749.0,9.59,597.6,normal
W-ACT,2026-09-03 21:58:03,1243,Girujan,13.87,17.93,100.3,10.19,2114.0,743.0,9.6,597.9,normal
W-ACT,2026-09-03 22:02:47,1244,Girujan,12.7,17.54,98.2,10.12,2110.0,753.0,9.63,598.3,normal
W-ACT,2026-09-03 22:07:10,1245,Girujan,13.68,18.06,99.8,10.74,2056.0,762.0,9.61,597.6,normal
W-ACT,2026-09-03 22:12:00,1246,Girujan,12.4,17.69,100.6,10.46,1915.0,747.0,9.59,598.0,normal
W-ACT,2026-09-03 22:17:34,1247,Girujan,10.78,15.35,97.7,10.34,2133.0,764.0,9.58,597.9,normal
W-ACT,2026-09-03 22:21:33,1248,Girujan,15.06,18.13,105.2,9.94,2120.0,746.0,9.6,597.9,normal
W-ACT,2026-09-03 22:26:11,1249,Girujan,12.98,20.16,101.1,11.27,2146.0,749.0,9.58,599.1,normal
W-ACT,2026-09-03 22:30:46,1250,Girujan,13.06,17.07,103.4,10.66,2155.0,757.0,9.6,598.8,normal
W-ACT,2026-09-03 22:35:01,1251,Girujan,14.11,17.97,105.2,10.43,2131.0,752.0,9.58,598.5,normal
W-ACT,2026-09-03 22:40:44,1252,Girujan,10.52,17.43,101.4,9.66,2049.0,757.0,9.6,598.2,normal
W-ACT,2026-09-03 22:45:03,1253,Girujan,13.88,17.58,102.9,10.17,2072.0,756.0,9.58,598.4,normal
W-ACT,2026-09-03 22:49:18,1254,Girujan,14.12,17.5,99.2,10.35,2135.0,750.0,9.61,598.6,normal
W-ACT,2026-09-03 22:54:24,1255,Girujan,11.76,18.62,101.2,10.24,2033.0,736.0,9.6,599.2,normal
W-ACT,2026-09-03 22:58:37,1256,Girujan,14.21,17.48,103.3,9.73,2089.0,766.0,9.6,599.5,normal
W-ACT,2026-09-03 23:03:53,1257,Girujan,11.41,16.71,99.0,9.66,2065.0,751.0,9.6,599.7,normal
W-ACT,2026-09-03 23:08:34,1258,Girujan,12.81,16.44,95.0,10.84,2178.0,740.0,9.59,599.6,normal
W-ACT,2026-09-03 23:13:18,1259,Girujan,12.68,16.75,100.5,10.28,2125.0,765.0,9.57,599.5,normal
W-ACT,2026-09-03 23:17:33,1260,Girujan,14.1,18.96,94.9,10.85,2008.0,751.0,9.58,599.7,normal
W-ACT,2026-09-03 23:22:21,1261,Girujan,12.53,19.26,98.5,10.97,2098.0,761.0,9.59,599.8,normal
W-ACT,2026-09-03 23:27:25,1262,Girujan,11.84,16.94,99.1,9.6,2060.0,751.0,9.61,599.0,normal
W-ACT,2026-09-03 23:31:52,1263,Girujan,13.47,18.02,102.6,10.35,2083.0,734.0,9.59,599.6,normal
W-ACT,2026-09-03 23:36:03,1264,Girujan,14.34,17.77,109.1,10.47,2092.0,756.0,9.58,599.4,normal
W-ACT,2026-09-03 23:40:22,1265,Girujan,13.9,18.18,94.3,10.3,2080.0,748.0,9.59,599.5,normal
W-ACT,2026-09-03 23:44:29,1266,Girujan,14.55,18.05,99.1,10.22,2070.0,744.0,9.62,599.3,normal
W-ACT,2026-09-03 23:49:00,1267,Girujan,13.3,18.11,98.0,9.81,2065.0,752.0,9.59,599.2,normal
W-ACT,2026-09-03 23:53:26,1268,Girujan,13.53,18.14,96.4,10.75,2119.0,748.0,9.6,599.7,normal
W-ACT,2026-09-03 23:57:22,1269,Girujan,15.26,16.97,101.5,10.4,2119.0,748.0,9.58,599.7,normal
W-ACT,2026-09-04 00:01:36,1270,Girujan,14.16,18.35,98.9,9.34,2110.0,738.0,9.55,599.8,normal
W-ACT,2026-09-04 00:06:03,1271,Girujan,13.52,17.48,99.1,9.99,2079.0,752.0,9.59,600.1,normal
W-ACT,2026-09-04 00:10:57,1272,Girujan,12.23,18.68,102.1,10.19,2113.0,742.0,9.6,599.4,normal
W-ACT,2026-09-04 00:15:49,1273,Girujan,12.32,17.66,102.5,9.66,2125.0,748.0,9.61,599.7,normal
W-ACT,2026-09-04 00:20:25,1274,Girujan,13.07,17.59,101.7,10.11,2119.0,753.0,9.58,600.1,normal
W-ACT,2026-09-04 00:25:35,1275,Girujan,11.6,18.37,97.3,9.55,2195.0,730.0,9.58,599.8,normal
W-ACT,2026-09-04 00:30:35,1276,Girujan,11.98,18.38,100.1,10.33,2124.0,754.0,9.61,599.2,normal
W-ACT,2026-09-04 00:34:51,1277,Girujan,14.06,17.98,98.8,9.81,2066.0,744.0,9.59,598.8,normal
W-ACT,2026-09-04 00:39:45,1278,Girujan,12.26,18.74,102.4,9.91,2093.0,745.0,9.6,599.0,normal
W-ACT,2026-09-04 00:45:29,1279,Girujan,10.46,17.92,96.1,10.85,2098.0,748.0,9.59,599.2,normal
W-ACT,2026-09-04 00:49:55,1280,Girujan,13.54,19.1,97.0,10.46,2155.0,734.0,9.59,599.5,normal
W-ACT,2026-09-04 00:54:57,1281,Girujan,11.91,17.68,97.2,10.52,2090.0,746.0,9.58,599.3,normal
W-ACT,2026-09-04 00:59:32,1282,Girujan,13.13,17.54,99.0,9.11,2109.0,754.0,9.58,598.6,normal
W-ACT,2026-09-04 01:03:38,1283,Girujan,14.62,19.08,99.3,8.97,2070.0,744.0,9.6,598.4,normal
W-ACT,2026-09-04 01:08:44,1284,Girujan,11.76,18.5,100.3,10.69,2081.0,753.0,9.61,598.8,normal
W-ACT,2026-09-04 01:13:15,1285,Girujan,13.28,17.0,96.2,10.6,2140.0,738.0,9.59,599.1,normal
W-ACT,2026-09-04 01:18:16,1286,Girujan,11.95,17.28,95.5,11.06,2122.0,747.0,9.61,599.8,normal
W-ACT,2026-09-04 01:22:43,1287,Girujan,13.51,16.93,97.7,10.16,2169.0,758.0,9.61,599.2,normal
W-ACT,2026-09-04 01:27:02,1288,Girujan,13.91,17.65,96.9,10.1,2010.0,756.0,9.59,599.1,normal
W-ACT,2026-09-04 01:31:10,1289,Girujan,14.5,18.31,97.9,10.41,2143.0,750.0,9.61,599.1,normal
W-ACT,2026-09-04 01:37:05,1290,Girujan,10.14,18.13,96.2,10.35,2107.0,744.0,9.61,599.0,normal
W-ACT,2026-09-04 01:41:45,1291,Girujan,12.85,17.92,100.4,9.89,2071.0,754.0,9.61,598.9,normal
W-ACT,2026-09-04 01:46:23,1292,Girujan,12.95,17.73,106.3,10.33,2054.0,768.0,9.56,599.1,normal
W-ACT,2026-09-04 01:51:23,1293,Girujan,12.01,18.72,102.0,10.04,2220.0,753.0,9.58,598.9,normal
W-ACT,2026-09-04 01:55:34,1294,Girujan,14.33,17.59,99.6,9.81,2059.0,757.0,9.57,599.0,normal
W-ACT,2026-09-04 02:00:02,1295,Girujan,13.42,19.36,100.5,10.57,2151.0,748.0,9.61,599.5,normal
W-ACT,2026-09-04 02:04:10,1296,Girujan,14.54,18.84,103.9,10.26,2057.0,751.0,9.62,599.7,normal
W-ACT,2026-09-04 02:08:41,1297,Girujan,13.27,18.33,105.7,10.82,2021.0,765.0,9.58,600.1,normal
W-ACT,2026-09-04 02:13:51,1298,Girujan,11.63,16.77,95.8,10.65,2135.0,750.0,9.62,600.0,normal
W-ACT,2026-09-04 02:18:45,1299,Girujan,12.21,17.63,98.7,10.12,2183.0,744.0,9.6,600.0,normal
W-ACT,2026-09-04 02:23:00,1300,Girujan,14.12,16.59,102.1,9.8,2064.0,746.0,9.6,599.4,normal
W-ACT,2026-09-04 02:27:43,1301,Girujan,12.75,18.16,99.9,10.58,2120.0,760.0,9.58,600.1,normal
W-ACT,2026-09-04 02:32:11,1302,Girujan,13.42,18.52,104.1,9.6,2112.0,756.0,9.62,600.3,normal
W-ACT,2026-09-04 02:36:30,1303,Girujan,13.88,18.39,100.9,9.95,2155.0,740.0,9.62,600.3,normal
W-ACT,2026-09-04 02:41:36,1304,Girujan,11.78,16.84,100.5,9.72,2128.0,738.0,9.56,600.6,normal
W-ACT,2026-09-04 02:46:27,1305,Girujan,12.39,17.66,97.2,10.15,2138.0,745.0,9.62,600.2,normal
W-ACT,2026-09-04 02:51:23,1306,Girujan,12.13,17.4,101.9,9.96,2103.0,759.0,9.62,600.2,normal
W-ACT,2026-09-04 02:55:29,1307,Girujan,14.63,18.14,101.7,10.59,2092.0,747.0,9.62,599.9,normal
W-ACT,2026-09-04 02:59:44,1308,Girujan,14.12,17.36,102.6,11.32,2073.0,757.0,9.6,600.7,normal
W-ACT,2026-09-04 03:04:45,1309,Girujan,11.96,17.38,101.5,10.2,2114.0,748.0,9.61,600.8,normal
W-ACT,2026-09-04 03:09:39,1310,Girujan,12.28,19.04,96.1,10.4,2105.0,755.0,9.59,601.2,normal
W-ACT,2026-09-04 03:14:00,1311,Girujan,13.75,18.78,98.8,10.69,2079.0,746.0,9.6,600.7,normal
W-ACT,2026-09-04 03:18:24,1312,Girujan,13.68,18.77,96.3,9.75,2033.0,756.0,9.62,600.3,normal
W-ACT,2026-09-04 03:23:00,1313,Girujan,13.04,17.64,99.2,10.91,2119.0,731.0,9.58,600.7,normal
W-ACT,2026-09-04 03:27:49,1314,Girujan,12.45,18.5,106.4,9.99,2186.0,752.0,9.58,601.5,normal
W-ACT,2026-09-04 03:33:31,1315,Girujan,10.53,17.82,97.8,10.52,2053.0,741.0,9.55,602.1,normal
W-ACT,2026-09-04 03:38:43,1316,Girujan,11.53,18.23,95.2,11.07,2119.0,750.0,9.58,602.1,normal
W-ACT,2026-09-04 03:42:52,1317,Girujan,14.47,17.85,94.5,9.92,2107.0,736.0,9.58,601.9,normal
W-ACT,2026-09-04 03:47:09,1318,Girujan,13.97,18.26,104.8,10.05,2129.0,743.0,9.58,602.3,normal
W-ACT,2026-09-04 03:52:05,1319,Girujan,12.18,18.88,105.1,9.94,2081.0,767.0,9.62,601.9,normal
W-ACT,2026-09-04 03:56:51,1320,Girujan,12.58,17.26,102.8,10.29,2168.0,758.0,9.58,602.0,normal
W-ACT,2026-09-04 04:02:01,1321,Girujan,11.62,17.0,102.7,11.94,2115.0,757.0,9.63,601.5,normal
W-ACT,2026-09-04 04:07:09,1322,Girujan,11.69,19.22,103.4,9.88,2172.0,747.0,9.56,601.3,normal
W-ACT,2026-09-04 04:11:42,1323,Girujan,13.18,17.85,101.6,11.09,2099.0,748.0,9.62,601.4,normal
W-ACT,2026-09-04 04:16:36,1324,Girujan,12.26,17.6,103.6,10.14,2084.0,754.0,9.6,601.4,normal
W-ACT,2026-09-04 04:20:57,1325,Girujan,13.79,18.44,97.6,10.98,2107.0,749.0,9.6,602.0,normal
W-ACT,2026-09-04 04:25:09,1326,Girujan,14.25,19.88,101.5,9.86,2140.0,742.0,9.57,601.8,normal
W-ACT,2026-09-04 04:29:51,1327,Girujan,12.78,16.9,95.5,10.46,2154.0,755.0,9.61,601.5,normal
W-ACT,2026-09-04 04:33:56,1328,Girujan,14.72,18.89,99.0,10.26,2090.0,752.0,9.61,601.3,normal
W-ACT,2026-09-04 04:38:47,1329,Girujan,12.37,18.31,99.6,11.41,2086.0,759.0,9.62,601.1,normal
W-ACT,2026-09-04 04:43:16,1330,Girujan,13.36,17.64,98.6,9.95,2090.0,757.0,9.6,601.3,normal
W-ACT,2026-09-04 04:47:39,1331,Girujan,13.71,18.59,97.0,9.79,2177.0,747.0,9.6,601.4,normal
W-ACT,2026-09-04 04:52:23,1332,Girujan,12.64,17.93,105.1,10.18,2100.0,748.0,9.6,601.7,normal
W-ACT,2026-09-04 04:57:03,1333,Girujan,12.88,17.74,100.0,10.71,2137.0,750.0,9.58,601.6,normal
W-ACT,2026-09-04 05:01:46,1334,Girujan,12.73,17.44,100.4,9.88,2075.0,755.0,9.6,601.7,normal
W-ACT,2026-09-04 05:06:39,1335,Girujan,12.29,18.34,101.3,9.95,2053.0,751.0,9.59,602.2,normal
W-ACT,2026-09-04 05:11:40,1336,Girujan,11.95,18.6,101.5,11.2,2067.0,762.0,9.61,602.2,normal
W-ACT,2026-09-04 05:16:06,1337,Girujan,13.52,16.03,100.0,9.85,2187.0,752.0,9.61,602.3,normal
W-ACT,2026-09-04 05:20:31,1338,Girujan,13.57,19.59,101.9,10.15,2068.0,744.0,9.61,602.2,normal
W-ACT,2026-09-04 05:25:55,1339,Girujan,11.14,17.8,98.6,11.54,2161.0,747.0,9.6,601.4,normal
W-ACT,2026-09-04 05:30:32,1340,Girujan,12.96,17.15,98.8,11.21,2159.0,755.0,9.58,601.1,normal
W-ACT,2026-09-04 05:35:19,1341,Girujan,12.55,19.22,100.3,10.27,2119.0,737.0,9.61,601.2,normal
W-ACT,2026-09-04 05:40:55,1342,Girujan,10.72,18.58,97.6,10.53,2166.0,738.0,9.62,601.6,normal
W-ACT,2026-09-04 05:46:02,1343,Girujan,11.72,17.43,103.4,10.53,2060.0,755.0,9.6,601.8,normal
W-ACT,2026-09-04 05:50:42,1344,Girujan,12.85,19.06,101.1,9.7,2189.0,753.0,9.59,601.6,normal
W-ACT,2026-09-04 05:55:37,1345,Girujan,12.24,17.59,92.5,10.17,2183.0,750.0,9.6,601.7,normal
W-ACT,2026-09-04 05:59:47,1346,Girujan,14.39,19.16,100.3,10.78,2156.0,755.0,9.61,602.0,normal
W-ACT,2026-09-04 06:04:26,1347,Girujan,12.9,16.82,103.1,10.13,2158.0,750.0,9.62,601.6,normal
W-ACT,2026-09-04 06:08:50,1348,Girujan,13.62,17.87,102.0,10.02,2160.0,749.0,9.59,602.0,normal
W-ACT,2026-09-04 06:13:43,1349,Girujan,12.3,17.64,99.7,10.72,2221.0,753.0,9.61,601.2,normal
W-ACT,2026-09-04 06:18:15,1350,Girujan,13.22,17.16,102.6,10.02,2158.0,752.0,9.57,600.8,normal
W-ACT,2026-09-04 06:23:34,1351,Girujan,11.3,19.0,99.1,10.4,2180.0,754.0,9.58,600.6,normal
W-ACT,2026-09-04 06:28:07,1352,Girujan,13.18,16.76,103.1,9.59,2128.0,748.0,9.6,600.4,normal
W-ACT,2026-09-04 06:32:53,1353,Girujan,12.57,17.81,100.1,11.9,2164.0,751.0,9.62,600.4,normal
W-ACT,2026-09-04 06:37:34,1354,Girujan,12.82,15.68,99.0,9.78,2161.0,749.0,9.6,600.2,normal
W-ACT,2026-09-04 06:42:16,1355,Girujan,12.76,18.78,103.0,10.01,2132.0,738.0,9.61,599.9,normal
W-ACT,2026-09-04 06:47:00,1356,Girujan,12.7,17.95,102.1,10.21,2156.0,752.0,9.58,600.2,normal
W-ACT,2026-09-04 06:51:02,1357,Girujan,14.84,17.54,98.8,10.43,2144.0,748.0,9.58,599.7,normal
W-ACT,2026-09-04 06:55:19,1358,Girujan,14.0,18.41,101.6,10.21,2122.0,751.0,9.59,599.5,normal
W-ACT,2026-09-04 07:00:00,1359,Girujan,12.81,17.75,98.6,11.57,2166.0,770.0,9.56,599.5,normal
W-ACT,2026-09-04 07:05:23,1360,Girujan,11.17,18.12,100.8,11.18,2215.0,744.0,9.6,599.5,normal
W-ACT,2026-09-04 07:09:55,1361,Girujan,13.24,18.65,103.4,10.07,2176.0,752.0,9.59,599.0,normal
W-ACT,2026-09-04 07:14:28,1362,Girujan,13.18,18.02,94.8,10.29,2203.0,749.0,9.57,599.0,normal
W-ACT,2026-09-04 07:18:33,1363,Girujan,14.68,16.63,94.5,9.57,2117.0,742.0,9.6,599.5,normal
W-ACT,2026-09-04 07:22:54,1364,Girujan,13.79,18.91,99.2,10.37,2180.0,754.0,9.59,599.3,normal
W-ACT,2026-09-04 07:27:11,1365,Girujan,14.02,17.22,97.2,10.17,2166.0,741.0,9.65,599.2,normal
W-ACT,2026-09-04 07:31:40,1366,Girujan,13.38,16.06,103.1,10.01,2203.0,751.0,9.6,598.8,normal
W-ACT,2026-09-04 07:36:15,1367,Girujan,13.1,17.14,99.3,10.18,2166.0,740.0,9.64,598.3,normal
W-ACT,2026-09-04 07:40:22,1368,Girujan,14.57,19.01,100.5,10.15,2119.0,748.0,9.6,598.6,normal
W-ACT,2026-09-04 07:45:05,1369,Girujan,12.7,17.02,103.3,9.8,2105.0,746.0,9.6,599.0,normal
W-ACT,2026-09-04 07:49:56,1370,Girujan,12.38,17.09,102.0,10.56,2175.0,741.0,9.6,598.5,normal
W-ACT,2026-09-04 07:54:27,1371,Girujan,13.3,18.24,101.6,10.29,2197.0,759.0,9.6,598.8,normal
W-ACT,2026-09-04 07:59:43,1372,Girujan,11.39,19.23,102.5,10.08,2186.0,743.0,9.58,599.2,normal
W-ACT,2026-09-04 08:04:39,1373,Girujan,12.14,19.37,103.1,10.12,2102.0,763.0,9.59,598.8,normal
W-ACT,2026-09-04 08:09:16,1374,Girujan,13.01,17.78,94.6,9.92,2125.0,749.0,9.58,598.6,normal
W-ACT,2026-09-04 08:14:11,1375,Girujan,12.2,18.13,101.4,10.31,2109.0,740.0,9.6,598.5,normal
W-ACT,2026-09-04 08:18:49,1376,Girujan,12.97,16.85,110.9,10.36,2093.0,740.0,9.62,599.1,normal
W-ACT,2026-09-04 08:23:38,1377,Girujan,12.42,17.09,96.3,9.77,2173.0,753.0,9.61,599.7,normal
W-ACT,2026-09-04 08:28:05,1378,Girujan,13.49,17.81,96.8,10.14,2209.0,759.0,9.63,600.2,normal
W-ACT,2026-09-04 08:32:17,1379,Girujan,14.33,18.3,100.2,9.0,2192.0,742.0,9.6,600.0,normal
W-ACT,2026-09-04 08:36:48,1380,Girujan,13.24,18.35,97.9,10.5,2157.0,752.0,9.59,600.2,normal
W-ACT,2026-09-04 08:40:52,1381,Girujan,14.78,17.33,103.4,10.21,2171.0,751.0,9.61,599.8,normal
W-ACT,2026-09-04 08:45:09,1382,Girujan,14.03,17.8,98.3,11.08,2218.0,757.0,9.57,600.1,normal
W-ACT,2026-09-04 08:49:49,1383,Girujan,12.84,17.64,103.1,11.06,2199.0,754.0,9.6,600.2,normal
W-ACT,2026-09-04 08:54:13,1384,Girujan,13.66,16.04,102.9,9.87,2153.0,757.0,9.57,600.2,normal
W-ACT,2026-09-04 08:59:02,1385,Girujan,12.44,17.87,97.3,10.47,2112.0,754.0,9.58,600.2,normal
W-ACT,2026-09-04 09:03:57,1386,Girujan,12.19,18.1,104.5,10.2,2071.0,753.0,9.63,600.4,normal
W-ACT,2026-09-04 09:07:59,1387,Girujan,14.89,18.88,100.6,10.01,2185.0,747.0,9.58,600.5,normal
W-ACT,2026-09-04 09:12:51,1388,Girujan,12.34,19.27,101.4,9.69,2132.0,748.0,9.61,600.4,normal
W-ACT,2026-09-04 09:17:39,1389,Girujan,12.51,17.14,101.6,11.16,2206.0,739.0,9.58,600.4,normal
W-ACT,2026-09-04 09:22:38,1390,Girujan,12.02,18.71,102.9,11.14,2161.0,752.0,9.59,600.3,normal
W-ACT,2026-09-04 09:27:28,1391,Girujan,12.43,17.38,101.1,10.68,2184.0,758.0,9.64,600.3,normal
W-ACT,2026-09-04 09:32:20,1392,Girujan,12.33,17.02,97.1,9.7,2165.0,751.0,9.6,600.6,normal
W-ACT,2026-09-04 09:36:24,1393,Girujan,14.72,17.13,104.0,10.11,2163.0,757.0,9.59,600.6,normal
W-ACT,2026-09-04 09:41:12,1394,Girujan,12.49,17.77,97.4,10.75,2168.0,747.0,9.62,600.6,normal
W-ACT,2026-09-04 09:46:00,1395,Girujan,12.51,19.06,99.4,10.71,2181.0,748.0,9.61,600.5,normal
W-ACT,2026-09-04 09:50:31,1396,Girujan,13.27,16.96,103.8,10.54,2175.0,749.0,9.59,600.1,normal
W-ACT,2026-09-04 09:55:13,1397,Girujan,12.78,18.38,101.5,10.14,2156.0,747.0,9.6,600.1,normal
W-ACT,2026-09-04 09:59:17,1398,Girujan,14.77,16.33,102.7,10.84,2191.0,761.0,9.59,600.2,normal
W-ACT,2026-09-04 10:03:48,1399,Girujan,13.3,16.98,94.3,11.67,2202.0,736.0,9.61,599.6,normal
W-ACT,2026-09-04 10:07:58,1400,Girujan,14.39,18.97,101.7,11.47,2280.0,751.0,9.61,599.3,normal
W-ACT,2026-09-04 10:12:39,1401,Girujan,12.82,18.23,93.3,11.26,2263.0,752.0,9.58,599.1,normal
W-ACT,2026-09-04 10:17:00,1402,Girujan,13.75,16.61,101.5,12.01,2102.0,739.0,9.55,599.4,normal
W-ACT,2026-09-04 10:21:35,1403,Girujan,13.12,16.84,102.0,9.44,2173.0,739.0,9.62,599.3,normal
W-ACT,2026-09-04 10:26:07,1404,Girujan,13.23,18.87,99.7,10.69,2112.0,757.0,9.61,598.8,normal
W-ACT,2026-09-04 10:30:34,1405,Girujan,13.46,18.78,99.2,10.14,2175.0,744.0,9.59,598.7,normal
W-ACT,2026-09-04 10:34:47,1406,Girujan,14.23,17.43,101.3,10.88,2192.0,740.0,9.59,598.6,normal
W-ACT,2026-09-04 10:39:00,1407,Girujan,14.25,18.75,104.0,9.85,2199.0,752.0,9.63,599.1,normal
W-ACT,2026-09-04 10:44:09,1408,Girujan,11.64,20.0,99.5,10.15,2155.0,739.0,9.6,599.5,normal
W-ACT,2026-09-04 10:48:26,1409,Girujan,14.02,18.15,100.0,9.44,2111.0,745.0,9.62,599.6,normal
W-ACT,2026-09-04 10:52:49,1410,Girujan,13.68,19.21,97.0,11.53,2179.0,754.0,9.59,599.5,normal
W-ACT,2026-09-04 10:57:21,1411,Girujan,13.25,17.6,98.8,10.87,2198.0,756.0,9.57,599.5,normal
W-ACT,2026-09-04 11:01:56,1412,Girujan,13.09,17.1,102.1,9.71,2150.0,742.0,9.61,599.2,normal
W-ACT,2026-09-04 11:06:54,1413,Girujan,12.09,18.44,98.1,10.82,2167.0,746.0,9.59,599.0,normal
W-ACT,2026-09-04 11:11:15,1414,Girujan,13.75,18.9,97.9,10.49,2141.0,752.0,9.61,598.5,normal
W-ACT,2026-09-04 11:15:30,1415,Girujan,14.16,18.06,103.3,11.55,2158.0,741.0,9.58,598.9,normal
W-ACT,2026-09-04 11:19:54,1416,Girujan,13.63,18.03,93.9,10.33,2160.0,756.0,9.61,598.5,normal
W-ACT,2026-09-04 11:24:03,1417,Girujan,14.42,17.86,99.3,10.42,2220.0,750.0,9.64,598.9,normal
W-ACT,2026-09-04 11:27:55,1418,Girujan,15.53,19.14,101.6,10.08,2197.0,752.0,9.59,599.1,normal
W-ACT,2026-09-04 11:32:05,1419,Girujan,14.42,18.61,93.6,10.63,2187.0,742.0,9.61,598.9,normal
W-ACT,2026-09-04 11:37:03,1420,Girujan,12.06,19.41,93.4,10.15,2216.0,750.0,9.63,598.9,normal
W-ACT,2026-09-04 11:42:49,1421,Girujan,10.43,19.09,97.0,10.25,2170.0,751.0,9.57,599.0,normal
W-ACT,2026-09-04 11:47:06,1422,Girujan,14.0,17.24,102.2,10.33,2123.0,742.0,9.57,599.0,normal
W-ACT,2026-09-04 11:52:19,1423,Girujan,11.48,17.64,99.4,9.87,2116.0,757.0,9.58,599.4,normal
W-ACT,2026-09-04 11:57:28,1424,Girujan,11.67,19.5,101.4,10.59,2186.0,747.0,9.62,599.6,normal
W-ACT,2026-09-04 12:02:10,1425,Girujan,12.78,17.62,98.0,10.38,2245.0,739.0,9.59,599.2,normal
W-ACT,2026-09-04 12:07:26,1426,Girujan,11.39,19.52,100.2,10.72,2188.0,752.0,9.6,599.5,normal
W-ACT,2026-09-04 12:12:05,1427,Girujan,12.87,16.46,101.2,10.6,2200.0,772.0,9.58,599.7,normal
W-ACT,2026-09-04 12:16:25,1428,Girujan,13.84,18.38,99.1,9.64,2224.0,761.0,9.58,599.8,normal
W-ACT,2026-09-04 12:22:14,1429,Girujan,10.34,18.92,97.5,10.05,2157.0,747.0,9.6,599.8,normal
W-ACT,2026-09-04 12:26:56,1430,Girujan,12.75,19.22,102.5,10.84,2207.0,761.0,9.59,599.9,normal
W-ACT,2026-09-04 12:31:21,1431,Girujan,13.59,18.64,102.2,10.02,2171.0,738.0,9.61,600.2,normal
W-ACT,2026-09-04 12:35:39,1432,Girujan,13.95,18.57,96.0,10.08,2226.0,743.0,9.61,599.7,normal
W-ACT,2026-09-04 12:41:17,1433,Girujan,10.64,18.21,101.5,9.83,2142.0,751.0,9.6,599.4,normal
W-ACT,2026-09-04 12:46:12,1434,Girujan,12.22,18.57,99.0,10.23,2179.0,757.0,9.59,599.4,normal
W-ACT,2026-09-04 12:50:32,1435,Girujan,13.84,16.5,94.9,11.32,2162.0,758.0,9.61,599.6,normal
W-ACT,2026-09-04 12:55:01,1436,Girujan,13.4,19.1,97.3,10.9,2125.0,751.0,9.61,599.9,normal
W-ACT,2026-09-04 12:59:47,1437,Girujan,12.59,18.49,97.6,9.45,2181.0,744.0,9.6,600.1,normal
W-ACT,2026-09-04 13:04:23,1438,Girujan,13.0,17.85,99.3,10.84,2135.0,750.0,9.62,599.7,normal
W-ACT,2026-09-04 13:08:56,1439,Girujan,13.2,18.52,96.6,11.21,2239.0,753.0,9.6,600.1,normal
W-ACT,2026-09-04 13:13:37,1440,Girujan,12.83,18.92,100.7,10.23,2272.0,744.0,9.6,599.5,normal
W-ACT,2026-09-04 13:18:18,1441,Girujan,12.79,19.42,100.6,10.11,2192.0,749.0,9.61,599.0,normal
W-ACT,2026-09-04 13:23:02,1442,Girujan,12.67,19.21,103.6,10.37,2193.0,745.0,9.61,599.0,normal
W-ACT,2026-09-04 13:27:45,1443,Girujan,12.73,19.67,99.6,10.49,2177.0,744.0,9.56,598.8,normal
W-ACT,2026-09-04 13:32:14,1444,Girujan,13.39,19.6,100.7,10.43,2204.0,753.0,9.57,598.4,normal
W-ACT,2026-09-04 13:36:42,1445,Girujan,13.43,18.87,104.7,10.36,2141.0,736.0,9.59,598.5,normal
W-ACT,2026-09-04 13:40:35,1446,Girujan,15.44,18.55,105.1,10.47,2178.0,750.0,9.59,599.0,normal
W-ACT,2026-09-04 13:44:59,1447,Girujan,13.66,18.41,98.2,10.66,2195.0,751.0,9.59,599.1,normal
W-ACT,2026-09-04 13:49:13,1448,Girujan,14.16,18.3,101.1,10.88,2204.0,756.0,9.6,598.9,normal
W-ACT,2026-09-04 13:53:22,1449,Girujan,14.47,17.36,95.5,9.29,2214.0,752.0,9.57,598.8,normal
W-ACT,2026-09-04 13:58:00,1450,Girujan,12.95,19.31,96.5,10.68,2235.0,744.0,9.58,598.3,normal
W-ACT,2026-09-04 14:02:16,1451,Girujan,14.08,18.49,99.0,9.31,2100.0,740.0,9.61,598.7,normal
W-ACT,2026-09-04 14:06:32,1452,Girujan,14.04,15.81,99.7,10.52,2213.0,754.0,9.61,599.1,normal
W-ACT,2026-09-04 14:11:12,1453,Girujan,12.87,18.53,101.9,9.78,2150.0,745.0,9.58,599.0,normal
W-ACT,2026-09-04 14:15:57,1454,Girujan,12.63,17.73,101.4,10.91,2225.0,762.0,9.63,599.3,normal
W-ACT,2026-09-04 14:20:38,1455,Girujan,12.79,16.72,99.5,9.75,2166.0,760.0,9.62,599.6,normal
W-ACT,2026-09-04 14:25:45,1456,Girujan,11.74,16.78,98.2,9.87,2138.0,751.0,9.63,598.7,normal
W-ACT,2026-09-04 14:30:03,1457,Girujan,13.92,18.32,96.6,11.0,2194.0,762.0,9.6,598.2,normal
W-ACT,2026-09-04 14:34:14,1458,Girujan,14.34,17.11,105.1,10.31,2239.0,764.0,9.59,598.7,normal
W-ACT,2026-09-04 14:38:57,1459,Girujan,12.76,18.03,99.2,10.55,2215.0,751.0,9.61,598.9,normal
W-ACT,2026-09-04 14:43:03,1460,Girujan,14.64,17.54,93.1,10.53,2139.0,750.0,9.61,598.7,normal
W-ACT,2026-09-04 14:47:39,1461,Girujan,13.04,17.85,102.3,10.32,2170.0,766.0,9.6,598.9,normal
W-ACT,2026-09-04 14:52:35,1462,Girujan,12.16,18.7,97.8,10.14,2192.0,752.0,9.58,599.0,normal
W-ACT,2026-09-04 14:57:17,1463,Girujan,12.73,19.24,99.5,10.38,2214.0,752.0,9.62,598.4,normal
W-ACT,2026-09-04 15:03:34,1464,Girujan,9.57,16.72,103.0,14.55,2240.0,754.0,9.58,598.5,wellbore_instability
W-ACT,2026-09-04 15:10:33,1465,Girujan,8.59,17.54,98.8,13.3,2278.0,756.0,9.63,598.8,wellbore_instability
W-ACT,2026-09-04 15:16:48,1466,Girujan,9.58,19.33,99.2,15.24,2292.0,756.0,9.58,598.8,wellbore_instability
W-ACT,2026-09-04 15:22:46,1467,Girujan,10.08,18.75,99.2,14.5,2268.0,765.0,9.61,598.4,wellbore_instability
W-ACT,2026-09-04 15:29:04,1468,Girujan,9.51,17.7,95.9,13.38,2151.0,744.0,9.62,598.5,wellbore_instability
W-ACT,2026-09-04 15:35:10,1469,Girujan,9.83,18.86,104.5,14.57,2385.0,749.0,9.61,598.2,wellbore_instability
W-ACT,2026-09-04 15:42:45,1470,Girujan,7.92,18.34,100.4,14.07,2279.0,750.0,9.57,598.1,wellbore_instability
W-ACT,2026-09-04 15:49:28,1471,Girujan,8.93,17.17,104.8,15.19,2260.0,745.0,9.56,598.0,wellbore_instability
W-ACT,2026-09-04 15:55:40,1472,Girujan,9.68,18.65,107.2,12.5,2221.0,752.0,9.59,597.8,wellbore_instability
W-ACT,2026-09-04 16:01:59,1473,Girujan,9.51,18.23,99.6,14.19,2296.0,749.0,9.59,597.9,wellbore_instability
W-ACT,2026-09-04 16:08:01,1474,Girujan,9.93,17.97,100.8,13.92,2322.0,761.0,9.6,598.3,wellbore_instability
W-ACT,2026-09-04 16:14:53,1475,Girujan,8.74,18.55,101.9,14.8,2304.0,744.0,9.63,598.1,wellbore_instability
W-ACT,2026-09-04 16:21:24,1476,Girujan,9.2,16.5,98.5,12.53,2268.0,763.0,9.6,598.1,wellbore_instability
W-ACT,2026-09-04 16:28:15,1477,Girujan,8.76,17.0,98.2,15.01,2299.0,761.0,9.64,598.3,wellbore_instability
W-ACT,2026-09-04 16:32:33,1478,Girujan,13.96,17.05,91.4,10.12,2314.0,741.0,9.6,598.2,normal
W-ACT,2026-09-04 16:37:42,1479,Girujan,11.64,20.09,99.3,10.95,2216.0,741.0,9.57,598.0,normal
W-ACT,2026-09-04 16:42:02,1480,Girujan,13.89,17.11,96.5,10.96,2143.0,753.0,9.62,598.1,normal
W-ACT,2026-09-04 16:46:23,1481,Girujan,13.79,19.06,96.4,10.48,2113.0,757.0,9.58,598.3,normal
W-ACT,2026-09-04 16:51:02,1482,Girujan,12.88,17.22,99.3,10.46,2222.0,744.0,9.63,598.1,normal
W-ACT,2026-09-04 16:56:04,1483,Girujan,11.92,18.7,95.3,10.12,2366.0,764.0,9.58,598.6,normal
W-ACT,2026-09-04 17:00:30,1484,Girujan,13.55,18.34,108.1,10.27,2147.0,748.0,9.64,599.0,normal
W-ACT,2026-09-04 17:05:29,1485,Girujan,12.04,20.03,98.1,10.11,2241.0,743.0,9.62,598.6,normal
W-ACT,2026-09-04 17:10:23,1486,Girujan,12.25,17.82,99.6,10.36,2223.0,743.0,9.58,598.5,normal
W-ACT,2026-09-04 17:13:52,1487,Girujan,17.22,18.93,99.6,10.55,2172.0,749.0,9.64,598.4,normal
W-ACT,2026-09-04 17:18:25,1488,Girujan,13.16,19.14,96.7,10.89,2176.0,746.0,9.62,598.8,normal
W-ACT,2026-09-04 17:23:27,1489,Girujan,11.92,16.87,100.2,10.25,2199.0,744.0,9.61,598.7,normal
W-ACT,2026-09-04 17:28:17,1490,Girujan,12.41,19.82,98.6,10.14,2206.0,751.0,9.62,598.6,normal
W-ACT,2026-09-04 17:32:38,1491,Girujan,13.84,17.19,98.3,10.33,2245.0,739.0,9.58,598.2,normal
W-ACT,2026-09-04 17:37:41,1492,Girujan,11.86,17.71,102.0,10.49,2193.0,762.0,9.64,598.3,normal
W-ACT,2026-09-04 17:42:50,1493,Girujan,11.67,16.4,98.3,10.96,2252.0,752.0,9.61,598.3,normal
W-ACT,2026-09-04 17:47:28,1494,Girujan,12.94,18.06,99.5,11.1,2239.0,752.0,9.63,598.2,normal
W-ACT,2026-09-04 17:52:11,1495,Girujan,12.72,17.28,92.7,10.97,2194.0,752.0,9.6,599.0,normal
W-ACT,2026-09-04 17:56:42,1496,Girujan,13.28,17.38,102.6,10.17,2240.0,751.0,9.63,599.5,normal
W-ACT,2026-09-04 18:01:39,1497,Girujan,12.11,19.67,102.1,10.15,2201.0,760.0,9.63,599.7,normal
W-ACT,2026-09-04 18:06:34,1498,Girujan,12.21,17.07,97.6,10.33,2254.0,753.0,9.61,600.5,normal
W-ACT,2026-09-04 18:10:52,1499,Girujan,13.95,18.27,97.0,10.4,2212.0,745.0,9.62,601.3,normal
W-ACT,2026-09-04 18:16:07,1500,Girujan,11.44,16.54,100.8,10.26,2184.0,751.0,9.58,601.7,normal
W-ACT,2026-09-04 18:20:45,1501,Girujan,12.93,18.0,100.2,10.6,2293.0,749.0,9.59,602.2,normal
W-ACT,2026-09-04 18:25:02,1502,Girujan,14.0,17.33,104.8,10.51,2235.0,743.0,9.6,602.3,normal
W-ACT,2026-09-04 18:29:32,1503,Girujan,13.36,18.42,101.8,10.31,2249.0,758.0,9.56,602.6,normal
W-ACT,2026-09-04 18:34:01,1504,Girujan,13.35,18.9,100.3,10.79,2219.0,731.0,9.6,602.0,normal
W-ACT,2026-09-04 18:38:51,1505,Girujan,12.45,18.99,104.1,11.45,2245.0,745.0,9.58,602.3,normal
W-ACT,2026-09-04 18:43:02,1506,Girujan,14.34,16.95,97.8,10.74,2168.0,747.0,9.6,601.6,normal
W-ACT,2026-09-04 18:47:42,1507,Girujan,12.84,17.86,96.8,11.69,2236.0,749.0,9.56,601.0,normal
W-ACT,2026-09-04 18:52:23,1508,Girujan,12.79,17.74,98.0,10.91,2203.0,751.0,9.57,601.0,normal
W-ACT,2026-09-04 18:56:40,1509,Girujan,14.04,19.33,99.2,9.59,2284.0,757.0,9.59,600.7,normal
W-ACT,2026-09-04 19:00:58,1510,Girujan,13.96,17.93,103.3,9.69,2188.0,753.0,9.6,600.8,normal
W-ACT,2026-09-04 19:05:51,1511,Girujan,12.26,18.29,102.6,10.35,2227.0,758.0,9.61,600.9,normal
W-ACT,2026-09-04 19:10:06,1512,Girujan,14.13,18.96,100.0,9.61,2297.0,744.0,9.62,601.0,normal
W-ACT,2026-09-04 19:15:04,1513,Girujan,12.07,18.78,99.8,10.41,2239.0,748.0,9.59,601.2,normal
W-ACT,2026-09-04 19:19:48,1514,Girujan,12.69,17.47,99.7,10.62,2187.0,745.0,9.59,601.0,normal
W-ACT,2026-09-04 19:24:13,1515,Girujan,13.59,18.29,99.5,11.11,2236.0,758.0,9.6,601.7,normal
W-ACT,2026-09-04 19:29:30,1516,Girujan,11.37,17.02,97.9,10.63,2241.0,744.0,9.61,601.5,normal
W-ACT,2026-09-04 19:34:10,1517,Girujan,12.82,16.95,102.1,9.22,2311.0,756.0,9.6,601.2,normal
W-ACT,2026-09-04 19:38:46,1518,Girujan,13.05,18.09,103.1,11.3,2268.0,747.0,9.58,601.5,normal
W-ACT,2026-09-04 19:43:17,1519,Girujan,13.31,18.42,101.1,11.51,2273.0,739.0,9.62,600.9,normal
W-ACT,2026-09-04 19:48:18,1520,Girujan,11.95,16.13,107.3,10.22,2138.0,746.0,9.58,600.7,normal
W-ACT,2026-09-04 19:53:27,1521,Girujan,11.64,17.36,103.0,9.54,2239.0,749.0,9.61,600.5,normal
W-ACT,2026-09-04 19:57:42,1522,Girujan,14.14,19.33,98.8,11.1,2165.0,755.0,9.61,601.1,normal
W-ACT,2026-09-04 20:01:49,1523,Girujan,14.55,16.53,102.7,10.11,2242.0,735.0,9.63,600.7,normal
W-ACT,2026-09-04 20:06:02,1524,Girujan,14.26,17.74,101.6,10.16,2283.0,757.0,9.56,600.3,normal
W-ACT,2026-09-04 20:10:11,1525,Girujan,14.47,16.84,97.7,9.53,2172.0,742.0,9.63,600.8,normal
W-ACT,2026-09-04 20:14:50,1526,Girujan,12.89,17.65,100.4,10.58,2236.0,752.0,9.63,600.8,normal
W-ACT,2026-09-04 20:19:48,1527,Girujan,12.08,18.72,97.5,9.97,2178.0,749.0,9.63,601.3,normal
W-ACT,2026-09-04 20:23:57,1528,Girujan,14.48,17.62,96.5,9.78,2170.0,762.0,9.62,601.2,normal
W-ACT,2026-09-04 20:28:27,1529,Girujan,13.33,18.77,99.6,9.78,2272.0,750.0,9.62,601.1,normal
W-ACT,2026-09-04 20:34:23,1530,Girujan,10.1,16.84,101.0,9.95,2169.0,747.0,9.55,600.5,normal
W-ACT,2026-09-04 20:39:16,1531,Girujan,12.3,18.54,100.9,9.9,2261.0,752.0,9.6,600.1,normal
W-ACT,2026-09-04 20:44:03,1532,Girujan,12.55,17.5,98.9,10.2,2150.0,755.0,9.62,600.7,normal
W-ACT,2026-09-04 20:48:21,1533,Girujan,13.95,18.78,99.4,10.32,2202.0,734.0,9.61,600.4,bit_problem
W-ACT,2026-09-04 20:53:04,1534,Girujan,12.72,18.06,95.6,10.8,2164.0,755.0,9.6,600.2,bit_problem
W-ACT,2026-09-04 20:58:02,1535,Girujan,12.05,17.91,95.2,10.43,2200.0,754.0,9.6,600.0,bit_problem
W-ACT,2026-09-04 21:03:00,1536,Girujan,12.11,17.42,99.6,11.17,2280.0,743.0,9.61,599.7,bit_problem
W-ACT,2026-09-04 21:08:13,1537,Girujan,11.49,19.31,98.4,10.42,2279.0,759.0,9.59,599.6,bit_problem
W-ACT,2026-09-04 21:13:02,1538,Girujan,12.44,16.72,96.6,9.93,2243.0,751.0,9.61,600.1,bit_problem
W-ACT,2026-09-04 21:18:12,1539,Girujan,11.61,19.5,100.4,10.72,2265.0,761.0,9.52,600.2,bit_problem
W-ACT,2026-09-04 21:22:38,1540,Girujan,13.55,16.52,102.0,10.49,2186.0,744.0,9.61,600.6,bit_problem
W-ACT,2026-09-04 21:28:07,1541,Girujan,10.96,18.06,104.6,11.34,2232.0,758.0,9.62,601.2,bit_problem
W-ACT,2026-09-04 21:32:43,1542,Girujan,13.01,18.14,94.2,9.9,2307.0,767.0,9.58,600.6,bit_problem
W-ACT,2026-09-04 21:38:42,1543,Girujan,10.03,17.91,101.4,10.46,2368.0,754.0,9.62,600.7,bit_problem
W-ACT,2026-09-04 21:44:37,1544,Girujan,10.16,19.67,100.0,10.83,2326.0,747.0,9.57,601.1,bit_problem
W-ACT,2026-09-04 21:50:19,1545,Girujan,10.5,18.58,95.2,9.26,2382.0,744.0,9.59,600.6,bit_problem
W-ACT,2026-09-04 21:57:01,1546,Girujan,8.96,19.04,105.2,10.55,2169.0,736.0,9.61,600.7,bit_problem
W-ACT,2026-09-04 22:02:35,1547,Girujan,10.77,18.05,100.1,9.94,2283.0,748.0,9.61,601.6,bit_problem
W-ACT,2026-09-04 22:08:23,1548,Girujan,10.37,17.47,104.6,10.67,2232.0,750.0,9.61,601.2,bit_problem
W-ACT,2026-09-04 22:13:47,1549,Girujan,11.09,16.51,102.1,10.96,2218.0,749.0,9.6,601.4,bit_problem
W-ACT,2026-09-04 22:19:55,1550,Girujan,9.79,18.0,99.3,10.14,2389.0,741.0,9.58,601.7,bit_problem
W-ACT,2026-09-04 22:25:59,1551,Girujan,9.9,19.09,99.9,9.54,2234.0,748.0,9.61,602.5,bit_problem
W-ACT,2026-09-04 22:31:47,1552,Girujan,10.32,17.71,103.7,10.11,2236.0,744.0,9.61,602.2,bit_problem
W-ACT,2026-09-04 22:38:56,1553,Girujan,8.41,19.18,102.0,9.68,2243.0,742.0,9.6,602.4,bit_problem
W-ACT,2026-09-04 22:45:27,1554,Girujan,9.19,17.77,106.2,10.29,2314.0,738.0,9.61,602.1,bit_problem
W-ACT,2026-09-04 22:51:09,1555,Girujan,10.54,18.06,94.4,10.56,2234.0,743.0,9.63,602.6,bit_problem
W-ACT,2026-09-04 22:57:15,1556,Girujan,9.83,17.07,96.7,11.5,2242.0,763.0,9.59,602.2,bit_problem
W-ACT,2026-09-04 23:04:45,1557,Girujan,8.0,18.22,105.1,8.88,2291.0,759.0,9.59,602.5,bit_problem
W-ACT,2026-09-04 23:11:57,1558,Girujan,8.34,17.66,99.8,10.48,2235.0,745.0,9.61,603.0,bit_problem
W-ACT,2026-09-04 23:18:43,1559,Girujan,8.87,16.01,96.4,10.46,2356.0,751.0,9.58,603.2,bit_problem
W-ACT,2026-09-04 23:26:08,1560,Girujan,8.09,16.78,101.1,11.15,2190.0,745.0,9.57,602.7,bit_problem
W-ACT,2026-09-04 23:34:24,1561,Girujan,7.25,16.13,97.6,10.61,2255.0,758.0,9.54,601.9,bit_problem
W-ACT,2026-09-04 23:42:31,1562,Girujan,7.4,18.61,107.2,9.37,2301.0,744.0,9.57,602.0,bit_problem
W-ACT,2026-09-04 23:50:56,1563,Girujan,7.12,18.33,97.3,10.11,2268.0,740.0,9.59,601.6,bit_problem
W-ACT,2026-09-04 23:58:31,1564,Girujan,7.92,18.3,95.5,10.1,2234.0,749.0,9.61,601.2,bit_problem
W-ACT,2026-09-05 00:06:07,1565,Girujan,7.89,16.37,102.5,10.83,2330.0,749.0,9.58,601.8,bit_problem
W-ACT,2026-09-05 00:13:36,1566,Girujan,8.01,18.68,96.2,10.51,2251.0,758.0,9.6,601.8,bit_problem
W-ACT,2026-09-05 00:17:58,1567,Girujan,13.78,17.84,95.0,10.96,2249.0,745.0,9.61,602.2,normal
W-ACT,2026-09-05 00:22:31,1568,Girujan,13.15,18.74,99.9,10.67,2181.0,748.0,9.56,602.1,normal
W-ACT,2026-09-05 00:27:14,1569,Girujan,12.73,17.3,97.5,10.43,2240.0,759.0,9.57,601.9,normal
W-ACT,2026-09-05 00:31:09,1570,Girujan,15.33,16.72,98.3,10.48,2275.0,751.0,9.58,601.7,normal
W-ACT,2026-09-05 00:35:26,1571,Girujan,14.0,17.33,99.9,9.91,2314.0,737.0,9.59,601.4,normal
W-ACT,2026-09-05 00:40:04,1572,Girujan,12.98,17.81,104.8,11.14,2276.0,745.0,9.6,601.0,normal
W-ACT,2026-09-05 00:44:41,1573,Girujan,12.97,18.16,101.8,10.13,2220.0,745.0,9.6,600.7,normal
W-ACT,2026-09-05 00:49:01,1574,Girujan,13.84,17.76,97.1,10.27,2256.0,754.0,9.59,600.5,normal
W-ACT,2026-09-05 00:53:34,1575,Girujan,13.22,17.25,98.1,10.12,2151.0,750.0,9.63,599.5,normal
W-ACT,2026-09-05 00:58:36,1576,Girujan,11.89,20.16,100.8,11.09,2275.0,747.0,9.58,599.9,normal
W-ACT,2026-09-05 01:03:00,1577,Girujan,13.63,17.42,97.9,10.87,2267.0,745.0,9.59,599.4,normal
W-ACT,2026-09-05 01:08:11,1578,Girujan,11.59,16.66,99.5,11.2,2266.0,741.0,9.61,599.5,normal
W-ACT,2026-09-05 01:12:32,1579,Girujan,13.78,16.78,102.2,9.84,2204.0,739.0,9.57,599.2,normal
W-ACT,2026-09-05 01:17:20,1580,Girujan,12.52,19.23,107.0,10.44,2321.0,752.0,9.61,599.1,normal
W-ACT,2026-09-05 01:21:15,1581,Girujan,15.33,17.93,101.2,10.94,2165.0,750.0,9.6,599.0,normal
W-ACT,2026-09-05 01:25:41,1582,Girujan,13.54,18.8,102.3,10.04,2251.0,757.0,9.57,598.8,normal
W-ACT,2026-09-05 01:30:19,1583,Girujan,12.91,18.29,100.1,9.86,2291.0,754.0,9.59,598.6,normal
W-ACT,2026-09-05 01:36:48,1584,Girujan,9.27,18.0,98.6,11.36,2270.0,737.0,9.62,598.8,normal
W-ACT,2026-09-05 01:40:46,1585,Girujan,15.14,16.86,102.1,10.49,2203.0,742.0,9.59,599.3,normal
W-ACT,2026-09-05 01:45:26,1586,Girujan,12.82,18.7,95.3,10.45,2287.0,754.0,9.59,599.9,normal
W-ACT,2026-09-05 01:49:57,1587,Girujan,13.32,18.27,98.7,10.53,2339.0,741.0,9.62,599.9,normal
W-ACT,2026-09-05 01:54:29,1588,Girujan,13.2,17.31,99.3,10.89,2298.0,753.0,9.65,600.0,normal
W-ACT,2026-09-05 01:58:26,1589,Girujan,15.24,15.48,98.0,10.99,2295.0,748.0,9.6,600.5,normal
W-ACT,2026-09-05 02:03:25,1590,Girujan,12.01,18.62,100.4,11.48,2248.0,762.0,9.6,601.2,normal
W-ACT,2026-09-05 02:08:17,1591,Girujan,12.36,18.32,97.1,10.83,2282.0,747.0,9.6,600.8,normal
W-ACT,2026-09-05 02:13:04,1592,Girujan,12.54,18.87,95.6,10.53,2264.0,752.0,9.6,600.6,normal
W-ACT,2026-09-05 02:17:19,1593,Girujan,14.09,18.95,103.6,10.64,2261.0,748.0,9.6,600.1,normal
W-ACT,2026-09-05 02:22:09,1594,Girujan,12.42,19.27,101.0,10.96,2332.0,733.0,9.57,599.9,normal
W-ACT,2026-09-05 02:26:40,1595,Girujan,13.31,17.79,102.3,10.65,2279.0,752.0,9.58,599.6,normal
W-ACT,2026-09-05 02:31:07,1596,Girujan,13.47,18.11,98.7,10.39,2232.0,746.0,9.59,599.6,normal
W-ACT,2026-09-05 02:35:26,1597,Girujan,13.89,17.43,99.6,11.08,2243.0,746.0,9.61,599.2,normal
W-ACT,2026-09-05 02:40:07,1598,Girujan,12.82,17.79,96.4,10.87,2210.0,747.0,9.64,598.7,normal
W-ACT,2026-09-05 02:45:17,1599,Girujan,11.59,18.79,95.9,10.05,2317.0,766.0,9.61,599.0,normal
W-ACT,2026-09-05 02:49:37,1600,Girujan,13.87,19.37,97.3,10.5,2273.0,750.0,9.6,598.7,normal
W-ACT,2026-09-05 02:54:14,1601,Girujan,12.99,16.7,97.2,11.31,2243.0,747.0,9.57,599.1,normal
W-ACT,2026-09-05 02:59:04,1602,Girujan,12.43,17.93,104.4,11.9,2329.0,747.0,9.59,600.0,normal
W-ACT,2026-09-05 03:03:39,1603,Girujan,13.07,17.54,100.0,10.11,2289.0,750.0,9.58,599.1,normal
W-ACT,2026-09-05 03:09:10,1604,Girujan,10.88,18.27,102.3,10.43,2279.0,755.0,9.63,599.1,normal
W-ACT,2026-09-05 03:14:08,1605,Girujan,12.1,19.4,95.1,11.13,2268.0,751.0,9.61,599.5,normal
W-ACT,2026-09-05 03:18:43,1606,Girujan,13.06,18.27,97.5,10.01,2325.0,747.0,9.58,599.2,normal
W-ACT,2026-09-05 03:25:12,1607,Girujan,9.27,17.6,101.2,11.21,2302.0,742.0,9.62,599.4,normal
W-ACT,2026-09-05 03:29:27,1608,Girujan,14.09,17.83,104.4,9.81,2246.0,743.0,9.61,599.3,normal
W-ACT,2026-09-05 03:33:49,1609,Girujan,13.75,19.82,99.3,10.16,2364.0,753.0,9.6,599.5,normal
W-ACT,2026-09-05 03:38:33,1610,Girujan,12.66,17.83,101.6,10.69,2320.0,739.0,9.62,599.8,normal
W-ACT,2026-09-05 03:43:14,1611,Girujan,12.84,18.45,96.9,8.75,2241.0,738.0,9.57,599.7,normal
W-ACT,2026-09-05 03:47:55,1612,Girujan,12.81,18.37,95.5,10.34,2292.0,750.0,9.63,598.8,normal
W-ACT,2026-09-05 03:51:38,1613,Girujan,16.14,18.24,96.5,11.13,2291.0,750.0,9.62,599.4,normal
W-ACT,2026-09-05 03:56:39,1614,Girujan,11.94,19.71,98.5,10.16,2291.0,757.0,9.59,599.6,normal
W-ACT,2026-09-05 04:01:27,1615,Girujan,12.49,19.02,100.3,10.63,2232.0,761.0,9.6,598.9,normal
W-ACT,2026-09-05 04:06:02,1616,Girujan,13.1,17.85,102.7,10.9,2242.0,748.0,9.58,598.5,normal
W-ACT,2026-09-05 04:10:20,1617,Girujan,13.94,19.12,101.2,10.93,2305.0,755.0,9.63,598.6,normal
W-ACT,2026-09-05 04:15:18,1618,Girujan,12.1,18.47,100.0,10.69,2270.0,743.0,9.61,598.5,normal
W-ACT,2026-09-05 04:20:26,1619,Girujan,11.7,18.26,99.5,11.01,2276.0,755.0,9.57,598.0,normal
W-ACT,2026-09-05 04:25:08,1620,Girujan,12.75,18.64,106.7,10.63,2278.0,730.0,9.59,598.0,normal
W-ACT,2026-09-05 04:29:32,1621,Girujan,13.65,16.48,104.3,10.51,2252.0,747.0,9.62,598.6,normal
W-ACT,2026-09-05 04:34:23,1622,Girujan,12.38,17.82,107.3,10.97,2238.0,751.0,9.61,598.7,normal
W-ACT,2026-09-05 04:39:09,1623,Girujan,12.57,15.59,102.5,11.45,2361.0,749.0,9.61,598.8,normal
W-ACT,2026-09-05 04:43:50,1624,Girujan,12.83,15.99,97.4,10.31,2268.0,767.0,9.59,598.1,normal
W-ACT,2026-09-05 04:48:14,1625,Girujan,13.6,16.88,100.7,11.27,2286.0,745.0,9.57,598.2,normal
W-ACT,2026-09-05 04:52:51,1626,Girujan,13.03,17.82,102.5,10.76,2312.0,748.0,9.62,597.8,normal
W-ACT,2026-09-05 04:57:06,1627,Girujan,14.1,19.04,103.0,11.01,2306.0,749.0,9.57,598.5,normal
W-ACT,2026-09-05 05:01:55,1628,Girujan,12.45,17.25,97.3,10.04,2347.0,757.0,9.62,598.2,normal
W-ACT,2026-09-05 05:06:28,1629,Girujan,13.21,16.57,94.8,9.85,2322.0,749.0,9.61,598.1,normal
W-ACT,2026-09-05 05:11:08,1630,Girujan,12.82,17.98,100.5,11.38,2316.0,755.0,9.61,597.7,normal
W-ACT,2026-09-05 05:15:54,1631,Girujan,12.61,18.09,98.4,10.1,2237.0,744.0,9.61,597.2,normal
W-ACT,2026-09-05 05:21:18,1632,Girujan,11.12,20.34,105.5,10.61,2404.0,744.0,9.62,597.5,normal
W-ACT,2026-09-05 05:25:52,1633,Girujan,13.14,18.4,103.2,10.47,2421.0,740.0,9.62,597.6,normal
W-ACT,2026-09-05 05:30:47,1634,Girujan,12.19,17.58,98.9,11.37,2195.0,749.0,9.56,597.9,normal
W-ACT,2026-09-05 05:35:06,1635,Girujan,13.88,17.6,108.0,10.01,2307.0,741.0,9.57,598.4,normal
W-ACT,2026-09-05 05:39:43,1636,Girujan,13.03,18.71,107.1,10.27,2328.0,747.0,9.62,598.7,normal
W-ACT,2026-09-05 05:44:16,1637,Girujan,13.14,18.07,97.7,11.45,2273.0,756.0,9.61,598.4,normal
W-ACT,2026-09-05 05:48:46,1638,Girujan,13.35,18.14,97.7,10.13,2315.0,771.0,9.61,598.5,normal
W-ACT,2026-09-05 05:53:07,1639,Girujan,13.8,18.48,99.2,10.85,2230.0,746.0,9.6,598.1,normal
W-ACT,2026-09-05 05:57:38,1640,Girujan,13.3,18.14,96.9,10.34,2355.0,761.0,9.58,598.2,normal
W-ACT,2026-09-05 06:02:02,1641,Girujan,13.6,18.56,102.7,10.9,2336.0,740.0,9.61,598.3,normal
W-ACT,2026-09-05 06:06:26,1642,Girujan,13.67,19.56,97.8,10.97,2303.0,744.0,9.59,598.8,normal
W-ACT,2026-09-05 06:10:45,1643,Girujan,13.87,17.52,102.4,9.8,2316.0,739.0,9.63,598.7,normal
W-ACT,2026-09-05 06:15:25,1644,Girujan,12.89,17.46,101.6,11.1,2247.0,743.0,9.61,598.8,normal
W-ACT,2026-09-05 06:20:40,1645,Girujan,11.41,18.09,103.6,10.59,2402.0,755.0,9.63,598.7,normal
W-ACT,2026-09-05 06:24:55,1646,Girujan,14.15,16.98,100.0,10.83,2336.0,757.0,9.62,598.8,normal
W-ACT,2026-09-05 06:29:25,1647,Girujan,13.3,17.83,100.1,10.26,2255.0,747.0,9.57,598.4,normal
W-ACT,2026-09-05 06:33:53,1648,Girujan,13.42,17.72,101.8,11.76,2249.0,736.0,9.61,598.7,normal
W-ACT,2026-09-05 06:37:58,1649,Girujan,14.73,18.97,98.3,11.37,2308.0,760.0,9.6,599.3,normal
W-ACT,2026-09-05 06:42:57,1650,Girujan,12.04,17.73,93.2,10.04,2292.0,746.0,9.63,599.7,normal
W-ACT,2026-09-05 06:47:24,1651,Girujan,13.46,18.49,102.2,10.4,2363.0,751.0,9.58,600.2,normal
W-ACT,2026-09-05 06:51:33,1652,Girujan,14.48,17.25,101.2,10.46,2254.0,751.0,9.62,599.8,normal
W-ACT,2026-09-05 06:55:45,1653,Girujan,14.31,17.18,93.8,10.17,2322.0,758.0,9.59,599.4,normal
W-ACT,2026-09-05 07:00:57,1654,Girujan,11.53,17.39,93.9,11.45,2391.0,752.0,9.57,599.5,normal
W-ACT,2026-09-05 07:05:19,1655,Girujan,13.71,18.3,99.6,9.87,2292.0,756.0,9.62,599.7,normal
W-ACT,2026-09-05 07:09:51,1656,Girujan,13.24,16.74,99.8,10.82,2288.0,766.0,9.6,599.4,normal
W-ACT,2026-09-05 07:14:06,1657,Girujan,14.13,15.68,102.9,10.91,2316.0,747.0,9.57,598.7,normal
W-ACT,2026-09-05 07:19:12,1658,Girujan,11.75,19.65,100.1,11.27,2295.0,751.0,9.61,598.5,normal
W-ACT,2026-09-05 07:23:36,1659,Girujan,13.65,18.03,97.4,11.07,2213.0,754.0,9.59,599.0,normal
W-ACT,2026-09-05 07:28:04,1660,Girujan,13.45,17.32,100.3,10.64,2322.0,758.0,9.59,598.5,normal
W-ACT,2026-09-05 07:32:01,1661,Girujan,15.15,18.02,94.7,10.84,2378.0,755.0,9.61,598.0,normal
W-ACT,2026-09-05 07:36:52,1662,Girujan,12.4,18.53,102.0,11.02,2267.0,741.0,9.62,597.3,normal
W-ACT,2026-09-05 07:41:33,1663,Girujan,12.81,18.32,100.8,10.46,2320.0,755.0,9.59,597.3,normal
W-ACT,2026-09-05 07:47:40,1664,Girujan,9.81,17.48,104.2,10.64,2252.0,752.0,9.59,596.7,normal
W-ACT,2026-09-05 07:51:47,1665,Girujan,14.53,17.41,100.0,10.64,2324.0,748.0,9.55,596.9,normal
W-ACT,2026-09-05 07:56:20,1666,Girujan,13.22,18.54,99.6,10.65,2360.0,748.0,9.57,597.4,normal
W-ACT,2026-09-05 08:00:37,1667,Girujan,14.0,18.05,97.8,10.23,2339.0,737.0,9.62,597.5,normal
W-ACT,2026-09-05 08:05:07,1668,Girujan,13.35,17.73,98.4,11.01,2326.0,758.0,9.6,598.0,normal
W-ACT,2026-09-05 08:09:28,1669,Girujan,13.75,16.92,100.8,12.24,2406.0,741.0,9.61,597.8,normal
W-ACT,2026-09-05 08:14:01,1670,Girujan,13.2,17.36,99.1,10.14,2300.0,737.0,9.59,597.9,normal
W-ACT,2026-09-05 08:18:52,1671,Girujan,12.38,18.63,98.7,10.34,2280.0,738.0,9.63,597.8,normal
W-ACT,2026-09-05 08:23:26,1672,Girujan,13.12,17.13,96.4,10.79,2270.0,752.0,9.63,598.5,normal
W-ACT,2026-09-05 08:27:47,1673,Girujan,13.83,16.6,95.4,9.88,2297.0,758.0,9.61,598.6,normal
W-ACT,2026-09-05 08:31:51,1674,Girujan,14.73,17.31,100.7,9.85,2419.0,742.0,9.59,598.3,normal
W-ACT,2026-09-05 08:36:11,1675,Girujan,13.86,18.0,105.2,11.54,2325.0,750.0,9.6,598.8,normal
W-ACT,2026-09-05 08:41:22,1676,Girujan,11.58,17.11,100.5,10.52,2249.0,740.0,9.62,599.3,normal
W-ACT,2026-09-05 08:46:08,1677,Girujan,12.56,18.28,96.0,10.2,2387.0,734.0,9.6,599.0,normal
W-ACT,2026-09-05 08:50:43,1678,Girujan,13.12,18.06,100.5,10.25,2360.0,748.0,9.58,599.7,normal
W-ACT,2026-09-05 08:55:13,1679,Girujan,13.31,18.28,101.8,10.98,2398.0,751.0,9.57,599.5,normal
W-ACT,2026-09-05 08:59:26,1680,Girujan,14.23,17.37,103.2,11.0,2297.0,740.0,9.57,599.2,normal
W-ACT,2026-09-05 09:04:47,1681,Girujan,11.23,17.98,92.9,11.71,2341.0,756.0,9.65,598.9,normal
W-ACT,2026-09-05 09:09:01,1682,Girujan,14.15,16.85,97.5,11.66,2342.0,748.0,9.63,598.8,normal
W-ACT,2026-09-05 09:13:10,1683,Girujan,14.45,17.95,101.1,10.43,2368.0,757.0,9.61,598.8,normal
W-ACT,2026-09-05 09:18:21,1684,Girujan,11.57,18.36,102.9,10.71,2337.0,753.0,9.61,598.6,normal
W-ACT,2026-09-05 09:23:04,1685,Girujan,12.74,18.75,96.5,11.38,2293.0,758.0,9.61,599.0,normal
W-ACT,2026-09-05 09:27:51,1686,Girujan,12.56,18.98,98.1,9.8,2364.0,758.0,9.62,599.5,normal
W-ACT,2026-09-05 09:32:34,1687,Girujan,12.69,18.93,105.8,10.47,2315.0,758.0,9.62,599.3,normal
W-ACT,2026-09-05 09:37:11,1688,Girujan,12.99,17.15,95.9,10.36,2316.0,741.0,9.59,599.2,normal
W-ACT,2026-09-05 09:41:45,1689,Girujan,13.15,18.56,97.4,10.72,2376.0,750.0,9.58,598.5,normal
W-ACT,2026-09-05 09:45:59,1690,Girujan,14.17,17.88,98.9,10.61,2237.0,755.0,9.59,598.9,normal
W-ACT,2026-09-05 09:50:36,1691,Girujan,13.0,17.49,100.4,10.09,2324.0,740.0,9.6,599.0,normal
W-ACT,2026-09-05 09:56:01,1692,Girujan,11.09,18.09,99.1,11.47,2350.0,750.0,9.55,598.9,normal
W-ACT,2026-09-05 10:00:20,1693,Girujan,13.87,17.77,103.5,10.81,2382.0,748.0,9.58,599.3,normal
W-ACT,2026-09-05 10:04:44,1694,Girujan,13.66,17.27,100.6,10.93,2410.0,760.0,9.62,598.6,normal
W-ACT,2026-09-05 10:09:29,1695,Girujan,12.63,20.11,98.4,10.57,2269.0,741.0,9.59,598.5,normal
W-ACT,2026-09-05 10:14:18,1696,Girujan,12.45,18.78,97.9,11.16,2234.0,752.0,9.66,598.7,normal
W-ACT,2026-09-05 10:18:45,1697,Girujan,13.49,18.22,98.5,9.75,2246.0,745.0,9.58,599.2,normal
W-ACT,2026-09-05 10:23:15,1698,Girujan,13.35,17.88,100.4,11.41,2333.0,749.0,9.61,599.3,normal
W-ACT,2026-09-05 10:27:52,1699,Girujan,12.98,18.66,97.4,10.73,2299.0,755.0,9.61,599.4,normal
W-ACT,2026-09-05 10:32:31,1700,Girujan,12.91,18.09,100.1,11.23,2339.0,745.0,9.61,599.2,normal
W-ACT,2026-09-05 10:36:57,1701,Girujan,13.52,17.71,104.4,10.86,2306.0,742.0,9.61,599.3,normal
W-ACT,2026-09-05 10:42:18,1702,Girujan,11.23,19.3,97.9,10.37,2290.0,750.0,9.61,599.0,normal
W-ACT,2026-09-05 10:47:20,1703,Girujan,11.92,17.97,95.8,10.13,2356.0,749.0,9.63,598.7,normal
W-ACT,2026-09-05 10:51:31,1704,Girujan,14.35,18.25,101.1,11.23,2244.0,765.0,9.6,599.0,normal
W-ACT,2026-09-05 10:56:14,1705,Girujan,12.68,20.09,99.8,10.76,2331.0,769.0,9.63,598.7,normal
W-ACT,2026-09-05 11:00:10,1706,Girujan,15.27,16.82,103.5,9.66,2413.0,745.0,9.61,598.4,normal
W-ACT,2026-09-05 11:04:36,1707,Girujan,13.52,18.07,96.6,11.82,2286.0,735.0,9.58,598.6,normal
W-ACT,2026-09-05 11:08:53,1708,Girujan,14.05,18.85,100.6,10.34,2356.0,744.0,9.62,598.5,normal
W-ACT,2026-09-05 11:13:38,1709,Girujan,12.62,17.73,102.9,11.27,2327.0,740.0,9.61,598.7,normal
W-ACT,2026-09-05 11:18:34,1710,Girujan,12.17,14.73,105.7,11.23,2393.0,751.0,9.62,599.1,normal
W-ACT,2026-09-05 11:22:56,1711,Girujan,13.75,17.23,103.7,10.74,2344.0,746.0,9.6,599.3,normal
W-ACT,2026-09-05 11:27:41,1712,Girujan,12.6,18.0,96.3,11.08,2324.0,765.0,9.61,598.9,normal
W-ACT,2026-09-05 11:32:43,1713,Girujan,11.94,16.92,97.9,10.32,2275.0,763.0,9.59,598.8,normal
W-ACT,2026-09-05 11:37:36,1714,Girujan,12.29,17.97,95.6,10.34,2354.0,749.0,9.59,598.1,normal
W-ACT,2026-09-05 11:42:31,1715,Girujan,12.2,18.78,100.4,11.2,2391.0,746.0,9.63,597.5,normal
W-ACT,2026-09-05 11:46:53,1716,Girujan,13.75,18.73,99.9,11.63,2394.0,743.0,9.62,596.9,normal
W-ACT,2026-09-05 11:51:31,1717,Girujan,12.92,18.06,102.1,9.81,2417.0,750.0,9.59,596.5,normal
W-ACT,2026-09-05 11:55:59,1718,Girujan,13.46,17.09,100.0,10.4,2298.0,743.0,9.64,597.3,normal
W-ACT,2026-09-05 12:00:31,1719,Girujan,13.24,16.51,103.1,11.21,2341.0,755.0,9.61,597.7,normal
W-ACT,2026-09-05 12:05:08,1720,Girujan,12.97,17.43,99.4,10.89,2336.0,752.0,9.6,597.4,normal
W-ACT,2026-09-05 12:09:36,1721,Girujan,13.44,17.0,103.2,11.0,2281.0,755.0,9.58,597.5,normal
W-ACT,2026-09-05 12:13:54,1722,Girujan,13.95,17.89,96.2,11.02,2387.0,742.0,9.61,597.5,normal
W-ACT,2026-09-05 12:18:38,1723,Girujan,12.66,19.42,98.8,11.41,2368.0,748.0,9.6,597.3,normal
W-ACT,2026-09-05 12:23:20,1724,Girujan,12.81,18.33,100.2,11.41,2403.0,749.0,9.61,597.5,normal
W-ACT,2026-09-05 12:27:31,1725,Girujan,14.33,19.46,101.7,10.77,2404.0,760.0,9.59,597.4,normal
W-ACT,2026-09-05 12:31:51,1726,Girujan,13.81,17.72,99.6,10.12,2330.0,744.0,9.62,597.8,normal
W-ACT,2026-09-05 12:36:06,1727,Girujan,14.14,18.47,101.1,11.29,2322.0,746.0,9.61,597.7,normal
W-ACT,2026-09-05 12:41:15,1728,Girujan,11.66,18.22,91.4,10.89,2434.0,758.0,9.6,598.3,normal
W-ACT,2026-09-05 12:45:47,1729,Girujan,13.2,17.78,98.9,10.74,2377.0,745.0,9.59,597.6,normal
W-ACT,2026-09-05 12:50:13,1730,Girujan,13.58,18.08,101.2,10.17,2322.0,760.0,9.63,597.3,normal
W-ACT,2026-09-05 12:55:40,1731,Girujan,10.99,16.76,100.7,9.76,2325.0,746.0,9.59,597.6,normal
W-ACT,2026-09-05 13:00:06,1732,Girujan,13.55,17.19,103.2,10.66,2343.0,750.0,9.58,598.0,normal
W-ACT,2026-09-05 13:05:06,1733,Girujan,12.01,19.16,102.2,10.68,2283.0,755.0,9.58,597.5,normal
W-ACT,2026-09-05 13:09:35,1734,Girujan,13.36,17.84,98.2,10.98,2276.0,754.0,9.6,597.3,normal
W-ACT,2026-09-05 13:14:09,1735,Girujan,13.12,16.54,100.7,9.69,2367.0,737.0,9.63,597.6,normal
W-ACT,2026-09-05 13:18:22,1736,Girujan,14.27,17.95,99.9,10.86,2336.0,742.0,9.58,597.1,normal
W-ACT,2026-09-05 13:23:03,1737,Girujan,12.82,17.53,103.9,10.84,2333.0,749.0,9.59,597.4,normal
W-ACT,2026-09-05 13:27:55,1738,Girujan,12.3,17.03,98.9,10.98,2253.0,755.0,9.63,597.2,normal
W-ACT,2026-09-05 13:32:01,1739,Girujan,14.64,18.35,99.3,10.85,2372.0,744.0,9.57,597.1,normal
W-ACT,2026-09-05 13:36:46,1740,Girujan,12.64,18.51,94.6,11.4,2377.0,762.0,9.62,596.4,normal
W-ACT,2026-09-05 13:41:14,1741,Girujan,13.44,17.24,103.7,11.28,2312.0,749.0,9.62,595.9,normal
W-ACT,2026-09-05 13:46:03,1742,Girujan,12.45,18.11,101.7,11.33,2305.0,745.0,9.58,595.4,normal
W-ACT,2026-09-05 13:51:02,1743,Girujan,12.04,19.13,97.8,10.52,2329.0,753.0,9.61,595.4,normal
W-ACT,2026-09-05 13:55:48,1744,Girujan,12.59,18.38,98.3,10.46,2367.0,767.0,9.61,595.1,normal
W-ACT,2026-09-05 14:00:20,1745,Girujan,13.22,17.32,101.4,10.33,2271.0,752.0,9.62,594.8,normal
W-ACT,2026-09-05 14:05:09,1746,Girujan,12.45,18.13,102.2,11.53,2221.0,754.0,9.6,595.6,normal
W-ACT,2026-09-05 14:09:55,1747,Girujan,12.6,18.8,98.3,12.31,2382.0,758.0,9.63,595.6,normal
W-ACT,2026-09-05 14:14:40,1748,Girujan,12.63,18.39,102.6,10.99,2347.0,751.0,9.62,595.6,normal
W-ACT,2026-09-05 14:19:25,1749,Girujan,12.62,18.56,99.6,10.68,2400.0,752.0,9.6,595.6,normal
W-ACT,2026-09-05 14:24:41,1750,Girujan,11.4,17.36,100.8,10.47,2361.0,741.0,9.61,595.8,normal
W-ACT,2026-09-05 14:29:27,1751,Girujan,12.61,18.56,94.3,9.87,2306.0,763.0,9.64,595.5,normal
W-ACT,2026-09-05 14:34:26,1752,Girujan,12.03,18.1,104.5,10.79,2421.0,747.0,9.59,596.1,normal
W-ACT,2026-09-05 14:39:24,1753,Girujan,12.08,16.66,101.2,11.12,2408.0,747.0,9.59,596.1,normal
W-ACT,2026-09-05 14:43:52,1754,Girujan,13.42,18.38,97.7,10.77,2395.0,740.0,9.63,595.8,normal
W-ACT,2026-09-05 14:48:17,1755,Girujan,13.59,17.63,103.2,12.18,2373.0,751.0,9.6,596.0,normal
W-ACT,2026-09-05 14:52:29,1756,Girujan,14.27,17.66,101.0,10.78,2390.0,767.0,9.59,595.9,normal
W-ACT,2026-09-05 14:56:56,1757,Girujan,13.5,18.79,99.1,9.9,2356.0,761.0,9.59,595.8,normal
W-ACT,2026-09-05 15:01:17,1758,Girujan,13.78,19.24,99.7,11.65,2423.0,751.0,9.61,596.2,normal
W-ACT,2026-09-05 15:06:29,1759,Girujan,11.55,16.48,101.2,10.62,2311.0,748.0,9.6,596.2,normal
W-ACT,2026-09-05 15:11:10,1760,Girujan,12.79,17.11,94.4,10.51,2466.0,745.0,9.64,596.5,normal
W-ACT,2026-09-05 15:15:46,1761,Girujan,13.08,17.44,100.7,10.64,2397.0,746.0,9.61,596.9,normal
W-ACT,2026-09-05 15:20:34,1762,Girujan,12.5,18.71,100.7,9.65,2338.0,752.0,9.58,596.9,normal
W-ACT,2026-09-05 15:24:57,1763,Girujan,13.69,17.33,96.4,11.44,2287.0,747.0,9.6,597.3,normal
W-ACT,2026-09-05 15:29:51,1764,Girujan,12.24,17.42,103.9,11.46,2382.0,746.0,9.59,596.6,normal
W-ACT,2026-09-05 15:35:05,1765,Girujan,11.46,16.58,101.5,10.39,2415.0,757.0,9.58,597.2,normal
W-ACT,2026-09-05 15:39:29,1766,Girujan,13.64,18.11,98.9,10.72,2369.0,755.0,9.61,597.2,normal
W-ACT,2026-09-05 15:43:59,1767,Girujan,13.31,16.61,96.9,10.91,2333.0,748.0,9.6,596.6,normal
W-ACT,2026-09-05 15:48:44,1768,Girujan,12.65,17.51,97.1,10.31,2399.0,750.0,9.57,596.8,normal
W-ACT,2026-09-05 15:53:07,1769,Girujan,13.69,17.03,95.7,11.03,2439.0,756.0,9.57,597.0,normal
W-ACT,2026-09-05 15:57:37,1770,Girujan,13.3,17.93,102.6,9.89,2365.0,758.0,9.64,597.2,normal
W-ACT,2026-09-05 16:02:25,1771,Girujan,12.54,18.25,96.1,10.6,2296.0,769.0,9.6,597.6,normal
W-ACT,2026-09-05 16:07:29,1772,Girujan,11.81,16.26,103.0,11.09,2482.0,757.0,9.59,597.4,normal
W-ACT,2026-09-05 16:12:06,1773,Girujan,13.02,17.91,104.8,10.57,2417.0,754.0,9.63,597.9,normal
W-ACT,2026-09-05 16:17:16,1774,Girujan,11.61,16.88,97.6,10.92,2403.0,751.0,9.57,597.2,normal
W-ACT,2026-09-05 16:22:17,1775,Girujan,11.97,18.38,95.1,10.63,2324.0,765.0,9.6,597.3,normal
W-ACT,2026-09-05 16:26:56,1776,Girujan,12.9,18.67,103.4,11.09,2295.0,745.0,9.59,597.7,normal
W-ACT,2026-09-05 16:31:57,1777,Girujan,11.97,17.33,100.7,10.74,2347.0,758.0,9.6,597.1,normal
W-ACT,2026-09-05 16:36:36,1778,Girujan,12.9,17.9,98.9,10.54,2328.0,747.0,9.61,597.3,normal
W-ACT,2026-09-05 16:41:18,1779,Girujan,12.75,17.28,99.9,10.61,2361.0,747.0,9.58,597.0,normal
W-ACT,2026-09-05 16:46:07,1780,Girujan,12.44,18.06,98.3,11.13,2412.0,739.0,9.6,597.1,normal
W-ACT,2026-09-05 16:50:59,1781,Girujan,12.35,17.66,101.7,10.88,2346.0,754.0,9.64,597.2,normal
W-ACT,2026-09-05 16:55:54,1782,Girujan,12.18,18.12,95.5,10.27,2336.0,749.0,9.61,597.7,normal
W-ACT,2026-09-05 17:00:16,1783,Girujan,13.75,17.84,97.3,10.56,2462.0,744.0,9.6,597.9,normal
W-ACT,2026-09-05 17:05:04,1784,Girujan,12.53,17.26,104.8,10.32,2386.0,738.0,9.64,598.4,normal
W-ACT,2026-09-05 17:09:05,1785,Girujan,14.92,17.48,106.7,10.99,2414.0,754.0,9.59,598.0,normal
W-ACT,2026-09-05 17:13:53,1786,Girujan,12.51,17.55,99.8,10.14,2429.0,754.0,9.59,598.4,normal
W-ACT,2026-09-05 17:18:40,1787,Girujan,12.53,19.5,98.7,9.99,2389.0,751.0,9.61,598.2,normal
W-ACT,2026-09-05 17:23:26,1788,Girujan,12.58,17.92,100.1,10.41,2328.0,755.0,9.59,599.1,normal
W-ACT,2026-09-05 17:27:41,1789,Girujan,14.12,18.85,102.3,11.35,2363.0,755.0,9.59,599.0,normal
W-ACT,2026-09-05 17:31:45,1790,Girujan,14.74,18.6,96.2,11.12,2440.0,751.0,9.61,599.3,normal
W-ACT,2026-09-05 17:36:02,1791,Girujan,14.05,18.84,98.5,10.7,2388.0,749.0,9.59,599.4,normal
W-ACT,2026-09-05 17:40:54,1792,Girujan,12.32,19.1,98.0,11.33,2435.0,751.0,9.58,599.9,normal
W-ACT,2026-09-05 17:45:24,1793,Girujan,13.32,18.56,100.7,10.78,2336.0,761.0,9.61,600.0,normal
W-ACT,2026-09-05 17:50:05,1794,Girujan,12.8,18.24,102.4,10.3,2416.0,743.0,9.6,599.8,normal
W-ACT,2026-09-05 17:54:39,1795,Girujan,13.15,18.4,102.5,10.58,2400.0,748.0,9.59,599.1,normal
W-ACT,2026-09-05 17:58:52,1796,Girujan,14.22,16.68,96.8,10.26,2403.0,747.0,9.61,598.6,normal
W-ACT,2026-09-05 18:04:32,1797,Girujan,10.6,18.59,102.8,10.04,2356.0,743.0,9.61,598.8,normal
W-ACT,2026-09-05 18:09:08,1798,Girujan,13.04,17.05,91.3,10.84,2448.0,740.0,9.6,599.2,normal
W-ACT,2026-09-05 18:13:24,1799,Girujan,14.05,20.06,98.1,10.06,2428.0,749.0,9.59,599.3,normal
W-ACT,2026-09-05 18:17:57,1800,Girujan,13.2,18.45,99.5,10.29,2500.0,754.0,9.62,599.2,normal
W-ACT,2026-09-05 18:23:12,1801,Girujan,11.41,18.52,98.8,10.94,2350.0,747.0,9.57,598.5,normal
W-ACT,2026-09-05 18:27:52,1802,Girujan,12.87,18.71,101.6,10.37,2331.0,756.0,9.6,598.4,normal
W-ACT,2026-09-05 18:32:25,1803,Girujan,13.18,18.55,100.4,10.14,2480.0,760.0,9.62,598.6,normal
W-ACT,2026-09-05 18:37:32,1804,Girujan,11.75,17.35,97.6,11.86,2409.0,742.0,9.59,598.5,normal
W-ACT,2026-09-05 18:41:34,1805,Girujan,14.82,16.56,100.2,11.18,2451.0,756.0,9.59,598.0,normal
W-ACT,2026-09-05 18:45:57,1806,Girujan,13.7,19.36,101.8,10.58,2383.0,745.0,9.57,598.1,normal
W-ACT,2026-09-05 18:50:32,1807,Girujan,13.1,19.08,101.2,11.88,2370.0,743.0,9.65,597.9,normal
W-ACT,2026-09-05 18:56:01,1808,Girujan,10.96,18.92,98.5,11.28,2362.0,755.0,9.62,598.5,normal
W-ACT,2026-09-05 19:01:03,1809,Girujan,11.9,17.21,97.4,11.05,2384.0,752.0,9.63,599.3,normal
W-ACT,2026-09-05 19:05:42,1810,Girujan,12.9,18.55,97.9,10.83,2360.0,745.0,9.59,598.9,normal
W-ACT,2026-09-05 19:10:58,1811,Girujan,11.4,17.98,100.0,11.0,2391.0,744.0,9.58,598.5,normal
W-ACT,2026-09-05 19:15:23,1812,Girujan,13.6,18.25,99.6,10.81,2464.0,752.0,9.6,598.3,normal
W-ACT,2026-09-05 19:20:01,1813,Girujan,12.93,19.1,98.6,10.22,2478.0,749.0,9.62,598.6,normal
W-ACT,2026-09-05 19:24:36,1814,Girujan,13.11,20.41,97.0,12.25,2422.0,749.0,9.59,599.0,normal
W-ACT,2026-09-05 19:29:04,1815,Girujan,13.43,18.17,98.6,10.5,2317.0,748.0,9.54,598.8,normal
W-ACT,2026-09-05 19:33:38,1816,Girujan,13.13,16.4,101.9,10.72,2448.0,743.0,9.57,599.1,normal
W-ACT,2026-09-05 19:37:50,1817,Girujan,14.3,18.12,97.0,11.31,2319.0,745.0,9.6,598.8,normal
W-ACT,2026-09-05 19:42:17,1818,Girujan,13.44,19.79,101.8,10.6,2334.0,741.0,9.6,599.4,normal
W-ACT,2026-09-05 19:47:21,1819,Girujan,11.85,18.97,101.6,10.54,2461.0,742.0,9.6,599.1,normal
W-ACT,2026-09-05 19:51:48,1820,Girujan,13.5,18.03,101.1,10.53,2482.0,753.0,9.6,599.1,normal
W-ACT,2026-09-05 19:56:36,1821,Girujan,12.52,17.27,100.8,8.94,2405.0,747.0,9.59,599.2,normal
W-ACT,2026-09-05 20:01:19,1822,Girujan,12.68,18.35,94.4,11.06,2412.0,751.0,9.59,599.3,normal
W-ACT,2026-09-05 20:06:04,1823,Girujan,12.66,18.59,99.3,9.91,2420.0,756.0,9.6,600.0,normal
W-ACT,2026-09-05 20:10:35,1824,Girujan,13.29,17.86,100.7,11.06,2382.0,746.0,9.59,599.6,normal
W-ACT,2026-09-05 20:15:25,1825,Girujan,12.4,17.96,98.6,11.66,2416.0,748.0,9.61,599.3,normal
W-ACT,2026-09-05 20:19:24,1826,Girujan,15.04,17.75,98.8,10.43,2481.0,756.0,9.58,599.3,normal
W-ACT,2026-09-05 20:23:50,1827,Girujan,13.57,18.95,98.2,11.65,2349.0,765.0,9.61,599.3,normal
W-ACT,2026-09-05 20:28:57,1828,Girujan,11.73,18.63,100.6,10.65,2428.0,757.0,9.63,599.6,normal
W-ACT,2026-09-05 20:33:38,1829,Girujan,12.81,18.23,99.7,10.89,2364.0,738.0,9.58,599.7,normal
W-ACT,2026-09-05 20:38:34,1830,Girujan,12.13,16.82,105.2,10.86,2386.0,761.0,9.58,599.7,normal
W-ACT,2026-09-05 20:42:45,1831,Girujan,14.37,20.84,95.3,10.98,2436.0,748.0,9.6,599.3,normal
W-ACT,2026-09-05 20:46:40,1832,Girujan,15.29,18.56,101.6,11.72,2431.0,759.0,9.6,599.1,normal
W-ACT,2026-09-05 20:51:13,1833,Girujan,13.21,18.55,96.6,11.37,2459.0,740.0,9.58,599.4,normal
W-ACT,2026-09-05 20:56:12,1834,Girujan,12.02,18.43,98.9,11.37,2378.0,756.0,9.67,599.8,normal
W-ACT,2026-09-05 21:00:31,1835,Girujan,13.91,18.93,107.8,10.95,2450.0,752.0,9.6,599.8,normal
W-ACT,2026-09-05 21:05:19,1836,Girujan,12.5,17.64,105.5,11.29,2414.0,750.0,9.62,600.1,normal
W-ACT,2026-09-05 21:09:25,1837,Girujan,14.64,16.97,98.4,10.66,2517.0,759.0,9.63,599.6,normal
W-ACT,2026-09-05 21:14:19,1838,Girujan,12.23,17.4,98.8,11.18,2479.0,741.0,9.59,599.4,normal
W-ACT,2026-09-05 21:18:46,1839,Girujan,13.52,18.48,104.4,10.66,2410.0,764.0,9.59,598.5,normal
W-ACT,2026-09-05 21:23:02,1840,Girujan,14.03,18.25,100.8,10.51,2444.0,755.0,9.58,599.3,normal
W-ACT,2026-09-05 21:27:24,1841,Girujan,13.73,16.71,99.2,10.57,2320.0,756.0,9.6,599.1,normal
W-ACT,2026-09-05 21:31:53,1842,Girujan,13.41,17.54,94.9,10.48,2419.0,747.0,9.59,598.2,normal
W-ACT,2026-09-05 21:36:31,1843,Girujan,12.93,17.95,100.9,11.35,2405.0,748.0,9.64,598.5,normal
W-ACT,2026-09-05 21:42:10,1844,Girujan,10.62,18.37,98.5,11.95,2402.0,751.0,9.56,598.5,normal
W-ACT,2026-09-05 21:46:14,1845,Girujan,14.77,16.95,102.8,10.73,2417.0,740.0,9.59,598.5,normal
W-ACT,2026-09-05 21:50:29,1846,Girujan,14.12,16.91,99.3,10.84,2447.0,739.0,9.59,598.3,normal
W-ACT,2026-09-05 21:55:07,1847,Girujan,12.97,15.61,97.0,10.52,2433.0,744.0,9.62,598.1,normal
W-ACT,2026-09-05 21:59:38,1848,Girujan,13.27,16.39,100.1,10.7,2480.0,753.0,9.62,598.0,normal
W-ACT,2026-09-05 22:04:05,1849,Girujan,13.48,19.79,97.7,9.8,2385.0,756.0,9.6,598.3,normal
W-ACT,2026-09-05 22:09:15,1850,Girujan,11.62,19.62,98.0,10.89,2469.0,755.0,9.6,598.4,normal
W-ACT,2026-09-05 22:13:40,1851,Girujan,13.56,16.16,97.9,11.06,2458.0,757.0,9.6,597.7,normal
W-ACT,2026-09-05 22:19:00,1852,Girujan,11.26,18.57,96.5,12.06,2464.0,750.0,9.57,598.0,normal
W-ACT,2026-09-05 22:23:19,1853,Girujan,13.9,16.42,99.0,10.74,2442.0,750.0,9.64,597.9,normal
W-ACT,2026-09-05 22:27:49,1854,Girujan,13.34,17.39,102.1,10.57,2488.0,747.0,9.62,597.9,normal
W-ACT,2026-09-05 22:32:00,1855,Girujan,14.35,18.21,102.6,10.98,2488.0,755.0,9.65,598.8,normal
W-ACT,2026-09-05 22:37:16,1856,Girujan,11.37,16.75,96.6,10.92,2438.0,758.0,9.59,598.2,normal
W-ACT,2026-09-05 22:41:35,1857,Girujan,13.93,18.31,104.1,11.41,2459.0,755.0,9.6,598.4,normal
W-ACT,2026-09-05 22:46:48,1858,Girujan,11.48,19.39,100.2,10.65,2443.0,750.0,9.6,598.3,normal
W-ACT,2026-09-05 22:51:25,1859,Girujan,13.0,16.89,100.5,9.96,2464.0,734.0,9.6,598.0,normal
W-ACT,2026-09-05 22:55:35,1860,Girujan,14.44,19.8,97.4,10.89,2437.0,742.0,9.61,597.5,normal
W-ACT,2026-09-05 22:59:43,1861,Girujan,14.49,16.6,103.0,10.02,2455.0,748.0,9.59,597.7,normal
W-ACT,2026-09-05 23:04:07,1862,Girujan,13.64,18.49,103.2,11.13,2492.0,762.0,9.6,597.7,normal
W-ACT,2026-09-05 23:08:43,1863,Girujan,13.02,16.81,98.8,11.94,2404.0,752.0,9.58,597.7,normal
W-ACT,2026-09-05 23:13:04,1864,Girujan,13.81,19.0,96.5,10.65,2409.0,756.0,9.64,597.5,normal
W-ACT,2026-09-05 23:17:32,1865,Girujan,13.46,18.78,99.5,9.82,2401.0,741.0,9.62,597.5,normal
W-ACT,2026-09-05 23:22:45,1866,Girujan,11.49,18.05,100.4,10.92,2424.0,754.0,9.62,597.5,normal
W-ACT,2026-09-05 23:27:05,1867,Girujan,13.83,19.73,97.3,10.82,2440.0,740.0,9.56,597.2,normal
W-ACT,2026-09-05 23:31:49,1868,Girujan,12.7,17.53,103.0,10.36,2424.0,748.0,9.61,597.3,normal
W-ACT,2026-09-05 23:36:24,1869,Girujan,13.06,17.11,99.8,10.52,2472.0,751.0,9.59,597.0,normal
W-ACT,2026-09-05 23:41:59,1870,Girujan,10.75,17.14,100.6,11.1,2422.0,742.0,9.62,597.3,normal
W-ACT,2026-09-05 23:46:20,1871,Girujan,13.81,18.79,101.6,10.78,2350.0,749.0,9.57,597.4,normal
W-ACT,2026-09-05 23:50:53,1872,Girujan,13.16,18.69,98.9,10.9,2452.0,746.0,9.62,598.0,normal
W-ACT,2026-09-05 23:55:14,1873,Girujan,13.84,17.14,99.4,10.69,2393.0,748.0,9.6,598.7,normal
W-ACT,2026-09-05 23:59:18,1874,Girujan,14.71,17.25,96.0,11.63,2397.0,738.0,9.59,598.1,normal
W-ACT,2026-09-06 00:04:07,1875,Girujan,12.47,17.58,91.9,10.5,2395.0,741.0,9.58,598.1,normal
W-ACT,2026-09-06 00:08:12,1876,Girujan,14.7,18.36,100.6,10.94,2464.0,750.0,9.59,598.4,normal
W-ACT,2026-09-06 00:13:00,1877,Girujan,12.51,16.25,99.0,11.6,2467.0,748.0,9.59,598.5,normal
W-ACT,2026-09-06 00:17:15,1878,Girujan,14.11,17.4,95.2,10.83,2378.0,758.0,9.6,598.2,normal
W-ACT,2026-09-06 00:22:04,1879,Girujan,12.44,17.64,98.4,11.06,2448.0,757.0,9.59,597.5,normal
W-ACT,2026-09-06 00:25:27,1880,Tipam,17.78,17.72,112.4,11.51,2421.0,753.0,9.63,597.7,normal
W-ACT,2026-09-06 00:28:42,1881,Tipam,18.41,15.72,108.7,12.71,2443.0,757.0,9.63,597.1,normal
W-ACT,2026-09-06 00:31:58,1882,Tipam,18.42,15.6,111.4,12.19,2397.0,744.0,9.59,597.0,normal
W-ACT,2026-09-06 00:35:02,1883,Tipam,19.49,17.52,105.9,11.74,2441.0,739.0,9.62,597.1,normal
W-ACT,2026-09-06 00:38:14,1884,Tipam,18.78,16.41,116.0,10.94,2491.0,749.0,9.63,597.4,normal
W-ACT,2026-09-06 00:41:12,1885,Tipam,20.25,15.57,107.6,11.94,2397.0,761.0,9.59,598.1,normal
W-ACT,2026-09-06 00:44:09,1886,Tipam,20.34,16.64,109.3,12.44,2355.0,761.0,9.57,598.3,normal
W-ACT,2026-09-06 00:47:06,1887,Tipam,20.31,15.85,110.3,12.48,2481.0,753.0,9.58,599.1,normal
W-ACT,2026-09-06 00:50:27,1888,Tipam,17.92,16.52,110.7,12.13,2528.0,750.0,9.61,598.7,normal
W-ACT,2026-09-06 00:53:32,1889,Tipam,19.41,16.31,106.6,11.18,2400.0,736.0,9.58,598.3,normal
W-ACT,2026-09-06 00:57:13,1890,Tipam,16.3,16.1,112.2,12.0,2423.0,747.0,9.62,598.4,normal
W-ACT,2026-09-06 01:00:07,1891,Tipam,20.68,15.28,108.9,12.11,2397.0,750.0,9.54,598.3,normal
W-ACT,2026-09-06 01:03:32,1892,Tipam,17.63,16.39,110.2,11.77,2487.0,753.0,9.55,598.0,normal
W-ACT,2026-09-06 01:06:31,1893,Tipam,20.04,15.82,108.0,11.42,2477.0,747.0,9.61,598.8,normal
W-ACT,2026-09-06 01:09:42,1894,Tipam,18.84,16.78,105.3,11.5,2465.0,743.0,9.64,598.6,normal
W-ACT,2026-09-06 01:12:58,1895,Tipam,18.44,16.6,110.0,11.54,2444.0,753.0,9.6,598.6,normal
W-ACT,2026-09-06 01:15:57,1896,Tipam,20.03,14.77,108.6,12.55,2508.0,750.0,9.62,598.7,normal
W-ACT,2026-09-06 01:19:31,1897,Tipam,16.85,15.94,109.1,12.43,2485.0,762.0,9.56,598.5,normal
W-ACT,2026-09-06 01:22:21,1898,Tipam,21.22,15.69,113.3,12.0,2371.0,747.0,9.6,598.9,normal
W-ACT,2026-09-06 01:25:21,1899,Tipam,19.92,16.79,110.2,11.13,2437.0,757.0,9.6,598.9,normal
W-ACT,2026-09-06 01:28:15,1900,Tipam,20.75,16.17,108.8,12.8,2459.0,750.0,9.56,598.9,normal
W-ACT,2026-09-06 01:31:34,1901,Tipam,18.07,16.42,116.9,11.62,2525.0,751.0,9.62,598.5,normal
W-ACT,2026-09-06 01:34:25,1902,Tipam,21.01,15.14,107.1,12.8,2447.0,747.0,9.61,598.7,normal
W-ACT,2026-09-06 01:37:32,1903,Tipam,19.33,16.63,106.4,13.2,2451.0,751.0,9.61,598.0,normal
W-ACT,2026-09-06 01:40:56,1904,Tipam,17.61,15.31,106.0,12.32,2429.0,767.0,9.58,598.1,normal
W-ACT,2026-09-06 01:44:45,1905,Tipam,15.73,16.51,107.9,10.91,2486.0,751.0,9.63,599.3,normal
W-ACT,2026-09-06 01:48:00,1906,Tipam,18.43,16.84,113.1,11.6,2387.0,744.0,9.61,599.2,normal
W-ACT,2026-09-06 01:51:08,1907,Tipam,19.2,17.16,113.8,12.0,2427.0,751.0,9.59,598.9,normal
W-ACT,2026-09-06 01:54:34,1908,Tipam,17.41,15.39,110.5,11.63,2396.0,749.0,9.58,599.5,normal
W-ACT,2026-09-06 01:57:38,1909,Tipam,19.61,16.44,110.8,11.22,2359.0,739.0,9.61,599.5,normal
W-ACT,2026-09-06 02:01:00,1910,Tipam,17.87,15.16,112.6,11.94,2401.0,748.0,9.61,599.6,normal
W-ACT,2026-09-06 02:04:14,1911,Tipam,18.51,15.62,108.2,11.37,2514.0,740.0,9.62,599.4,normal
W-ACT,2026-09-06 02:07:32,1912,Tipam,18.15,16.17,114.3,11.83,2459.0,758.0,9.59,599.6,normal
W-ACT,2026-09-06 02:10:40,1913,Tipam,19.23,16.79,110.0,12.52,2584.0,744.0,9.59,599.4,normal
W-ACT,2026-09-06 02:14:24,1914,Tipam,16.04,15.63,114.7,11.41,2465.0,747.0,9.62,599.9,normal
W-ACT,2026-09-06 02:17:38,1915,Tipam,18.6,14.82,111.2,11.85,2467.0,753.0,9.63,599.7,normal
W-ACT,2026-09-06 02:20:24,1916,Tipam,21.61,15.87,106.2,12.47,2486.0,759.0,9.61,599.9,normal
W-ACT,2026-09-06 02:23:16,1917,Tipam,20.91,15.51,112.5,11.88,2427.0,758.0,9.59,599.7,normal
W-ACT,2026-09-06 02:26:37,1918,Tipam,17.95,15.59,110.0,12.09,2435.0,753.0,9.59,599.4,normal
W-ACT,2026-09-06 02:29:39,1919,Tipam,19.76,15.96,108.9,12.98,2424.0,751.0,9.59,599.0,normal
W-ACT,2026-09-06 02:32:44,1920,Tipam,19.49,15.95,109.1,11.32,2469.0,761.0,9.56,599.0,normal
W-ACT,2026-09-06 02:35:47,1921,Tipam,19.61,17.59,112.8,11.45,2419.0,745.0,9.62,598.8,normal
W-ACT,2026-09-06 02:38:51,1922,Tipam,19.65,16.3,111.1,12.58,2502.0,761.0,9.54,598.9,normal
W-ACT,2026-09-06 02:42:38,1923,Tipam,15.86,15.58,106.0,12.06,2473.0,758.0,9.59,598.9,normal
W-ACT,2026-09-06 02:45:47,1924,Tipam,19.01,16.64,110.9,11.86,2490.0,757.0,9.6,599.1,normal
W-ACT,2026-09-06 02:48:53,1925,Tipam,19.39,15.02,108.1,11.69,2329.0,743.0,9.57,599.8,normal
W-ACT,2026-09-06 02:51:50,1926,Tipam,20.33,15.48,112.3,11.11,2490.0,751.0,9.6,600.0,normal
W-ACT,2026-09-06 02:54:46,1927,Tipam,20.4,16.31,113.8,12.31,2498.0,760.0,9.65,600.0,normal
W-ACT,2026-09-06 02:58:01,1928,Tipam,18.5,17.19,105.2,11.86,2433.0,753.0,9.61,600.2,normal
W-ACT,2026-09-06 03:01:01,1929,Tipam,19.96,16.26,108.4,11.73,2537.0,751.0,9.57,600.2,normal
W-ACT,2026-09-06 03:04:32,1930,Tipam,17.06,16.49,110.0,11.96,2478.0,759.0,9.59,600.8,normal
W-ACT,2026-09-06 03:07:45,1931,Tipam,18.63,16.45,113.1,12.0,2508.0,746.0,9.64,599.8,normal
W-ACT,2026-09-06 03:10:30,1932,Tipam,21.84,15.1,109.7,10.89,2355.0,748.0,9.55,599.5,normal
W-ACT,2026-09-06 03:13:41,1933,Tipam,18.84,16.42,110.5,11.01,2461.0,761.0,9.6,599.2,normal
W-ACT,2026-09-06 03:17:01,1934,Tipam,17.99,16.51,108.5,11.93,2380.0,755.0,9.59,599.6,normal
W-ACT,2026-09-06 03:20:06,1935,Tipam,19.52,16.61,111.7,12.81,2403.0,745.0,9.58,599.9,normal
W-ACT,2026-09-06 03:23:19,1936,Tipam,18.66,15.6,108.8,11.83,2458.0,746.0,9.61,599.2,normal
W-ACT,2026-09-06 03:26:25,1937,Tipam,19.31,15.89,112.7,11.72,2505.0,747.0,9.58,599.4,normal
W-ACT,2026-09-06 03:29:22,1938,Tipam,20.36,15.49,110.5,12.83,2403.0,755.0,9.63,599.9,normal
W-ACT,2026-09-06 03:32:28,1939,Tipam,19.36,16.72,106.0,11.89,2466.0,743.0,9.62,600.6,normal
W-ACT,2026-09-06 03:35:54,1940,Tipam,17.45,14.6,110.9,11.57,1788.0,631.0,9.63,598.4,mud_loss
W-ACT,2026-09-06 03:39:12,1941,Tipam,18.17,16.85,111.3,11.01,1750.0,635.0,9.58,596.4,mud_loss
W-ACT,2026-09-06 03:42:19,1942,Tipam,19.32,14.79,107.5,11.96,1776.0,635.0,9.62,594.1,mud_loss
W-ACT,2026-09-06 03:45:20,1943,Tipam,19.84,15.08,115.1,11.62,1811.0,628.0,9.63,592.1,mud_loss
W-ACT,2026-09-06 03:48:31,1944,Tipam,18.9,15.36,109.8,11.23,1786.0,639.0,9.56,589.1,mud_loss
W-ACT,2026-09-06 03:51:51,1945,Tipam,17.99,16.0,109.5,11.67,1871.0,636.0,9.59,587.6,mud_loss
W-ACT,2026-09-06 03:55:32,1946,Tipam,16.29,17.09,110.2,11.46,1813.0,650.0,9.61,585.0,mud_loss
W-ACT,2026-09-06 03:58:56,1947,Tipam,17.63,15.99,104.8,12.67,1774.0,630.0,9.54,583.2,mud_loss
W-ACT,2026-09-06 04:02:20,1948,Tipam,17.62,16.45,121.6,10.27,1829.0,641.0,9.63,581.0,mud_loss
W-ACT,2026-09-06 04:05:33,1949,Tipam,18.65,16.55,113.3,11.7,1869.0,644.0,9.58,579.0,mud_loss
W-ACT,2026-09-06 04:08:48,1950,Tipam,18.46,15.72,104.2,11.89,1806.0,637.0,9.59,577.3,mud_loss
W-ACT,2026-09-06 04:12:17,1951,Tipam,17.26,16.42,112.1,11.76,1831.0,627.0,9.62,574.5,mud_loss
W-ACT,2026-09-06 04:15:29,1952,Tipam,18.77,17.18,112.6,12.04,1733.0,636.0,9.61,573.5,mud_loss
W-ACT,2026-09-06 04:18:38,1953,Tipam,19.03,16.78,114.4,11.88,1797.0,626.0,9.62,571.8,mud_loss
W-ACT,2026-09-06 04:21:48,1954,Tipam,18.97,16.18,114.3,12.25,1781.0,633.0,9.6,570.0,mud_loss
W-ACT,2026-09-06 04:25:17,1955,Tipam,17.18,16.19,101.4,11.92,1761.0,635.0,9.6,567.6,mud_loss
W-ACT,2026-09-06 04:28:35,1956,Tipam,18.16,15.73,107.0,11.77,2363.0,760.0,9.6,568.0,normal
W-ACT,2026-09-06 04:31:47,1957,Tipam,18.75,14.71,112.6,11.28,2460.0,761.0,9.6,568.9,normal
W-ACT,2026-09-06 04:34:59,1958,Tipam,18.81,16.52,109.5,12.11,2541.0,747.0,9.6,569.5,normal
W-ACT,2026-09-06 04:38:14,1959,Tipam,18.41,16.0,110.1,12.23,2516.0,751.0,9.59,570.2,normal
W-ACT,2026-09-06 04:41:34,1960,Tipam,18.03,15.49,116.0,13.19,2459.0,759.0,9.63,570.7,normal
W-ACT,2026-09-06 04:44:46,1961,Tipam,18.74,15.9,116.4,10.98,2494.0,764.0,9.59,570.7,normal
W-ACT,2026-09-06 04:47:38,1962,Tipam,20.9,16.9,112.8,12.38,2534.0,750.0,9.59,571.4,normal
W-ACT,2026-09-06 04:51:07,1963,Tipam,17.27,16.57,115.2,10.77,2465.0,751.0,9.57,571.4,normal
W-ACT,2026-09-06 04:54:42,1964,Tipam,16.73,14.27,107.4,12.55,2482.0,753.0,9.61,572.2,normal
W-ACT,2026-09-06 04:57:55,1965,Tipam,18.6,15.78,105.8,11.49,2459.0,739.0,9.6,571.7,normal
W-ACT,2026-09-06 05:01:29,1966,Tipam,16.87,15.56,111.5,11.61,2551.0,738.0,9.6,571.6,normal
W-ACT,2026-09-06 05:04:55,1967,Tipam,17.5,15.35,107.6,12.18,2419.0,752.0,9.59,572.5,normal
W-ACT,2026-09-06 05:08:49,1968,Tipam,15.39,15.12,114.6,12.43,2490.0,746.0,9.57,573.1,normal
W-ACT,2026-09-06 05:11:43,1969,Tipam,20.6,15.22,104.8,11.49,2524.0,757.0,9.59,574.2,normal
W-ACT,2026-09-06 05:14:36,1970,Tipam,20.82,16.82,111.2,12.27,2456.0,755.0,9.62,575.1,normal
W-ACT,2026-09-06 05:17:56,1971,Tipam,18.01,13.94,111.0,12.34,2392.0,749.0,9.6,576.0,normal
W-ACT,2026-09-06 05:21:33,1972,Tipam,16.62,14.53,107.4,11.37,2515.0,744.0,9.6,576.6,normal
W-ACT,2026-09-06 05:24:30,1973,Tipam,20.31,15.77,98.7,11.73,2488.0,743.0,9.59,577.1,normal
W-ACT,2026-09-06 05:27:18,1974,Tipam,21.39,15.51,104.3,12.86,2448.0,759.0,9.61,577.3,normal
W-ACT,2026-09-06 05:30:50,1975,Tipam,17.01,17.13,107.2,11.69,2440.0,750.0,9.6,577.0,normal
W-ACT,2026-09-06 05:34:35,1976,Tipam,15.99,14.54,106.8,12.19,2429.0,770.0,9.61,576.8,normal
W-ACT,2026-09-06 05:38:07,1977,Tipam,16.96,16.59,106.0,11.86,2506.0,754.0,9.6,576.5,normal
W-ACT,2026-09-06 05:41:01,1978,Tipam,20.69,16.23,110.6,11.72,2558.0,759.0,9.64,577.0,normal
W-ACT,2026-09-06 05:44:15,1979,Tipam,18.56,16.18,118.7,12.51,2534.0,753.0,9.59,577.4,normal
W-ACT,2026-09-06 05:47:30,1980,Tipam,18.49,14.82,111.8,12.54,2452.0,740.0,9.61,578.5,normal
W-ACT,2026-09-06 05:50:29,1981,Tipam,20.09,16.49,109.3,12.27,2513.0,771.0,9.6,578.9,normal
W-ACT,2026-09-06 05:53:27,1982,Tipam,20.26,16.32,108.6,12.27,2515.0,752.0,9.61,579.6,normal
W-ACT,2026-09-06 05:56:36,1983,Tipam,19.0,16.68,113.2,10.98,2453.0,763.0,9.59,579.7,normal
W-ACT,2026-09-06 05:59:44,1984,Tipam,19.14,16.81,103.8,12.49,2384.0,753.0,9.61,580.6,normal
W-ACT,2026-09-06 06:02:35,1985,Tipam,21.08,17.84,106.5,12.18,2467.0,761.0,9.59,580.6,normal
W-ACT,2026-09-06 06:06:18,1986,Tipam,16.16,14.61,108.4,12.22,2437.0,758.0,9.6,581.5,normal
W-ACT,2026-09-06 06:09:26,1987,Tipam,19.18,16.92,111.8,11.8,2498.0,764.0,9.58,582.1,normal
W-ACT,2026-09-06 06:12:28,1988,Tipam,19.79,14.46,108.6,11.45,2478.0,756.0,9.6,582.4,normal
W-ACT,2026-09-06 06:15:14,1989,Tipam,21.67,15.19,114.8,12.56,2581.0,758.0,9.62,582.5,normal
W-ACT,2026-09-06 06:18:30,1990,Tipam,18.35,16.34,109.7,12.48,2463.0,760.0,9.6,583.6,normal
W-ACT,2026-09-06 06:21:29,1991,Tipam,20.06,16.07,110.2,11.48,2479.0,752.0,9.57,584.2,normal
W-ACT,2026-09-06 06:25:07,1992,Tipam,16.52,15.63,110.9,12.24,2424.0,765.0,9.6,583.7,normal
W-ACT,2026-09-06 06:28:04,1993,Tipam,20.35,15.28,109.9,11.32,2448.0,746.0,9.6,584.0,normal
W-ACT,2026-09-06 06:31:15,1994,Tipam,18.84,16.39,109.2,11.77,2423.0,750.0,9.61,584.2,normal
W-ACT,2026-09-06 06:34:39,1995,Tipam,17.65,16.81,117.4,12.61,2483.0,744.0,9.56,583.9,normal
W-ACT,2026-09-06 06:37:24,1996,Tipam,21.81,14.5,111.4,12.22,2524.0,753.0,9.62,585.4,normal
W-ACT,2026-09-06 06:40:19,1997,Tipam,20.55,16.26,110.1,11.96,2518.0,750.0,9.62,585.4,normal
W-ACT,2026-09-06 06:43:24,1998,Tipam,19.55,15.65,103.2,11.14,2531.0,744.0,9.6,584.7,normal
W-ACT,2026-09-06 06:46:20,1999,Tipam,20.43,16.04,108.9,12.13,2477.0,751.0,9.64,584.5,normal
W-ACT,2026-09-06 06:50:08,2000,Tipam,15.78,16.99,118.6,12.13,2464.0,740.0,9.61,585.0,normal
W-ACT,2026-09-06 06:54:03,2001,Tipam,15.33,16.4,117.0,11.8,2543.0,749.0,9.62,584.7,normal
W-ACT,2026-09-06 06:57:38,2002,Tipam,16.71,14.88,112.8,13.29,2450.0,747.0,9.6,585.0,normal
W-ACT,2026-09-06 07:01:01,2003,Tipam,17.73,15.6,106.6,12.18,2520.0,746.0,9.59,584.9,normal
W-ACT,2026-09-06 07:04:14,2004,Tipam,18.71,14.73,107.0,10.97,2616.0,731.0,9.61,585.8,normal
W-ACT,2026-09-06 07:07:28,2005,Tipam,18.49,15.36,112.4,11.13,2517.0,742.0,9.6,586.1,normal
W-ACT,2026-09-06 07:10:34,2006,Tipam,19.37,15.42,106.5,11.41,2496.0,753.0,9.63,586.0,normal
W-ACT,2026-09-06 07:13:53,2007,Tipam,18.15,15.38,117.2,11.26,2538.0,736.0,9.6,586.3,normal
W-ACT,2026-09-06 07:17:44,2008,Tipam,15.53,16.22,109.4,11.04,2522.0,737.0,9.59,586.2,normal
W-ACT,2026-09-06 07:21:02,2009,Tipam,18.24,15.54,110.7,12.75,2518.0,740.0,9.62,585.9,normal
W-ACT,2026-09-06 07:24:25,2010,Tipam,17.69,16.36,110.6,12.43,2436.0,751.0,9.62,586.0,normal
W-ACT,2026-09-06 07:27:37,2011,Tipam,18.75,16.7,111.3,11.25,2483.0,744.0,9.62,586.7,normal
W-ACT,2026-09-06 07:31:24,2012,Tipam,15.87,14.91,110.7,12.55,2450.0,738.0,9.59,587.1,normal
W-ACT,2026-09-06 07:34:41,2013,Tipam,18.24,16.18,115.7,12.32,2513.0,737.0,9.6,586.7,normal
W-ACT,2026-09-06 07:38:16,2014,Tipam,16.79,15.17,112.3,11.82,2536.0,747.0,9.57,586.4,normal
W-ACT,2026-09-06 07:41:43,2015,Tipam,17.36,14.83,107.0,12.67,2440.0,754.0,9.6,586.7,normal
W-ACT,2026-09-06 07:44:54,2016,Tipam,18.91,15.2,106.7,11.0,2446.0,757.0,9.63,586.8,normal
W-ACT,2026-09-06 07:48:05,2017,Tipam,18.8,16.23,112.2,11.61,2526.0,746.0,9.57,586.9,normal
W-ACT,2026-09-06 07:51:10,2018,Tipam,19.46,16.29,110.7,10.89,2490.0,758.0,9.58,587.3,normal
W-ACT,2026-09-06 07:54:08,2019,Tipam,20.26,14.92,111.7,12.34,2524.0,746.0,9.61,587.5,normal
W-ACT,2026-09-06 07:57:36,2020,Tipam,17.31,16.61,111.3,11.41,2512.0,751.0,9.61,587.6,normal
W-ACT,2026-09-06 08:00:33,2021,Tipam,20.36,16.07,103.5,11.57,2499.0,746.0,9.58,588.0,normal
W-ACT,2026-09-06 08:03:55,2022,Tipam,17.77,16.46,111.3,12.02,2571.0,734.0,9.55,588.3,normal
W-ACT,2026-09-06 08:07:15,2023,Tipam,18.01,15.45,109.9,12.44,2525.0,754.0,9.62,588.2,normal
W-ACT,2026-09-06 08:10:33,2024,Tipam,18.2,16.47,111.7,12.12,2581.0,744.0,9.59,588.8,normal
W-ACT,2026-09-06 08:13:57,2025,Tipam,17.63,15.61,110.6,12.42,2531.0,754.0,9.59,590.2,normal
W-ACT,2026-09-06 08:17:10,2026,Tipam,18.62,13.81,108.9,12.11,2572.0,749.0,9.58,590.6,normal
W-ACT,2026-09-06 08:20:39,2027,Tipam,17.26,15.12,111.3,11.93,2670.0,755.0,9.59,590.9,normal
W-ACT,2026-09-06 08:24:04,2028,Tipam,17.52,16.43,115.8,11.75,2539.0,749.0,9.65,590.6,normal
W-ACT,2026-09-06 08:27:10,2029,Tipam,19.38,16.65,109.0,12.3,2528.0,752.0,9.61,591.1,normal
W-ACT,2026-09-06 08:30:08,2030,Tipam,20.22,16.08,106.7,11.84,2451.0,746.0,9.59,590.9,normal
W-ACT,2026-09-06 08:33:10,2031,Tipam,19.84,16.27,106.5,12.59,2555.0,763.0,9.59,591.5,normal
W-ACT,2026-09-06 08:36:09,2032,Tipam,20.11,17.19,109.0,12.7,2591.0,754.0,9.6,591.4,normal
W-ACT,2026-09-06 08:39:01,2033,Tipam,20.86,17.22,110.1,12.42,2518.0,749.0,9.59,591.0,normal
W-ACT,2026-09-06 08:42:00,2034,Tipam,20.09,16.97,108.4,12.17,2532.0,748.0,9.59,592.4,normal
W-ACT,2026-09-06 08:45:26,2035,Tipam,17.5,14.65,106.7,11.68,2486.0,743.0,9.6,592.9,normal
W-ACT,2026-09-06 08:48:32,2036,Tipam,19.41,16.35,107.5,11.63,2541.0,766.0,9.6,593.7,normal
W-ACT,2026-09-06 08:52:18,2037,Tipam,15.88,15.35,117.0,13.03,2485.0,746.0,9.59,593.0,normal
W-ACT,2026-09-06 08:55:27,2038,Tipam,19.12,17.45,111.2,11.56,2594.0,743.0,9.57,593.1,normal
W-ACT,2026-09-06 08:58:32,2039,Tipam,19.43,16.53,108.0,10.98,2536.0,765.0,9.62,593.6,normal
W-ACT,2026-09-06 09:01:34,2040,Tipam,19.78,15.77,113.2,12.8,2413.0,748.0,9.58,593.8,normal
W-ACT,2026-09-06 09:04:55,2041,Tipam,17.92,15.75,115.1,12.48,2616.0,749.0,9.6,594.4,normal
W-ACT,2026-09-06 09:08:29,2042,Tipam,16.8,16.04,106.8,11.7,2495.0,759.0,9.58,594.3,normal
W-ACT,2026-09-06 09:11:17,2043,Tipam,21.39,16.19,110.8,12.1,2589.0,746.0,9.58,594.8,normal
W-ACT,2026-09-06 09:14:01,2044,Tipam,21.97,16.02,114.0,12.18,2530.0,745.0,9.63,595.1,normal
W-ACT,2026-09-06 09:17:04,2045,Tipam,19.71,14.93,114.5,11.42,2390.0,743.0,9.65,596.3,normal
W-ACT,2026-09-06 09:20:29,2046,Tipam,17.55,16.67,110.0,10.61,2554.0,747.0,9.6,596.1,normal
W-ACT,2026-09-06 09:24:00,2047,Tipam,17.07,14.04,113.4,11.28,2616.0,751.0,9.6,595.9,normal
W-ACT,2026-09-06 09:27:35,2048,Tipam,16.73,16.18,111.1,11.53,2591.0,748.0,9.62,596.4,normal
W-ACT,2026-09-06 09:30:49,2049,Tipam,18.56,16.7,114.1,12.64,2617.0,747.0,9.59,596.9,normal
W-ACT,2026-09-06 09:33:51,2050,Tipam,19.74,17.0,115.7,12.04,2471.0,750.0,9.58,596.8,normal
W-ACT,2026-09-06 09:37:05,2051,Tipam,18.57,17.58,108.2,12.44,2393.0,759.0,9.59,596.9,normal
W-ACT,2026-09-06 09:39:38,2052,Tipam,23.56,15.63,114.1,11.55,2501.0,744.0,9.64,596.7,normal
W-ACT,2026-09-06 09:42:21,2053,Tipam,22.05,14.76,110.8,11.42,2571.0,737.0,9.59,597.2,normal
W-ACT,2026-09-06 09:45:41,2054,Tipam,18.04,14.61,106.9,10.94,2544.0,757.0,9.63,597.7,normal
W-ACT,2026-09-06 09:49:10,2055,Tipam,17.21,14.59,106.9,13.33,2502.0,765.0,9.6,597.8,normal
W-ACT,2026-09-06 09:52:26,2056,Tipam,18.38,15.65,107.3,12.68,2574.0,748.0,9.59,597.9,normal
W-ACT,2026-09-06 09:55:28,2057,Tipam,19.75,18.09,113.4,12.15,2576.0,753.0,9.59,597.9,normal
W-ACT,2026-09-06 09:58:45,2058,Tipam,18.3,15.48,109.8,11.31,2544.0,760.0,9.57,597.3,normal
W-ACT,2026-09-06 10:02:06,2059,Tipam,17.91,16.95,105.8,12.45,2550.0,754.0,9.6,597.0,normal
W-ACT,2026-09-06 10:05:03,2060,Tipam,20.39,16.44,106.8,12.55,2484.0,745.0,9.61,597.4,normal
W-ACT,2026-09-06 10:08:01,2061,Tipam,20.15,16.2,113.6,11.84,2589.0,737.0,9.56,597.6,normal
W-ACT,2026-09-06 10:11:21,2062,Tipam,18.05,15.81,112.2,13.25,2586.0,751.0,9.6,598.1,normal
W-ACT,2026-09-06 10:13:55,2063,Tipam,23.33,15.5,109.7,11.61,2626.0,734.0,9.58,598.3,normal
W-ACT,2026-09-06 10:17:07,2064,Tipam,18.72,14.8,104.1,12.48,2509.0,745.0,9.63,598.1,normal
W-ACT,2026-09-06 10:20:26,2065,Tipam,18.16,16.63,105.6,11.93,2583.0,736.0,9.57,598.4,normal
W-ACT,2026-09-06 10:23:19,2066,Tipam,20.77,15.53,110.1,12.55,2639.0,759.0,9.64,598.7,normal
W-ACT,2026-09-06 10:26:19,2067,Tipam,19.99,14.6,101.6,12.22,2489.0,736.0,9.59,598.7,normal
W-ACT,2026-09-06 10:29:03,2068,Tipam,22.0,18.15,110.2,11.41,2526.0,757.0,9.59,598.8,normal
W-ACT,2026-09-06 10:31:35,2069,Tipam,23.65,16.18,112.7,11.62,2500.0,745.0,9.64,598.1,normal
W-ACT,2026-09-06 10:34:27,2070,Tipam,20.92,16.88,111.8,12.46,2439.0,745.0,9.6,598.6,normal
W-ACT,2026-09-06 10:37:47,2071,Tipam,17.95,16.44,105.3,11.57,2586.0,750.0,9.58,599.4,normal
W-ACT,2026-09-06 10:40:38,2072,Tipam,21.09,14.65,106.9,11.49,2574.0,762.0,9.64,599.1,normal
W-ACT,2026-09-06 10:43:51,2073,Tipam,18.69,15.32,109.2,12.07,2571.0,746.0,9.61,599.1,normal
W-ACT,2026-09-06 10:46:52,2074,Tipam,19.86,16.47,114.0,12.31,2556.0,753.0,9.57,599.8,normal
W-ACT,2026-09-06 10:50:21,2075,Tipam,17.22,16.33,110.9,13.01,2525.0,753.0,9.59,599.9,normal
W-ACT,2026-09-06 10:53:40,2076,Tipam,18.12,15.74,112.2,12.08,2534.0,752.0,9.58,599.6,normal
W-ACT,2026-09-06 10:56:57,2077,Tipam,18.22,16.21,116.4,12.38,2604.0,758.0,9.59,600.5,normal
W-ACT,2026-09-06 11:00:13,2078,Tipam,18.38,16.21,110.9,11.47,2501.0,753.0,9.59,601.3,normal
W-ACT,2026-09-06 11:03:24,2079,Tipam,18.9,15.76,114.6,13.07,2527.0,747.0,9.6,601.4,normal
W-ACT,2026-09-06 11:06:31,2080,Tipam,19.22,15.32,102.3,12.21,2553.0,757.0,9.59,601.5,normal
W-ACT,2026-09-06 11:10:00,2081,Tipam,17.26,15.84,111.3,12.08,2586.0,744.0,9.61,601.3,normal
W-ACT,2026-09-06 11:13:14,2082,Tipam,18.49,16.3,107.7,11.66,2420.0,748.0,9.61,600.8,normal
W-ACT,2026-09-06 11:16:30,2083,Tipam,18.43,15.25,115.0,12.29,2546.0,746.0,9.62,600.5,normal
W-ACT,2026-09-06 11:19:27,2084,Tipam,20.25,15.56,110.9,12.45,2507.0,765.0,9.61,600.8,normal
W-ACT,2026-09-06 11:22:21,2085,Tipam,20.71,14.76,110.3,12.68,2526.0,755.0,9.58,601.3,normal
W-ACT,2026-09-06 11:25:18,2086,Tipam,20.34,15.92,106.5,13.67,2547.0,747.0,9.61,601.5,normal
W-ACT,2026-09-06 11:28:35,2087,Tipam,18.26,15.43,115.0,12.89,2449.0,750.0,9.62,601.4,normal
W-ACT,2026-09-06 11:31:37,2088,Tipam,19.82,17.43,112.7,11.34,2655.0,747.0,9.58,601.3,normal
W-ACT,2026-09-06 11:34:45,2089,Tipam,19.12,16.69,107.4,12.17,2524.0,750.0,9.61,601.4,normal
W-ACT,2026-09-06 11:37:35,2090,Tipam,21.16,15.71,108.4,11.73,2555.0,753.0,9.6,601.4,normal
W-ACT,2026-09-06 11:40:42,2091,Tipam,19.32,15.63,111.9,11.97,2600.0,736.0,9.6,600.0,normal
W-ACT,2026-09-06 11:43:33,2092,Tipam,21.0,16.97,112.8,10.64,2606.0,758.0,9.61,600.0,normal
W-ACT,2026-09-06 11:47:02,2093,Tipam,17.26,16.78,109.9,12.56,2465.0,744.0,9.59,600.0,normal
W-ACT,2026-09-06 11:50:46,2094,Tipam,16.05,14.83,110.5,12.21,2535.0,748.0,9.61,599.7,normal
W-ACT,2026-09-06 11:53:56,2095,Tipam,18.94,16.72,104.3,12.07,2590.0,746.0,9.61,600.1,normal
W-ACT,2026-09-06 11:57:15,2096,Tipam,18.07,16.16,115.2,10.71,2541.0,749.0,9.6,599.8,normal
W-ACT,2026-09-06 12:00:37,2097,Tipam,17.87,16.14,109.8,13.24,2470.0,755.0,9.6,599.9,normal
W-ACT,2026-09-06 12:03:53,2098,Tipam,18.32,15.27,110.4,11.54,2674.0,749.0,9.59,600.2,normal
W-ACT,2026-09-06 12:07:13,2099,Tipam,18.06,16.24,108.8,12.46,2501.0,760.0,9.57,599.9,normal
W-ACT,2026-09-06 12:10:10,2100,Tipam,20.25,17.03,107.9,10.81,2575.0,756.0,9.61,600.0,normal
W-ACT,2026-09-06 12:13:46,2101,Tipam,16.73,16.94,112.5,12.06,2595.0,748.0,9.61,599.9,normal
W-ACT,2026-09-06 12:16:40,2102,Tipam,20.69,16.52,102.8,11.55,2579.0,759.0,9.61,600.1,normal
W-ACT,2026-09-06 12:19:57,2103,Tipam,18.27,15.7,107.4,12.3,2573.0,748.0,9.59,600.4,normal
W-ACT,2026-09-06 12:22:48,2104,Tipam,21.05,14.71,108.3,11.38,2551.0,747.0,9.6,600.5,normal
W-ACT,2026-09-06 12:25:40,2105,Tipam,20.83,13.76,116.4,12.44,2586.0,761.0,9.63,600.8,normal
W-ACT,2026-09-06 12:28:36,2106,Tipam,20.49,16.26,116.1,12.89,2523.0,749.0,9.59,601.3,normal
W-ACT,2026-09-06 12:31:53,2107,Tipam,18.33,14.43,106.8,12.49,2552.0,760.0,9.58,601.6,normal
W-ACT,2026-09-06 12:35:11,2108,Tipam,18.12,15.7,109.3,13.11,2509.0,760.0,9.58,601.4,normal
W-ACT,2026-09-06 12:38:18,2109,Tipam,19.23,17.03,110.9,11.9,2580.0,748.0,9.56,601.3,normal
W-ACT,2026-09-06 12:41:09,2110,Tipam,21.17,15.69,112.4,12.1,2547.0,757.0,9.56,601.6,normal
W-ACT,2026-09-06 12:44:23,2111,Tipam,18.54,16.38,113.9,12.35,2465.0,745.0,9.65,601.9,normal
W-ACT,2026-09-06 12:47:28,2112,Tipam,19.41,15.82,110.2,10.57,2504.0,747.0,9.59,602.1,normal
W-ACT,2026-09-06 12:50:29,2113,Tipam,19.88,16.02,108.4,12.3,2593.0,752.0,9.59,601.7,normal
W-ACT,2026-09-06 12:53:55,2114,Tipam,17.5,15.23,103.3,12.85,2563.0,747.0,9.56,601.9,normal
W-ACT,2026-09-06 12:57:20,2115,Tipam,17.53,16.3,116.9,12.01,2566.0,749.0,9.6,601.8,normal
W-ACT,2026-09-06 13:00:40,2116,Tipam,18.0,15.74,107.6,11.74,2594.0,755.0,9.57,601.9,normal
W-ACT,2026-09-06 13:03:24,2117,Tipam,21.99,15.14,110.3,12.88,2511.0,749.0,9.61,602.0,normal
W-ACT,2026-09-06 13:06:26,2118,Tipam,19.75,16.65,112.8,11.11,2455.0,750.0,9.6,601.5,normal
W-ACT,2026-09-06 13:09:59,2119,Tipam,16.9,16.59,113.1,11.15,2613.0,753.0,9.58,601.6,normal
W-ACT,2026-09-06 13:13:11,2120,Tipam,18.77,15.75,111.4,11.63,2614.0,749.0,9.6,600.9,normal
W-ACT,2026-09-06 13:16:21,2121,Tipam,18.98,15.84,106.9,13.49,2549.0,755.0,9.61,601.3,normal
W-ACT,2026-09-06 13:19:13,2122,Tipam,20.93,16.57,111.1,13.31,2489.0,761.0,9.6,600.8,normal
W-ACT,2026-09-06 13:22:08,2123,Tipam,20.54,15.38,100.1,11.28,2539.0,748.0,9.57,600.8,normal
W-ACT,2026-09-06 13:25:20,2124,Tipam,18.78,14.97,105.4,12.0,2645.0,754.0,9.64,601.5,normal
W-ACT,2026-09-06 13:28:22,2125,Tipam,19.77,15.6,107.7,11.69,2621.0,748.0,9.6,601.2,normal
W-ACT,2026-09-06 13:31:45,2126,Tipam,17.7,17.23,110.5,12.69,2567.0,756.0,9.6,600.8,normal
W-ACT,2026-09-06 13:35:01,2127,Tipam,18.36,16.73,105.8,12.23,2500.0,748.0,9.59,600.9,normal
W-ACT,2026-09-06 13:38:30,2128,Tipam,17.23,15.72,108.0,12.18,2607.0,752.0,9.58,600.7,normal
W-ACT,2026-09-06 13:41:36,2129,Tipam,19.39,16.07,109.2,12.22,2610.0,743.0,9.58,600.5,normal
W-ACT,2026-09-06 13:44:50,2130,Tipam,18.55,17.02,109.6,11.53,2555.0,750.0,9.57,600.3,normal
W-ACT,2026-09-06 13:47:53,2131,Tipam,19.66,14.7,104.4,11.67,2471.0,742.0,9.59,601.0,normal
W-ACT,2026-09-06 13:51:08,2132,Tipam,18.45,16.35,112.5,12.86,2623.0,746.0,9.61,601.1,normal
W-ACT,2026-09-06 13:54:10,2133,Tipam,19.8,15.17,107.7,12.09,2638.0,762.0,9.6,600.9,normal
W-ACT,2026-09-06 13:57:01,2134,Tipam,21.08,17.09,114.5,12.34,2700.0,757.0,9.64,600.7,normal
W-ACT,2026-09-06 14:00:59,2135,Tipam,15.09,17.21,106.7,12.73,2576.0,751.0,9.62,601.6,normal
W-ACT,2026-09-06 14:03:52,2136,Tipam,20.88,16.04,111.1,12.51,2620.0,744.0,9.58,601.0,normal
W-ACT,2026-09-06 14:06:58,2137,Tipam,19.35,15.88,106.5,12.26,2575.0,741.0,9.61,601.3,normal
W-ACT,2026-09-06 14:09:50,2138,Tipam,20.87,15.39,106.5,12.51,2564.0,749.0,9.61,601.3,normal
W-ACT,2026-09-06 14:12:59,2139,Tipam,19.05,15.2,109.0,12.43,2527.0,744.0,9.59,601.0,normal
W-ACT,2026-09-06 14:16:38,2140,Tipam,16.47,15.8,113.7,12.4,2547.0,749.0,9.6,601.2,normal
W-ACT,2026-09-06 14:20:51,2141,Tipam,14.24,16.14,111.2,12.12,2568.0,755.0,9.58,602.0,normal
W-ACT,2026-09-06 14:23:54,2142,Tipam,19.59,16.84,108.8,14.46,2646.0,745.0,9.59,602.1,normal
W-ACT,2026-09-06 14:26:57,2143,Tipam,19.76,16.4,111.5,12.25,2639.0,748.0,9.64,602.2,normal
W-ACT,2026-09-06 14:29:58,2144,Tipam,19.82,17.55,104.0,11.6,2458.0,753.0,9.63,602.2,normal
W-ACT,2026-09-06 14:33:12,2145,Tipam,18.55,15.44,109.3,11.96,2496.0,734.0,9.6,602.2,normal
W-ACT,2026-09-06 14:36:03,2146,Tipam,21.15,15.44,110.3,12.68,2591.0,745.0,9.61,602.6,normal
W-ACT,2026-09-06 14:39:38,2147,Tipam,16.7,16.0,109.3,12.02,2523.0,755.0,9.61,602.2,normal
W-ACT,2026-09-06 14:42:47,2148,Tipam,19.08,15.77,113.4,12.09,2640.0,764.0,9.63,601.8,normal
W-ACT,2026-09-06 14:45:37,2149,Tipam,21.18,16.24,111.0,12.02,2584.0,740.0,9.61,602.1,normal
W-ACT,2026-09-06 14:48:46,2150,Tipam,19.01,14.69,111.1,13.17,2523.0,758.0,9.58,602.0,normal
W-ACT,2026-09-06 14:52:06,2151,Tipam,17.99,16.4,109.1,12.25,2632.0,763.0,9.61,602.0,normal
W-ACT,2026-09-06 14:55:27,2152,Tipam,17.91,15.38,107.5,12.86,2563.0,754.0,9.6,602.1,normal
W-ACT,2026-09-06 14:58:39,2153,Tipam,18.81,15.44,110.9,11.28,2510.0,758.0,9.63,602.3,normal
W-ACT,2026-09-06 15:02:13,2154,Tipam,16.79,15.98,114.2,11.51,2599.0,744.0,9.57,602.6,normal
W-ACT,2026-09-06 15:05:33,2155,Tipam,18.01,17.22,111.1,11.35,2602.0,749.0,9.59,602.2,normal
W-ACT,2026-09-06 15:08:49,2156,Tipam,18.35,17.31,108.0,12.29,2535.0,734.0,9.61,601.7,normal
W-ACT,2026-09-06 15:12:08,2157,Tipam,18.14,15.9,113.1,12.3,2594.0,754.0,9.63,601.6,normal
W-ACT,2026-09-06 15:15:02,2158,Tipam,20.61,16.43,110.5,11.75,2592.0,756.0,9.6,601.7,normal
W-ACT,2026-09-06 15:18:48,2159,Tipam,15.98,15.87,109.1,12.88,2666.0,744.0,9.58,601.7,normal
W-ACT,2026-09-06 15:22:08,2160,Tipam,17.95,14.94,112.0,13.32,2635.0,751.0,9.57,601.7,normal
W-ACT,2026-09-06 15:25:20,2161,Tipam,18.81,16.27,109.4,11.64,2589.0,752.0,9.6,601.7,normal
W-ACT,2026-09-06 15:28:44,2162,Tipam,17.58,15.82,110.8,12.29,2523.0,745.0,9.6,601.6,normal
W-ACT,2026-09-06 15:31:43,2163,Tipam,20.11,16.62,110.5,11.79,2623.0,753.0,9.59,601.2,normal
W-ACT,2026-09-06 15:34:59,2164,Tipam,18.39,16.1,106.8,11.22,2583.0,753.0,9.61,601.5,normal
W-ACT,2026-09-06 15:38:08,2165,Tipam,19.1,15.73,108.8,12.73,2553.0,754.0,9.59,602.1,normal
W-ACT,2026-09-06 15:41:07,2166,Tipam,20.06,16.02,111.7,12.85,2575.0,762.0,9.6,601.7,normal
W-ACT,2026-09-06 15:44:21,2167,Tipam,18.52,16.56,107.3,11.96,2613.0,740.0,9.59,602.4,normal
W-ACT,2026-09-06 15:47:28,2168,Tipam,19.33,15.14,105.2,13.29,2613.0,735.0,9.58,602.2,normal
W-ACT,2026-09-06 15:50:58,2169,Tipam,17.13,15.54,112.6,12.42,2609.0,749.0,9.61,602.0,normal
W-ACT,2026-09-06 15:53:57,2170,Tipam,20.13,16.3,107.6,12.05,2501.0,755.0,9.6,601.7,normal
W-ACT,2026-09-06 15:56:53,2171,Tipam,20.45,16.06,106.0,12.67,2479.0,740.0,9.6,601.8,normal
W-ACT,2026-09-06 16:00:25,2172,Tipam,16.95,17.26,111.0,12.06,2603.0,755.0,9.58,602.4,normal
W-ACT,2026-09-06 16:03:28,2173,Tipam,19.68,16.4,107.7,12.13,2598.0,762.0,9.59,602.2,normal
W-ACT,2026-09-06 16:06:38,2174,Tipam,18.93,17.19,105.0,12.61,2515.0,746.0,9.63,602.1,normal
W-ACT,2026-09-06 16:09:58,2175,Tipam,18.02,15.92,108.5,12.54,2568.0,748.0,9.62,602.2,normal
W-ACT,2026-09-06 16:13:38,2176,Tipam,16.38,15.5,107.2,11.97,2606.0,778.0,9.6,602.1,normal
W-ACT,2026-09-06 16:17:20,2177,Tipam,16.22,15.09,107.8,12.23,2631.0,751.0,9.59,602.3,normal
W-ACT,2026-09-06 16:20:23,2178,Tipam,19.59,16.73,110.7,11.5,2642.0,746.0,9.6,602.2,normal
W-ACT,2026-09-06 16:23:22,2179,Tipam,20.12,15.61,110.7,11.45,2645.0,740.0,9.6,601.8,normal
W-ACT,2026-09-06 16:26:49,2180,Tipam,17.46,15.89,104.7,13.1,2563.0,752.0,9.6,601.6,normal
W-ACT,2026-09-06 16:30:23,2181,Tipam,16.77,16.06,106.8,11.98,2539.0,755.0,9.61,601.2,normal
W-ACT,2026-09-06 16:33:40,2182,Tipam,18.26,16.32,113.9,12.65,2567.0,744.0,9.6,601.4,normal
W-ACT,2026-09-06 16:36:54,2183,Tipam,18.55,15.89,109.2,12.37,2616.0,749.0,9.61,601.5,normal
W-ACT,2026-09-06 16:39:58,2184,Tipam,19.66,14.48,108.7,11.28,2565.0,758.0,9.58,601.5,normal
W-ACT,2026-09-06 16:43:00,2185,Tipam,19.68,16.06,105.0,11.65,2591.0,745.0,9.6,601.6,normal
W-ACT,2026-09-06 16:46:07,2186,Tipam,19.34,16.11,110.3,11.52,2641.0,752.0,9.61,601.3,normal
W-ACT,2026-09-06 16:49:08,2187,Tipam,19.89,14.84,108.4,11.44,2546.0,731.0,9.61,601.1,normal
W-ACT,2026-09-06 16:51:59,2188,Tipam,20.99,16.52,111.9,11.49,2541.0,764.0,9.56,600.9,normal
W-ACT,2026-09-06 16:55:15,2189,Tipam,18.42,16.1,116.1,12.65,2634.0,752.0,9.58,601.1,normal
W-ACT,2026-09-06 16:58:37,2190,Tipam,17.79,15.8,107.4,11.99,2546.0,760.0,9.59,601.4,normal
W-ACT,2026-09-06 17:01:42,2191,Tipam,19.44,16.96,102.6,12.25,2604.0,751.0,9.6,601.3,normal
W-ACT,2026-09-06 17:04:55,2192,Tipam,18.71,16.73,113.9,11.15,2567.0,737.0,9.62,601.3,normal
W-ACT,2026-09-06 17:07:44,2193,Tipam,21.2,15.94,106.0,11.77,2557.0,734.0,9.59,601.8,normal
W-ACT,2026-09-06 17:10:51,2194,Tipam,19.28,17.11,112.9,12.81,2589.0,740.0,9.64,602.0,normal
W-ACT,2026-09-06 17:13:50,2195,Tipam,20.11,15.3,111.2,12.38,2648.0,752.0,9.61,602.8,normal
W-ACT,2026-09-06 17:17:10,2196,Tipam,17.99,15.21,107.1,11.47,2636.0,747.0,9.58,603.0,normal
W-ACT,2026-09-06 17:21:00,2197,Tipam,15.69,16.71,114.0,11.27,2639.0,737.0,9.62,602.5,normal
W-ACT,2026-09-06 17:24:25,2198,Tipam,17.52,15.3,110.4,10.6,2526.0,756.0,9.57,602.1,normal
W-ACT,2026-09-06 17:27:29,2199,Tipam,19.53,16.54,107.6,12.77,2518.0,753.0,9.61,602.5,normal
W-ACT,2026-09-06 17:31:02,2200,Tipam,16.92,15.73,114.7,12.08,2604.0,750.0,9.61,601.4,normal
W-ACT,2026-09-06 17:33:57,2201,Tipam,20.57,15.99,107.3,11.28,2615.0,734.0,9.59,601.1,normal
W-ACT,2026-09-06 17:37:34,2202,Tipam,16.59,16.07,111.2,11.5,2567.0,756.0,9.58,601.0,normal
W-ACT,2026-09-06 17:40:51,2203,Tipam,18.25,15.35,108.9,11.78,2578.0,744.0,9.66,601.2,normal
W-ACT,2026-09-06 17:44:01,2204,Tipam,18.98,15.29,104.7,11.94,2722.0,753.0,9.59,601.5,normal
W-ACT,2026-09-06 17:47:11,2205,Tipam,18.95,17.63,104.6,12.21,2596.0,742.0,9.61,601.3,normal
W-ACT,2026-09-06 17:49:57,2206,Tipam,21.68,15.22,105.3,12.59,2644.0,740.0,9.57,601.2,normal
W-ACT,2026-09-06 17:53:25,2207,Tipam,17.3,16.18,104.4,11.14,2397.0,748.0,9.61,602.0,normal
W-ACT,2026-09-06 17:56:29,2208,Tipam,19.58,17.5,112.6,13.03,2527.0,745.0,9.62,601.8,normal
W-ACT,2026-09-06 17:59:48,2209,Tipam,18.11,14.76,113.1,12.11,2617.0,747.0,9.61,601.5,normal
W-ACT,2026-09-06 18:03:23,2210,Tipam,16.76,14.75,114.3,11.47,2592.0,750.0,9.56,600.7,normal
W-ACT,2026-09-06 18:06:42,2211,Tipam,18.07,16.84,110.0,11.87,2640.0,738.0,9.6,600.8,normal
W-ACT,2026-09-06 18:09:33,2212,Tipam,21.08,15.35,112.0,12.42,2576.0,755.0,9.61,600.7,normal
W-ACT,2026-09-06 18:12:34,2213,Tipam,19.91,15.21,114.2,12.63,2625.0,724.0,9.58,600.9,normal
W-ACT,2026-09-06 18:16:18,2214,Tipam,16.04,15.6,110.6,12.65,2597.0,737.0,9.6,601.0,normal
W-ACT,2026-09-06 18:19:09,2215,Tipam,21.01,14.42,108.1,12.17,2623.0,755.0,9.6,601.5,normal
W-ACT,2026-09-06 18:22:22,2216,Tipam,18.73,16.57,110.0,11.19,2670.0,750.0,9.57,601.0,normal
W-ACT,2026-09-06 18:25:28,2217,Tipam,19.32,15.8,107.7,12.17,2715.0,756.0,9.61,600.6,normal
W-ACT,2026-09-06 18:28:46,2218,Tipam,18.19,16.11,106.8,11.76,2584.0,747.0,9.59,600.8,normal
W-ACT,2026-09-06 18:31:40,2219,Tipam,20.64,16.82,117.2,12.16,2635.0,739.0,9.63,600.9,normal
W-ACT,2026-09-06 18:35:18,2220,Tipam,16.53,16.57,114.4,13.06,2624.0,745.0,9.63,600.8,normal
W-ACT,2026-09-06 18:38:16,2221,Tipam,20.26,16.08,114.0,12.05,2623.0,734.0,9.59,600.1,normal
W-ACT,2026-09-06 18:41:20,2222,Tipam,19.56,16.65,112.0,12.79,2578.0,763.0,9.61,600.1,normal
W-ACT,2026-09-06 18:44:15,2223,Tipam,20.59,14.36,113.8,11.42,2593.0,753.0,9.59,600.3,normal
W-ACT,2026-09-06 18:47:27,2224,Tipam,18.7,15.82,107.3,11.92,2683.0,748.0,9.62,600.4,normal
W-ACT,2026-09-06 18:50:32,2225,Tipam,19.5,15.71,109.8,12.48,2594.0,747.0,9.6,600.7,normal
W-ACT,2026-09-06 18:53:57,2226,Tipam,17.56,16.65,106.6,12.69,2606.0,761.0,9.57,600.8,normal
W-ACT,2026-09-06 18:56:47,2227,Tipam,21.19,16.85,108.0,11.45,2679.0,757.0,9.6,601.5,normal
W-ACT,2026-09-06 19:00:00,2228,Tipam,18.63,16.16,113.2,12.52,2633.0,745.0,9.63,601.6,normal
W-ACT,2026-09-06 19:02:56,2229,Tipam,20.45,15.09,103.4,11.68,2633.0,759.0,9.6,601.1,normal
W-ACT,2026-09-06 19:05:44,2230,Tipam,21.39,16.31,111.2,12.85,2674.0,746.0,9.59,601.0,normal
W-ACT,2026-09-06 19:08:35,2231,Tipam,21.13,15.76,118.3,12.56,2591.0,747.0,9.58,600.6,normal
W-ACT,2026-09-06 19:11:36,2232,Tipam,19.84,17.18,106.3,13.07,2645.0,741.0,9.63,600.7,normal
W-ACT,2026-09-06 19:15:16,2233,Tipam,16.34,16.11,115.3,12.46,2648.0,749.0,9.61,600.3,normal
W-ACT,2026-09-06 19:18:38,2234,Tipam,17.89,15.1,109.9,11.38,2656.0,751.0,9.6,600.3,normal
W-ACT,2026-09-06 19:21:52,2235,Tipam,18.54,16.2,110.3,12.08,2617.0,767.0,9.64,600.3,normal
W-ACT,2026-09-06 19:24:50,2236,Tipam,20.23,14.91,110.2,12.55,2471.0,756.0,9.6,600.6,normal
W-ACT,2026-09-06 19:27:59,2237,Tipam,19.01,16.16,108.5,12.2,2649.0,750.0,9.6,600.5,normal
W-ACT,2026-09-06 19:31:12,2238,Tipam,18.64,15.79,110.3,12.24,2572.0,744.0,9.6,600.1,normal
W-ACT,2026-09-06 19:33:57,2239,Tipam,21.81,15.68,107.5,12.75,2627.0,751.0,9.62,600.1,normal
W-ACT,2026-09-06 19:37:24,2240,Tipam,17.4,17.6,103.2,12.68,2622.0,759.0,9.6,600.5,normal
W-ACT,2026-09-06 19:40:53,2241,Tipam,17.26,17.22,114.4,13.28,2597.0,757.0,9.61,600.7,normal
W-ACT,2026-09-06 19:44:03,2242,Tipam,18.89,16.68,103.0,11.67,2618.0,744.0,9.58,601.4,normal
W-ACT,2026-09-06 19:47:03,2243,Tipam,20.02,16.44,109.7,13.05,2634.0,749.0,9.6,601.6,normal
W-ACT,2026-09-06 19:50:31,2244,Tipam,17.32,16.89,105.1,12.06,2613.0,741.0,9.59,601.9,normal
W-ACT,2026-09-06 19:53:51,2245,Tipam,18.02,16.32,110.2,12.56,2702.0,749.0,9.6,601.3,normal
W-ACT,2026-09-06 19:56:49,2246,Tipam,20.16,16.27,111.0,12.91,2667.0,754.0,9.56,601.0,normal
W-ACT,2026-09-06 20:00:03,2247,Tipam,18.56,15.92,111.2,11.88,2543.0,742.0,9.62,600.6,normal
W-ACT,2026-09-06 20:03:11,2248,Tipam,19.22,16.4,105.8,12.08,2701.0,760.0,9.6,601.2,normal
W-ACT,2026-09-06 20:06:48,2249,Tipam,16.56,15.13,114.2,11.4,2608.0,740.0,9.56,601.0,normal
W-ACT,2026-09-06 20:09:39,2250,Tipam,21.11,16.16,105.2,12.67,2647.0,753.0,9.62,601.2,normal
W-ACT,2026-09-06 20:12:22,2251,Tipam,21.98,15.98,107.1,10.84,2607.0,738.0,9.6,601.0,normal
W-ACT,2026-09-06 20:15:16,2252,Tipam,20.77,15.87,112.7,11.64,2699.0,759.0,9.6,600.6,normal
W-ACT,2026-09-06 20:18:04,2253,Tipam,21.37,15.46,108.0,12.3,2694.0,753.0,9.61,600.5,normal
W-ACT,2026-09-06 20:21:08,2254,Tipam,19.62,16.92,111.9,12.88,2721.0,753.0,9.59,600.8,normal
W-ACT,2026-09-06 20:24:35,2255,Tipam,17.39,16.29,106.9,11.55,2660.0,745.0,9.57,600.4,normal
W-ACT,2026-09-06 20:27:49,2256,Tipam,18.56,16.42,112.5,12.61,2520.0,746.0,9.55,600.4,normal
W-ACT,2026-09-06 20:31:08,2257,Tipam,18.02,15.67,107.7,12.17,2629.0,761.0,9.62,600.6,normal
W-ACT,2026-09-06 20:34:13,2258,Tipam,19.47,16.28,109.7,12.07,2765.0,748.0,9.61,600.4,normal
W-ACT,2026-09-06 20:37:24,2259,Tipam,18.91,14.4,108.7,11.6,2622.0,754.0,9.6,600.7,normal
W-ACT,2026-09-06 20:40:43,2260,Tipam,18.06,15.36,106.9,12.71,2553.0,759.0,9.61,600.5,normal
W-ACT,2026-09-06 20:43:38,2261,Tipam,20.53,14.08,119.6,11.82,2671.0,751.0,9.59,600.9,normal
W-ACT,2026-09-06 20:47:28,2262,Tipam,15.69,18.11,109.9,11.56,2692.0,753.0,9.56,600.7,normal
W-ACT,2026-09-06 20:51:11,2263,Tipam,16.1,16.8,110.5,11.11,2591.0,751.0,9.62,600.7,normal
W-ACT,2026-09-06 20:54:22,2264,Tipam,18.93,15.2,110.2,12.51,2581.0,745.0,9.59,600.6,normal
W-ACT,2026-09-06 20:57:29,2265,Tipam,19.17,16.26,109.2,11.68,2799.0,753.0,9.63,600.5,normal
W-ACT,2026-09-06 21:00:46,2266,Tipam,18.33,14.63,108.3,13.63,2602.0,752.0,9.62,600.6,normal
W-ACT,2026-09-06 21:04:14,2267,Tipam,17.28,14.83,106.3,12.28,2634.0,736.0,9.62,600.4,normal
W-ACT,2026-09-06 21:07:20,2268,Tipam,19.39,16.9,110.3,12.49,2605.0,745.0,9.59,600.5,normal
W-ACT,2026-09-06 21:10:15,2269,Tipam,20.48,17.83,108.1,12.38,2635.0,748.0,9.61,600.6,normal
W-ACT,2026-09-06 21:13:16,2270,Tipam,19.96,15.58,111.5,11.38,2671.0,757.0,9.59,600.9,normal
W-ACT,2026-09-06 21:16:35,2271,Tipam,18.06,15.25,112.6,11.91,2609.0,749.0,9.63,600.5,normal
W-ACT,2026-09-06 21:19:48,2272,Tipam,18.71,14.87,112.7,13.2,2595.0,756.0,9.6,600.8,normal
W-ACT,2026-09-06 21:22:51,2273,Tipam,19.6,15.5,111.6,11.99,2644.0,754.0,9.6,600.4,normal
W-ACT,2026-09-06 21:26:04,2274,Tipam,18.72,15.73,108.4,13.08,2707.0,745.0,9.57,600.6,normal
W-ACT,2026-09-06 21:29:26,2275,Tipam,17.82,16.62,116.7,12.03,2620.0,742.0,9.6,600.1,normal
W-ACT,2026-09-06 21:32:18,2276,Tipam,20.9,15.06,117.2,12.14,2636.0,763.0,9.58,599.7,normal
W-ACT,2026-09-06 21:35:43,2277,Tipam,17.54,16.46,112.2,13.36,2617.0,757.0,9.59,599.6,normal
W-ACT,2026-09-06 21:39:00,2278,Tipam,18.29,17.27,108.0,13.24,2649.0,755.0,9.61,600.0,normal
W-ACT,2026-09-06 21:41:57,2279,Tipam,20.31,14.85,108.5,12.6,2692.0,756.0,9.59,600.1,normal
W-ACT,2026-09-06 21:45:37,2280,Tipam,16.37,16.07,114.2,12.92,2634.0,752.0,9.63,600.0,normal
W-ACT,2026-09-06 21:48:52,2281,Tipam,18.47,15.96,107.9,12.75,2651.0,735.0,9.57,599.7,normal
W-ACT,2026-09-06 21:51:56,2282,Tipam,19.61,16.0,111.7,12.49,2760.0,744.0,9.58,599.7,normal
W-ACT,2026-09-06 21:55:19,2283,Tipam,17.73,16.28,113.4,11.87,2600.0,743.0,9.58,599.5,normal
W-ACT,2026-09-06 21:58:19,2284,Tipam,19.96,16.2,106.8,12.62,2637.0,754.0,9.64,599.8,normal
W-ACT,2026-09-06 22:01:38,2285,Tipam,18.08,16.08,113.8,11.98,2573.0,748.0,9.57,599.1,normal
W-ACT,2026-09-06 22:04:17,2286,Tipam,22.71,16.27,110.2,13.62,2603.0,755.0,9.59,599.2,normal
W-ACT,2026-09-06 22:07:55,2287,Tipam,16.51,15.15,109.3,11.12,2672.0,748.0,9.63,598.8,normal
W-ACT,2026-09-06 22:10:58,2288,Tipam,19.64,16.35,105.1,12.67,2644.0,754.0,9.58,599.6,normal
W-ACT,2026-09-06 22:13:52,2289,Tipam,20.65,14.89,115.7,13.51,2684.0,758.0,9.55,599.9,normal
W-ACT,2026-09-06 22:16:43,2290,Tipam,21.11,16.5,113.0,12.76,2646.0,756.0,9.62,599.5,normal
W-ACT,2026-09-06 22:19:33,2291,Tipam,21.21,16.05,105.9,10.76,2704.0,753.0,9.64,599.1,normal
W-ACT,2026-09-06 22:22:56,2292,Tipam,17.7,16.65,110.6,12.99,2730.0,756.0,9.6,598.9,normal
W-ACT,2026-09-06 22:26:23,2293,Tipam,17.37,15.56,117.1,12.13,2646.0,754.0,9.62,599.3,normal
W-ACT,2026-09-06 22:29:27,2294,Tipam,19.55,15.36,105.9,12.13,2704.0,747.0,9.59,599.6,normal
W-ACT,2026-09-06 22:32:53,2295,Tipam,17.49,15.77,116.4,12.28,2629.0,744.0,9.58,599.2,normal
W-ACT,2026-09-06 22:35:54,2296,Tipam,19.92,15.91,116.9,12.03,2653.0,745.0,9.6,599.2,normal
W-ACT,2026-09-06 22:38:49,2297,Tipam,20.51,16.59,113.0,12.16,2653.0,754.0,9.57,599.3,normal
W-ACT,2026-09-06 22:42:18,2298,Tipam,17.25,15.92,109.5,12.56,2586.0,736.0,9.6,599.3,normal
W-ACT,2026-09-06 22:46:17,2299,Tipam,15.08,15.06,107.0,12.14,2637.0,753.0,9.62,599.2,normal
W-ACT,2026-09-06 22:49:24,2300,Tipam,19.25,15.32,106.0,12.72,2813.0,748.0,9.62,599.1,normal
W-ACT,2026-09-06 22:52:34,2301,Tipam,18.89,16.64,112.6,11.76,2620.0,756.0,9.56,598.9,normal
W-ACT,2026-09-06 22:55:42,2302,Tipam,19.15,16.79,109.7,13.57,2760.0,743.0,9.57,598.4,normal
W-ACT,2026-09-06 22:59:02,2303,Tipam,18.02,17.14,110.4,12.84,2730.0,743.0,9.58,598.4,normal
W-ACT,2026-09-06 23:02:35,2304,Tipam,16.88,16.19,113.6,12.15,2666.0,749.0,9.57,598.7,normal
W-ACT,2026-09-06 23:06:07,2305,Tipam,17.06,16.36,107.5,12.29,2614.0,752.0,9.6,599.3,normal
W-ACT,2026-09-06 23:09:27,2306,Tipam,18.0,17.46,108.8,12.62,2631.0,757.0,9.59,599.1,normal
W-ACT,2026-09-06 23:12:40,2307,Tipam,18.59,15.26,110.3,12.39,2655.0,755.0,9.6,599.3,normal
W-ACT,2026-09-06 23:15:21,2308,Tipam,22.34,15.02,107.3,12.84,2583.0,746.0,9.61,599.3,normal
W-ACT,2026-09-06 23:18:30,2309,Tipam,19.07,16.77,114.5,11.88,2526.0,747.0,9.6,599.0,normal
W-ACT,2026-09-06 23:21:35,2310,Tipam,19.5,17.2,115.8,13.22,2698.0,754.0,9.62,599.0,normal
W-ACT,2026-09-06 23:24:24,2311,Tipam,21.27,16.0,113.3,11.4,2605.0,745.0,9.58,598.3,normal
W-ACT,2026-09-06 23:27:20,2312,Tipam,20.41,15.64,107.6,13.08,2638.0,758.0,9.62,598.6,normal
W-ACT,2026-09-06 23:30:44,2313,Tipam,17.71,15.74,104.7,12.08,2697.0,748.0,9.61,598.2,normal
W-ACT,2026-09-06 23:33:53,2314,Tipam,18.99,16.47,109.8,12.09,2604.0,752.0,9.58,598.3,normal
W-ACT,2026-09-06 23:36:44,2315,Tipam,21.04,15.2,112.8,12.0,2541.0,750.0,9.6,598.3,normal
W-ACT,2026-09-06 23:39:59,2316,Tipam,18.47,15.24,111.7,11.28,2722.0,754.0,9.58,598.3,normal
W-ACT,2026-09-06 23:43:20,2317,Tipam,17.96,16.4,110.4,12.67,2665.0,750.0,9.65,598.9,normal
W-ACT,2026-09-06 23:47:00,2318,Tipam,16.3,14.82,111.8,12.61,2722.0,738.0,9.59,599.2,normal
W-ACT,2026-09-06 23:50:07,2319,Tipam,19.29,16.39,108.0,12.66,2637.0,754.0,9.58,599.2,normal
W-ACT,2026-09-06 23:53:09,2320,Tipam,19.81,15.98,111.3,12.12,2628.0,750.0,9.59,599.2,normal
W-ACT,2026-09-06 23:56:03,2321,Tipam,20.63,13.31,113.0,13.09,2705.0,759.0,9.6,600.2,normal
W-ACT,2026-09-06 23:59:11,2322,Tipam,19.22,15.98,108.2,12.87,2672.0,749.0,9.64,600.4,normal
W-ACT,2026-09-07 00:03:10,2323,Tipam,15.06,16.52,110.8,11.81,2684.0,743.0,9.59,600.5,normal
W-ACT,2026-09-07 00:05:56,2324,Tipam,21.6,15.29,110.6,12.53,2633.0,746.0,9.61,599.8,normal
W-ACT,2026-09-07 00:08:57,2325,Tipam,19.98,15.3,115.4,13.01,2659.0,760.0,9.6,599.0,normal
W-ACT,2026-09-07 00:12:07,2326,Tipam,18.93,14.88,113.7,12.24,2653.0,760.0,9.56,598.7,normal
W-ACT,2026-09-07 00:15:17,2327,Tipam,18.88,16.62,111.2,11.82,2672.0,737.0,9.58,599.1,normal
W-ACT,2026-09-07 00:18:29,2328,Tipam,18.78,15.25,107.7,12.61,2730.0,767.0,9.62,599.8,normal
W-ACT,2026-09-07 00:22:16,2329,Tipam,15.87,15.59,110.1,12.96,2674.0,741.0,9.61,599.6,normal
W-ACT,2026-09-07 00:25:34,2330,Tipam,18.16,16.39,107.1,12.18,2628.0,745.0,9.6,599.3,normal
W-ACT,2026-09-07 00:28:18,2331,Tipam,21.93,15.5,113.8,11.34,2625.0,737.0,9.62,599.9,normal
W-ACT,2026-09-07 00:31:52,2332,Tipam,16.86,15.8,107.1,13.34,2660.0,748.0,9.62,599.6,normal
W-ACT,2026-09-07 00:35:17,2333,Tipam,17.55,16.09,107.8,13.01,2726.0,749.0,9.6,598.8,normal
W-ACT,2026-09-07 00:38:14,2334,Tipam,20.29,15.9,109.1,13.0,2740.0,744.0,9.62,598.9,normal
W-ACT,2026-09-07 00:41:30,2335,Tipam,18.45,16.96,113.2,14.18,2564.0,744.0,9.59,598.9,normal
W-ACT,2026-09-07 00:44:29,2336,Tipam,20.05,15.74,106.1,11.32,2731.0,752.0,9.57,599.4,normal
W-ACT,2026-09-07 00:47:21,2337,Tipam,20.89,15.72,111.5,11.2,2777.0,759.0,9.58,599.1,normal
W-ACT,2026-09-07 00:50:18,2338,Tipam,20.41,15.22,108.5,13.32,2639.0,740.0,9.62,599.0,normal
W-ACT,2026-09-07 00:53:22,2339,Tipam,19.53,16.21,108.2,11.96,2769.0,744.0,9.62,599.1,normal
W-ACT,2026-09-07 00:56:37,2340,Tipam,18.47,16.64,107.8,12.77,2722.0,744.0,9.6,599.7,normal
W-ACT,2026-09-07 00:59:43,2341,Tipam,19.35,16.33,107.5,12.96,2757.0,757.0,9.62,600.0,normal
W-ACT,2026-09-07 01:02:47,2342,Tipam,19.61,15.3,105.0,13.17,2688.0,761.0,9.65,600.2,normal
W-ACT,2026-09-07 01:05:38,2343,Tipam,21.07,15.68,110.1,11.64,2686.0,750.0,9.59,600.0,normal
W-ACT,2026-09-07 01:08:51,2344,Tipam,18.57,16.53,110.9,12.74,2689.0,749.0,9.6,600.0,normal
W-ACT,2026-09-07 01:11:55,2345,Tipam,19.61,17.47,112.7,12.76,2690.0,748.0,9.6,599.5,normal
W-ACT,2026-09-07 01:15:02,2346,Tipam,19.28,16.05,101.4,12.06,2629.0,747.0,9.63,599.2,normal
W-ACT,2026-09-07 01:17:58,2347,Tipam,20.37,15.38,113.4,11.92,2624.0,750.0,9.61,599.3,normal
W-ACT,2026-09-07 01:21:00,2348,Tipam,19.82,14.6,109.5,12.16,2743.0,742.0,9.58,599.9,normal
W-ACT,2026-09-07 01:24:09,2349,Tipam,19.01,14.78,113.0,11.99,2698.0,743.0,9.61,599.5,normal
W-ACT,2026-09-07 01:27:18,2350,Tipam,19.07,16.31,113.8,13.34,2698.0,750.0,9.61,599.1,normal
W-ACT,2026-09-07 01:30:27,2351,Tipam,19.02,16.68,106.1,12.58,2765.0,746.0,9.6,598.6,normal
W-ACT,2026-09-07 01:33:59,2352,Tipam,16.98,16.74,107.5,12.96,2627.0,755.0,9.6,599.2,normal
W-ACT,2026-09-07 01:37:11,2353,Tipam,18.78,15.95,110.6,13.3,2705.0,750.0,9.6,598.8,normal
W-ACT,2026-09-07 01:40:18,2354,Tipam,19.26,14.14,107.1,13.49,2733.0,751.0,9.62,598.4,normal
W-ACT,2026-09-07 01:43:16,2355,Tipam,20.19,16.67,108.2,12.9,2790.0,758.0,9.59,598.7,normal
W-ACT,2026-09-07 01:46:14,2356,Tipam,20.23,16.27,109.5,11.23,2783.0,745.0,9.56,599.0,normal
W-ACT,2026-09-07 01:49:17,2357,Tipam,19.67,15.21,111.6,12.11,2770.0,729.0,9.62,599.4,normal
W-ACT,2026-09-07 01:52:22,2358,Tipam,19.52,16.99,116.3,11.5,2738.0,755.0,9.62,599.1,normal
W-ACT,2026-09-07 01:55:16,2359,Tipam,20.66,16.34,111.5,12.71,2782.0,751.0,9.65,598.9,normal
W-ACT,2026-09-07 01:58:33,2360,Tipam,18.3,16.16,110.9,12.94,2692.0,753.0,9.62,598.2,normal
W-ACT,2026-09-07 02:01:16,2361,Tipam,22.0,14.95,111.4,11.73,2684.0,744.0,9.6,598.1,normal
W-ACT,2026-09-07 02:04:23,2362,Tipam,19.28,16.6,119.0,11.49,2690.0,759.0,9.57,598.1,normal
W-ACT,2026-09-07 02:07:23,2363,Tipam,19.96,15.32,112.5,12.54,2707.0,758.0,9.59,597.7,normal
W-ACT,2026-09-07 02:10:42,2364,Tipam,18.12,16.34,116.0,11.78,2679.0,754.0,9.61,598.0,normal
W-ACT,2026-09-07 02:13:59,2365,Tipam,18.26,14.66,111.7,12.24,2781.0,757.0,9.6,597.8,normal
W-ACT,2026-09-07 02:16:58,2366,Tipam,20.17,17.42,111.5,11.92,2657.0,751.0,9.61,598.1,normal
W-ACT,2026-09-07 02:19:52,2367,Tipam,20.65,16.09,112.0,11.47,2624.0,743.0,9.59,598.9,normal
W-ACT,2026-09-07 02:22:49,2368,Tipam,20.4,15.87,109.3,12.61,2690.0,738.0,9.59,598.7,normal
W-ACT,2026-09-07 02:26:04,2369,Tipam,18.46,15.3,112.2,11.99,2711.0,738.0,9.6,598.4,normal
W-ACT,2026-09-07 02:28:58,2370,Tipam,20.66,15.16,106.3,13.35,2677.0,756.0,9.6,598.5,normal
W-ACT,2026-09-07 02:32:13,2371,Tipam,18.46,15.64,110.9,13.64,2621.0,753.0,9.6,598.7,normal
W-ACT,2026-09-07 02:35:01,2372,Tipam,21.4,16.32,112.3,12.25,2663.0,745.0,9.6,598.6,normal
W-ACT,2026-09-07 02:38:24,2373,Tipam,17.75,17.45,110.7,13.23,2662.0,746.0,9.62,598.3,normal
W-ACT,2026-09-07 02:41:23,2374,Tipam,20.14,16.15,108.7,12.65,2826.0,742.0,9.62,598.5,normal
W-ACT,2026-09-07 02:44:42,2375,Tipam,18.08,16.68,107.8,12.92,2671.0,755.0,9.59,598.6,normal
W-ACT,2026-09-07 02:47:57,2376,Tipam,18.44,17.75,113.5,11.94,2712.0,765.0,9.61,599.5,normal
W-ACT,2026-09-07 02:50:57,2377,Tipam,19.98,14.29,107.9,12.91,2697.0,742.0,9.57,599.3,normal
W-ACT,2026-09-07 02:54:10,2378,Tipam,18.67,15.82,111.1,13.04,2600.0,752.0,9.62,599.6,normal
W-ACT,2026-09-07 02:57:17,2379,Tipam,19.3,16.32,114.2,11.34,2658.0,752.0,9.6,599.6,normal
W-ACT,2026-09-07 03:00:06,2380,Tipam,21.22,15.53,112.8,13.14,2755.0,750.0,9.57,599.9,normal
W-ACT,2026-09-07 03:03:31,2381,Tipam,17.56,15.54,108.2,12.41,2646.0,761.0,9.63,600.2,normal
W-ACT,2026-09-07 03:06:49,2382,Tipam,18.24,15.73,104.4,11.05,2709.0,759.0,9.59,599.8,normal
W-ACT,2026-09-07 03:09:56,2383,Tipam,19.19,16.65,106.8,12.64,2758.0,743.0,9.62,599.5,normal
W-ACT,2026-09-07 03:13:14,2384,Tipam,18.21,16.34,105.0,11.94,2748.0,743.0,9.59,600.0,normal
W-ACT,2026-09-07 03:16:52,2385,Tipam,16.49,16.43,112.7,12.88,2719.0,756.0,9.6,600.3,normal
W-ACT,2026-09-07 03:19:57,2386,Tipam,19.45,14.98,111.5,11.43,2692.0,754.0,9.58,600.3,normal
W-ACT,2026-09-07 03:23:32,2387,Tipam,16.77,14.2,112.9,13.18,2773.0,772.0,9.58,600.3,normal
W-ACT,2026-09-07 03:26:41,2388,Tipam,19.07,15.21,107.6,12.04,2769.0,758.0,9.61,599.9,normal
W-ACT,2026-09-07 03:29:51,2389,Tipam,18.92,16.92,116.9,12.15,2699.0,758.0,9.61,600.1,normal
W-ACT,2026-09-07 03:32:45,2390,Tipam,20.68,15.68,113.9,12.93,2758.0,756.0,9.62,600.4,normal
W-ACT,2026-09-07 03:35:53,2391,Tipam,19.19,15.3,105.6,12.52,2762.0,754.0,9.59,600.3,normal
W-ACT,2026-09-07 03:39:11,2392,Tipam,18.15,16.01,108.9,12.27,2759.0,733.0,9.61,599.6,normal
W-ACT,2026-09-07 03:42:06,2393,Tipam,20.54,15.65,109.5,13.18,2701.0,757.0,9.6,599.6,normal
W-ACT,2026-09-07 03:45:08,2394,Tipam,19.77,16.32,110.7,12.42,2730.0,750.0,9.65,599.5,normal
W-ACT,2026-09-07 03:48:16,2395,Tipam,19.17,16.3,112.3,12.96,2679.0,737.0,9.6,598.7,normal
W-ACT,2026-09-07 03:51:26,2396,Tipam,18.98,15.08,109.8,12.48,2714.0,741.0,9.6,598.4,normal
W-ACT,2026-09-07 03:54:58,2397,Tipam,16.95,16.8,108.9,12.89,2743.0,740.0,9.59,598.7,normal
W-ACT,2026-09-07 03:58:41,2398,Tipam,16.18,14.44,108.4,12.33,2713.0,772.0,9.56,598.9,normal
W-ACT,2026-09-07 04:01:37,2399,Tipam,20.47,15.65,109.1,10.96,2667.0,745.0,9.61,599.2,normal
W-ACT,2026-09-07 04:05:19,2400,Tipam,16.22,16.3,108.5,12.6,2790.0,751.0,9.6,599.1,normal
W-ACT,2026-09-07 04:08:36,2401,Tipam,18.19,16.13,104.9,12.21,2680.0,741.0,9.6,599.5,normal
W-ACT,2026-09-07 04:11:40,2402,Tipam,19.65,16.12,105.7,12.0,2680.0,747.0,9.61,599.1,normal
W-ACT,2026-09-07 04:14:50,2403,Tipam,18.94,17.43,109.3,13.08,2667.0,746.0,9.6,599.2,normal
W-ACT,2026-09-07 04:18:10,2404,Tipam,17.99,15.79,111.7,12.4,2646.0,752.0,9.59,598.8,normal
W-ACT,2026-09-07 04:21:23,2405,Tipam,18.65,15.56,110.6,12.46,2710.0,750.0,9.63,598.4,normal
W-ACT,2026-09-07 04:24:22,2406,Tipam,20.11,14.37,110.9,12.47,2712.0,755.0,9.57,598.7,normal
W-ACT,2026-09-07 04:27:25,2407,Tipam,19.61,15.93,110.6,13.31,2782.0,750.0,9.62,599.1,normal
W-ACT,2026-09-07 04:30:56,2408,Tipam,17.1,14.93,110.6,12.94,2730.0,751.0,9.58,599.0,normal
W-ACT,2026-09-07 04:34:40,2409,Tipam,16.05,16.65,107.9,12.68,2770.0,754.0,9.58,599.7,normal
W-ACT,2026-09-07 04:37:43,2410,Tipam,19.75,14.58,108.5,12.34,2680.0,753.0,9.59,599.5,normal
W-ACT,2026-09-07 04:41:17,2411,Tipam,16.76,17.57,109.8,12.4,2630.0,745.0,9.64,599.7,normal
W-ACT,2026-09-07 04:44:24,2412,Tipam,19.28,15.3,106.6,13.06,2721.0,745.0,9.59,599.3,normal
W-ACT,2026-09-07 04:47:33,2413,Tipam,19.02,15.77,111.3,12.24,2688.0,761.0,9.61,599.5,normal
W-ACT,2026-09-07 04:50:45,2414,Tipam,18.74,15.92,108.2,12.69,2687.0,738.0,9.6,599.0,normal
W-ACT,2026-09-07 04:54:01,2415,Tipam,18.43,16.48,111.8,11.89,2811.0,739.0,9.64,598.8,normal
W-ACT,2026-09-07 04:57:16,2416,Tipam,18.42,16.14,105.6,13.26,2782.0,746.0,9.6,598.7,normal
W-ACT,2026-09-07 05:00:37,2417,Tipam,17.94,15.85,107.9,11.5,2721.0,747.0,9.57,597.9,normal
W-ACT,2026-09-07 05:03:29,2418,Tipam,20.91,16.7,114.1,12.23,2702.0,744.0,9.61,597.9,normal
W-ACT,2026-09-07 05:06:41,2419,Tipam,18.72,15.92,114.1,12.15,2732.0,762.0,9.62,597.8,normal
W-ACT,2026-09-07 05:09:24,2420,Tipam,22.18,14.54,110.9,12.35,2742.0,746.0,9.63,598.4,normal
W-ACT,2026-09-07 05:12:46,2421,Tipam,17.83,15.13,106.1,13.1,2767.0,747.0,9.61,598.8,normal
W-ACT,2026-09-07 05:16:14,2422,Tipam,17.24,16.9,106.3,13.02,2747.0,754.0,9.57,598.7,normal
W-ACT,2026-09-07 05:19:09,2423,Tipam,20.58,15.83,113.4,13.02,2775.0,753.0,9.6,598.6,normal
W-ACT,2026-09-07 05:22:23,2424,Tipam,18.62,16.15,112.2,13.26,2799.0,743.0,9.58,598.2,normal
W-ACT,2026-09-07 05:25:34,2425,Tipam,18.84,17.64,103.5,12.53,2773.0,751.0,9.6,598.2,normal
W-ACT,2026-09-07 05:29:05,2426,Tipam,17.02,15.72,109.0,13.43,2769.0,740.0,9.6,598.0,normal
W-ACT,2026-09-07 05:32:29,2427,Tipam,17.65,14.99,107.8,12.3,2840.0,751.0,9.61,598.3,normal
W-ACT,2026-09-07 05:36:11,2428,Tipam,16.25,15.46,110.5,12.87,2645.0,743.0,9.6,598.6,normal
W-ACT,2026-09-07 05:39:22,2429,Tipam,18.79,15.04,107.1,12.24,2839.0,755.0,9.57,599.0,normal
W-ACT,2026-09-07 05:42:35,2430,Tipam,18.69,15.84,114.4,12.6,2648.0,760.0,9.59,599.2,normal
W-ACT,2026-09-07 05:45:49,2431,Tipam,18.53,14.97,109.4,12.31,2701.0,739.0,9.59,598.1,normal
W-ACT,2026-09-07 05:49:15,2432,Tipam,17.53,14.24,108.9,11.85,2763.0,746.0,9.62,598.4,normal
W-ACT,2026-09-07 05:52:24,2433,Tipam,19.0,15.0,108.7,13.4,2713.0,751.0,9.61,598.7,normal
W-ACT,2026-09-07 05:55:37,2434,Tipam,18.69,16.08,110.1,12.21,2796.0,754.0,9.59,598.0,normal
W-ACT,2026-09-07 05:58:24,2435,Tipam,21.55,15.25,107.4,11.97,2665.0,767.0,9.63,598.6,normal
W-ACT,2026-09-07 06:01:34,2436,Tipam,18.9,16.89,108.8,12.57,2723.0,745.0,9.61,598.1,normal
W-ACT,2026-09-07 06:04:55,2437,Tipam,17.91,16.5,108.6,11.63,2717.0,736.0,9.57,598.3,normal
W-ACT,2026-09-07 06:07:53,2438,Tipam,20.3,17.57,114.2,12.62,2659.0,745.0,9.6,597.9,normal
W-ACT,2026-09-07 06:11:08,2439,Tipam,18.4,14.63,113.4,12.68,2806.0,751.0,9.59,598.5,normal
W-ACT,2026-09-07 06:15:03,2440,Tipam,15.35,15.64,106.0,10.43,2734.0,759.0,9.62,598.8,normal
W-ACT,2026-09-07 06:18:23,2441,Tipam,17.97,16.16,104.8,13.67,2810.0,761.0,9.59,599.5,normal
W-ACT,2026-09-07 06:21:48,2442,Tipam,17.57,14.62,113.1,12.25,2821.0,736.0,9.6,600.2,normal
W-ACT,2026-09-07 06:25:00,2443,Tipam,18.73,16.78,113.1,13.42,2794.0,748.0,9.58,600.1,normal
W-ACT,2026-09-07 06:28:04,2444,Tipam,19.57,15.12,103.6,13.3,2712.0,757.0,9.59,600.1,normal
W-ACT,2026-09-07 06:30:56,2445,Tipam,20.96,16.15,113.2,11.53,2640.0,739.0,9.58,599.5,normal
W-ACT,2026-09-07 06:33:44,2446,Tipam,21.4,17.2,110.9,14.38,2754.0,746.0,9.6,599.6,normal
W-ACT,2026-09-07 06:36:52,2447,Tipam,19.13,15.11,109.7,12.41,2821.0,742.0,9.61,599.3,normal
W-ACT,2026-09-07 06:40:35,2448,Tipam,16.18,17.05,103.4,11.8,2698.0,751.0,9.61,599.3,normal
W-ACT,2026-09-07 06:44:03,2449,Tipam,17.33,16.05,110.2,10.43,2755.0,750.0,9.61,599.9,normal
W-ACT,2026-09-07 06:46:58,2450,Tipam,20.54,15.49,114.3,13.15,2851.0,745.0,9.62,599.8,normal
W-ACT,2026-09-07 06:50:02,2451,Tipam,19.57,16.36,106.4,12.01,2774.0,745.0,9.61,600.3,normal
W-ACT,2026-09-07 06:53:05,2452,Tipam,19.66,16.77,112.3,12.55,2820.0,759.0,9.58,600.3,normal
W-ACT,2026-09-07 06:56:03,2453,Tipam,20.18,13.88,114.5,12.14,2737.0,753.0,9.61,600.4,normal
W-ACT,2026-09-07 06:59:29,2454,Tipam,17.48,16.25,113.1,12.03,2778.0,739.0,9.63,600.3,normal
W-ACT,2026-09-07 07:02:33,2455,Tipam,19.55,15.35,113.7,12.52,2755.0,749.0,9.59,601.0,normal
W-ACT,2026-09-07 07:05:29,2456,Tipam,20.49,14.25,110.3,12.9,2714.0,753.0,9.6,601.2,normal
W-ACT,2026-09-07 07:08:50,2457,Tipam,17.92,15.49,106.3,12.23,2815.0,762.0,9.59,601.2,normal
W-ACT,2026-09-07 07:12:15,2458,Tipam,17.6,15.09,110.8,12.11,2762.0,739.0,9.6,600.9,normal
W-ACT,2026-09-07 07:15:53,2459,Tipam,16.47,16.82,115.6,13.18,2803.0,763.0,9.59,600.6,normal
W-ACT,2026-09-07 07:19:00,2460,Tipam,19.22,16.09,109.3,11.64,2785.0,746.0,9.6,599.9,normal
W-ACT,2026-09-07 07:21:51,2461,Tipam,21.16,16.57,113.2,11.67,2747.0,738.0,9.61,599.5,normal
W-ACT,2026-09-07 07:25:32,2462,Tipam,16.27,17.28,114.2,12.98,2685.0,755.0,9.62,599.5,normal
W-ACT,2026-09-07 07:28:40,2463,Tipam,19.11,15.5,106.0,12.93,2724.0,758.0,9.61,599.5,normal
W-ACT,2026-09-07 07:32:05,2464,Tipam,17.59,15.44,105.5,12.28,2748.0,754.0,9.6,599.0,normal
W-ACT,2026-09-07 07:35:42,2465,Tipam,16.58,17.37,106.3,13.31,2619.0,759.0,9.6,598.9,normal
W-ACT,2026-09-07 07:38:39,2466,Tipam,20.35,16.52,112.8,12.36,2733.0,747.0,9.61,598.9,normal
W-ACT,2026-09-07 07:41:41,2467,Tipam,19.82,17.24,108.7,11.28,2767.0,756.0,9.57,598.9,normal
W-ACT,2026-09-07 07:44:42,2468,Tipam,19.86,15.03,104.6,11.75,2713.0,743.0,9.58,598.1,normal
W-ACT,2026-09-07 07:48:13,2469,Tipam,17.07,14.76,106.2,13.01,2770.0,763.0,9.62,598.0,normal
W-ACT,2026-09-07 07:51:07,2470,Tipam,20.63,16.41,113.5,12.76,2690.0,756.0,9.61,598.3,normal
W-ACT,2026-09-07 07:54:08,2471,Tipam,19.95,15.96,109.1,11.35,2812.0,747.0,9.56,598.2,normal
W-ACT,2026-09-07 07:57:09,2472,Tipam,19.89,17.05,103.1,12.53,2651.0,761.0,9.6,598.5,normal
W-ACT,2026-09-07 08:00:06,2473,Tipam,20.28,13.51,110.3,11.34,2786.0,734.0,9.6,598.4,normal
W-ACT,2026-09-07 08:03:07,2474,Tipam,19.95,17.47,110.0,12.69,2757.0,753.0,9.63,599.1,normal
W-ACT,2026-09-07 08:06:38,2475,Tipam,17.05,16.19,112.6,12.8,2699.0,763.0,9.59,598.3,normal
W-ACT,2026-09-07 08:09:48,2476,Tipam,18.97,15.39,108.1,12.26,2753.0,769.0,9.6,599.0,normal
W-ACT,2026-09-07 08:12:53,2477,Tipam,19.45,14.72,109.9,12.68,2807.0,748.0,9.58,598.9,normal
W-ACT,2026-09-07 08:15:51,2478,Tipam,20.14,15.43,113.9,12.5,2823.0,744.0,9.6,598.9,normal
W-ACT,2026-09-07 08:19:02,2479,Tipam,18.92,16.06,104.5,11.46,2736.0,753.0,9.59,598.0,normal
W-ACT,2026-09-07 08:22:10,2480,Tipam,19.1,17.34,108.4,13.58,2753.0,753.0,9.65,598.0,normal
W-ACT,2026-09-07 08:25:36,2481,Tipam,17.49,15.35,106.3,12.68,2834.0,749.0,9.61,598.0,normal
W-ACT,2026-09-07 08:28:46,2482,Tipam,18.94,14.96,109.2,12.45,2745.0,749.0,9.64,598.0,normal
W-ACT,2026-09-07 08:32:19,2483,Tipam,16.88,16.22,105.3,12.31,2677.0,746.0,9.58,598.0,normal
W-ACT,2026-09-07 08:35:31,2484,Tipam,18.81,15.85,110.8,13.85,2735.0,736.0,9.58,597.5,normal
W-ACT,2026-09-07 08:38:38,2485,Tipam,19.24,17.24,112.9,12.48,2729.0,741.0,9.61,597.2,normal
W-ACT,2026-09-07 08:41:51,2486,Tipam,18.61,16.77,109.2,13.46,2712.0,742.0,9.63,596.8,normal
W-ACT,2026-09-07 08:45:07,2487,Tipam,18.41,15.93,112.8,12.52,2733.0,743.0,9.6,597.2,normal
W-ACT,2026-09-07 08:48:35,2488,Tipam,17.29,17.64,111.8,11.6,2751.0,743.0,9.61,597.6,normal
W-ACT,2026-09-07 08:51:58,2489,Tipam,17.76,15.62,107.8,12.6,2840.0,747.0,9.58,597.3,normal
W-ACT,2026-09-07 08:55:09,2490,Tipam,18.83,15.96,108.1,12.38,2746.0,766.0,9.6,596.9,normal
W-ACT,2026-09-07 08:58:43,2491,Tipam,16.81,16.27,113.4,13.51,2825.0,769.0,9.59,597.5,normal
W-ACT,2026-09-07 09:02:05,2492,Tipam,17.79,16.49,112.4,12.91,2775.0,741.0,9.62,597.8,normal
W-ACT,2026-09-07 09:05:17,2493,Tipam,18.81,16.08,108.5,12.36,2720.0,750.0,9.6,597.4,normal
W-ACT,2026-09-07 09:08:13,2494,Tipam,20.48,15.55,110.8,12.51,2807.0,741.0,9.57,597.5,normal
W-ACT,2026-09-07 09:11:03,2495,Tipam,21.18,16.18,113.1,11.41,2870.0,758.0,9.64,597.5,normal
W-ACT,2026-09-07 09:14:01,2496,Tipam,20.19,15.6,113.2,11.14,2818.0,737.0,9.58,597.9,normal
W-ACT,2026-09-07 09:17:05,2497,Tipam,19.58,15.77,109.8,11.57,2795.0,748.0,9.61,598.0,normal
W-ACT,2026-09-07 09:20:36,2498,Tipam,17.07,17.0,108.0,12.83,2703.0,744.0,9.64,597.9,normal
W-ACT,2026-09-07 09:24:12,2499,Tipam,16.61,15.73,100.3,12.81,2698.0,751.0,9.61,598.3,normal
W-ACT,2026-09-07 09:26:52,2500,Tipam,22.55,15.92,113.0,13.52,2816.0,758.0,9.59,598.0,normal
W-ACT,2026-09-07 09:30:00,2501,Tipam,19.15,16.4,108.0,12.73,2802.0,760.0,9.57,598.3,normal
W-ACT,2026-09-07 09:33:26,2502,Tipam,17.48,17.62,109.4,12.43,2703.0,757.0,9.57,597.7,normal
W-ACT,2026-09-07 09:36:32,2503,Tipam,19.33,16.87,107.8,11.94,2762.0,757.0,9.6,597.4,normal
W-ACT,2026-09-07 09:40:12,2504,Tipam,16.4,15.57,108.2,12.48,2798.0,748.0,9.58,596.4,normal
W-ACT,2026-09-07 09:43:20,2505,Tipam,19.11,15.86,117.1,12.48,2790.0,755.0,9.59,597.1,normal
W-ACT,2026-09-07 09:46:14,2506,Tipam,20.67,15.06,106.1,13.02,2732.0,759.0,9.62,597.0,normal
W-ACT,2026-09-07 09:49:06,2507,Tipam,21.0,15.95,109.9,12.72,2741.0,741.0,9.58,596.6,normal
W-ACT,2026-09-07 09:52:18,2508,Tipam,18.68,15.66,113.4,12.86,2873.0,740.0,9.61,597.1,normal
W-ACT,2026-09-07 09:55:34,2509,Tipam,18.42,15.69,108.0,11.63,2805.0,751.0,9.6,597.0,normal
W-ACT,2026-09-07 09:59:01,2510,Tipam,17.39,16.29,108.7,12.7,2854.0,760.0,9.61,596.3,normal
W-ACT,2026-09-07 10:01:52,2511,Tipam,21.03,15.15,108.2,12.47,2843.0,758.0,9.6,596.8,normal
W-ACT,2026-09-07 10:04:57,2512,Tipam,19.43,15.37,109.4,13.36,2739.0,754.0,9.61,597.3,normal
W-ACT,2026-09-07 10:07:57,2513,Tipam,20.0,15.59,111.0,12.13,2744.0,748.0,9.6,598.1,normal
W-ACT,2026-09-07 10:11:20,2514,Tipam,17.73,17.07,106.0,12.41,2668.0,759.0,9.58,597.8,normal
W-ACT,2026-09-07 10:14:26,2515,Tipam,19.39,16.12,116.7,12.7,2802.0,757.0,9.57,597.5,normal
W-ACT,2026-09-07 10:17:30,2516,Tipam,19.6,15.87,104.7,12.75,2786.0,747.0,9.62,597.5,normal
W-ACT,2026-09-07 10:20:39,2517,Tipam,19.0,16.96,113.5,12.51,2736.0,738.0,9.61,597.3,normal
W-ACT,2026-09-07 10:23:25,2518,Tipam,21.7,16.2,107.2,13.45,2721.0,750.0,9.6,598.0,normal
W-ACT,2026-09-07 10:26:37,2519,Tipam,18.74,16.42,115.5,13.55,2853.0,737.0,9.63,597.5,normal
W-ACT,2026-09-07 10:30:01,2520,Tipam,17.67,17.43,106.6,11.1,2796.0,757.0,9.58,597.2,normal
W-ACT,2026-09-07 10:33:10,2521,Tipam,19.08,15.24,107.9,12.86,2806.0,745.0,9.58,597.0,normal
W-ACT,2026-09-07 10:36:04,2522,Tipam,20.61,15.77,109.5,12.66,2891.0,762.0,9.59,597.3,normal
W-ACT,2026-09-07 10:39:28,2523,Tipam,17.68,15.09,109.7,12.69,2900.0,756.0,9.6,597.3,normal
W-ACT,2026-09-07 10:42:48,2524,Tipam,18.01,16.12,103.0,12.04,2784.0,769.0,9.61,597.7,normal
W-ACT,2026-09-07 10:45:45,2525,Tipam,20.28,17.1,109.6,12.51,2782.0,741.0,9.62,598.5,normal
W-ACT,2026-09-07 10:48:37,2526,Tipam,20.93,14.86,117.8,13.09,2837.0,749.0,9.57,597.9,normal
W-ACT,2026-09-07 10:52:02,2527,Tipam,17.59,15.95,109.6,12.16,2693.0,731.0,9.6,598.0,normal
W-ACT,2026-09-07 10:55:09,2528,Tipam,19.29,15.5,110.8,12.78,2863.0,742.0,9.62,597.7,normal
W-ACT,2026-09-07 10:58:34,2529,Tipam,17.51,15.86,104.4,11.9,2773.0,739.0,9.63,597.3,normal
W-ACT,2026-09-07 11:01:53,2530,Tipam,18.12,15.76,115.3,12.94,2814.0,752.0,9.61,597.1,normal
W-ACT,2026-09-07 11:05:20,2531,Tipam,17.4,15.67,117.2,13.86,2827.0,753.0,9.59,597.3,normal
W-ACT,2026-09-07 11:08:53,2532,Tipam,16.9,17.19,109.2,12.19,2745.0,754.0,9.59,597.1,normal
W-ACT,2026-09-07 11:11:57,2533,Tipam,19.5,16.31,110.2,12.84,2798.0,745.0,9.59,597.3,normal
W-ACT,2026-09-07 11:15:04,2534,Tipam,19.33,14.42,112.2,12.76,2892.0,741.0,9.59,597.0,normal
W-ACT,2026-09-07 11:18:15,2535,Tipam,18.81,15.77,108.6,12.42,2810.0,756.0,9.61,596.8,normal
W-ACT,2026-09-07 11:22:02,2536,Tipam,15.88,15.2,106.3,11.98,2723.0,756.0,9.62,597.4,normal
W-ACT,2026-09-07 11:24:49,2537,Tipam,21.57,17.41,112.5,12.02,2904.0,759.0,9.62,598.5,normal
W-ACT,2026-09-07 11:28:00,2538,Tipam,18.79,16.28,114.0,12.75,2753.0,752.0,9.59,598.6,normal
W-ACT,2026-09-07 11:31:31,2539,Tipam,17.09,18.24,112.1,11.89,2814.0,758.0,9.57,598.3,normal
W-ACT,2026-09-07 11:34:53,2540,Tipam,17.81,14.3,107.8,11.91,2787.0,765.0,9.6,598.3,normal
W-ACT,2026-09-07 11:38:36,2541,Tipam,16.17,14.8,111.5,13.11,2864.0,753.0,9.58,597.9,normal
W-ACT,2026-09-07 11:41:38,2542,Tipam,19.76,15.65,111.0,11.78,2912.0,731.0,9.58,597.4,normal
W-ACT,2026-09-07 11:45:20,2543,Tipam,16.17,15.69,108.2,12.74,2771.0,755.0,9.58,597.4,normal
W-ACT,2026-09-07 11:48:17,2544,Tipam,20.44,14.76,111.4,11.87,2766.0,750.0,9.58,597.6,normal
W-ACT,2026-09-07 11:51:25,2545,Tipam,19.14,15.22,114.4,12.33,2821.0,745.0,9.57,597.6,normal
W-ACT,2026-09-07 11:54:45,2546,Tipam,17.99,15.15,113.9,12.29,2795.0,737.0,9.62,598.2,normal
W-ACT,2026-09-07 11:58:12,2547,Tipam,17.38,17.51,115.3,12.66,2769.0,744.0,9.57,598.6,normal
W-ACT,2026-09-07 12:01:38,2548,Tipam,17.5,16.62,107.7,12.13,2770.0,749.0,9.6,598.5,normal
W-ACT,2026-09-07 12:05:10,2549,Tipam,16.96,16.64,116.5,12.76,2804.0,757.0,9.62,597.9,normal
W-ACT,2026-09-07 12:08:29,2550,Tipam,18.04,17.16,102.0,12.27,2771.0,754.0,9.64,598.0,normal
W-ACT,2026-09-07 12:11:51,2551,Tipam,17.88,15.72,112.5,13.14,2739.0,760.0,9.57,598.3,normal
W-ACT,2026-09-07 12:15:01,2552,Tipam,18.95,15.05,107.4,11.82,2766.0,762.0,9.61,598.2,normal
W-ACT,2026-09-07 12:18:06,2553,Tipam,19.39,14.73,113.4,12.07,2712.0,763.0,9.58,598.9,normal
W-ACT,2026-09-07 12:21:04,2554,Tipam,20.32,15.47,107.1,12.0,2763.0,751.0,9.6,598.8,normal
W-ACT,2026-09-07 12:24:17,2555,Tipam,18.58,15.47,111.1,12.22,2771.0,754.0,9.59,598.6,normal
W-ACT,2026-09-07 12:27:12,2556,Tipam,20.56,16.32,110.2,13.2,2802.0,747.0,9.6,598.0,normal
W-ACT,2026-09-07 12:30:11,2557,Tipam,20.12,16.34,110.6,12.54,2726.0,749.0,9.59,597.8,normal
W-ACT,2026-09-07 12:33:10,2558,Tipam,20.12,15.4,109.0,12.35,2779.0,745.0,9.61,597.6,normal
W-ACT,2026-09-07 12:36:09,2559,Tipam,20.13,15.26,107.2,13.45,2778.0,733.0,9.57,598.1,normal
W-ACT,2026-09-07 12:39:17,2560,Tipam,19.19,16.55,106.3,12.87,2770.0,753.0,9.58,597.8,normal
W-ACT,2026-09-07 12:42:54,2561,Tipam,16.54,16.52,114.1,12.12,2788.0,756.0,9.63,597.6,normal
W-ACT,2026-09-07 12:46:17,2562,Tipam,17.78,15.73,104.8,12.55,2730.0,745.0,9.59,596.9,normal
W-ACT,2026-09-07 12:49:45,2563,Tipam,17.32,14.92,109.9,13.63,2817.0,750.0,9.63,596.9,normal
W-ACT,2026-09-07 12:53:15,2564,Tipam,17.13,15.6,114.3,12.73,2883.0,743.0,9.57,596.5,normal
W-ACT,2026-09-07 12:57:02,2565,Tipam,15.86,16.17,103.2,13.47,2762.0,743.0,9.57,596.5,normal
W-ACT,2026-09-07 12:59:52,2566,Tipam,21.19,15.46,109.2,12.36,2805.0,752.0,9.62,596.2,normal
W-ACT,2026-09-07 13:02:51,2567,Tipam,20.12,16.85,111.2,13.2,2818.0,753.0,9.64,596.5,normal
W-ACT,2026-09-07 13:06:03,2568,Tipam,18.72,17.2,116.2,12.29,2900.0,746.0,9.6,597.2,normal
W-ACT,2026-09-07 13:09:19,2569,Tipam,18.37,14.79,105.7,11.96,2754.0,765.0,9.56,597.2,normal
W-ACT,2026-09-07 13:12:28,2570,Tipam,19.03,16.21,106.1,12.22,2828.0,760.0,9.58,597.2,normal
W-ACT,2026-09-07 13:15:50,2571,Tipam,17.79,15.98,108.6,12.23,2876.0,743.0,9.62,597.5,normal
W-ACT,2026-09-07 13:18:51,2572,Tipam,19.97,14.61,110.4,12.4,2815.0,750.0,9.59,598.3,normal
W-ACT,2026-09-07 13:21:52,2573,Tipam,19.82,15.22,103.0,11.93,2692.0,748.0,9.56,598.4,normal
W-ACT,2026-09-07 13:24:35,2574,Tipam,22.19,15.61,114.3,11.83,2716.0,738.0,9.59,597.8,normal
W-ACT,2026-09-07 13:27:40,2575,Tipam,19.37,16.81,102.1,12.0,2883.0,753.0,9.59,597.0,normal
W-ACT,2026-09-07 13:31:07,2576,Tipam,17.43,15.39,113.9,12.24,2770.0,765.0,9.64,597.1,normal
W-ACT,2026-09-07 13:34:47,2577,Tipam,16.36,15.54,110.4,12.69,2803.0,746.0,9.56,597.4,normal
W-ACT,2026-09-07 13:38:05,2578,Tipam,18.15,17.05,110.3,14.05,2805.0,736.0,9.59,596.6,normal
W-ACT,2026-09-07 13:41:16,2579,Tipam,18.89,16.03,105.8,11.92,2921.0,758.0,9.65,597.6,normal
W-ACT,2026-09-07 13:44:24,2580,Tipam,19.1,16.85,108.7,12.04,2881.0,755.0,9.55,597.3,normal
W-ACT,2026-09-07 13:47:50,2581,Tipam,17.54,15.0,111.6,12.48,2800.0,756.0,9.59,597.3,normal
W-ACT,2026-09-07 13:51:19,2582,Tipam,17.22,14.06,113.2,12.14,2867.0,753.0,9.61,597.8,normal
W-ACT,2026-09-07 13:54:34,2583,Tipam,18.47,15.13,109.5,12.63,2715.0,747.0,9.6,597.9,normal
W-ACT,2026-09-07 13:57:38,2584,Tipam,19.49,15.85,107.6,12.21,2840.0,743.0,9.58,597.8,normal
W-ACT,2026-09-07 14:00:59,2585,Tipam,17.92,15.46,112.1,12.18,2762.0,761.0,9.59,597.7,normal
W-ACT,2026-09-07 14:03:58,2586,Tipam,20.18,16.0,108.9,13.64,2796.0,749.0,9.62,597.1,normal
W-ACT,2026-09-07 14:06:52,2587,Tipam,20.69,16.21,106.4,12.39,2855.0,744.0,9.59,597.6,normal
W-ACT,2026-09-07 14:09:55,2588,Tipam,19.67,15.1,118.4,11.66,2701.0,746.0,9.58,597.5,normal
W-ACT,2026-09-07 14:13:08,2589,Tipam,18.62,15.35,110.0,13.3,2805.0,755.0,9.62,597.7,normal
W-ACT,2026-09-07 14:16:00,2590,Tipam,20.9,14.49,106.5,11.95,1304.0,499.0,10.23,597.5,normal
W-ACT,2026-09-07 14:19:27,2591,Tipam,17.44,17.24,112.9,12.04,1359.0,497.0,10.19,597.3,normal
W-ACT,2026-09-07 14:22:32,2592,Tipam,19.41,15.91,110.4,12.59,1317.0,503.0,10.23,597.4,normal
W-ACT,2026-09-07 14:25:33,2593,Tipam,19.91,16.32,113.4,12.68,1366.0,498.0,10.21,596.7,normal
W-ACT,2026-09-07 14:28:53,2594,Tipam,18.04,16.83,112.4,13.31,1332.0,504.0,10.22,596.4,normal
W-ACT,2026-09-07 14:32:13,2595,Tipam,17.92,16.43,112.3,13.16,1345.0,492.0,10.19,596.6,normal
W-ACT,2026-09-07 14:35:35,2596,Tipam,17.83,15.57,112.0,10.92,1359.0,503.0,10.19,596.2,normal
W-ACT,2026-09-07 14:38:45,2597,Tipam,18.96,15.63,108.0,12.46,1310.0,508.0,10.22,596.1,normal
W-ACT,2026-09-07 14:41:40,2598,Tipam,20.61,15.3,110.2,13.09,1363.0,499.0,10.16,596.3,normal
W-ACT,2026-09-07 14:45:13,2599,Tipam,16.92,16.32,111.3,13.25,1384.0,503.0,10.16,597.1,normal
W-ACT,2026-09-07 14:48:24,2600,Tipam,18.85,15.31,109.5,12.54,1361.0,495.0,10.18,596.8,normal
W-ACT,2026-09-07 14:52:00,2601,Tipam,16.66,15.77,112.6,11.96,1362.0,501.0,10.19,596.8,normal
W-ACT,2026-09-07 14:55:36,2602,Tipam,16.61,15.22,110.0,13.46,1324.0,501.0,10.22,596.2,normal
W-ACT,2026-09-07 14:58:48,2603,Tipam,18.82,15.1,109.9,11.24,1367.0,495.0,10.16,595.4,normal
W-ACT,2026-09-07 15:01:39,2604,Tipam,21.08,15.31,120.2,11.89,1376.0,490.0,10.21,595.8,normal
W-ACT,2026-09-07 15:04:58,2605,Tipam,18.02,16.25,108.3,12.94,1361.0,501.0,10.2,595.7,normal
W-ACT,2026-09-07 15:08:11,2606,Tipam,18.69,15.35,110.4,13.41,1368.0,488.0,10.18,596.2,normal
W-ACT,2026-09-07 15:11:09,2607,Tipam,20.24,16.84,114.6,12.59,1394.0,494.0,10.2,596.6,normal
W-ACT,2026-09-07 15:14:19,2608,Tipam,18.93,15.85,112.1,12.14,1356.0,495.0,10.19,596.5,normal
W-ACT,2026-09-07 15:17:34,2609,Tipam,18.41,14.83,111.5,12.64,1368.0,498.0,10.2,596.8,normal
W-ACT,2026-09-07 15:24:16,2610,Barail,8.97,22.64,101.1,14.29,1361.0,499.0,10.22,596.6,normal
W-ACT,2026-09-07 15:30:48,2611,Barail,9.18,22.72,95.8,15.02,1320.0,506.0,10.2,597.3,normal
W-ACT,2026-09-07 15:36:52,2612,Barail,9.89,21.98,95.6,15.18,1332.0,500.0,10.19,597.6,normal
W-ACT,2026-09-07 15:42:20,2613,Barail,10.97,21.13,103.9,13.91,1331.0,498.0,10.19,597.8,normal
W-ACT,2026-09-07 15:47:58,2614,Barail,10.67,21.82,97.8,12.87,1333.0,499.0,10.2,597.5,normal
W-ACT,2026-09-07 15:53:59,2615,Barail,9.97,21.92,100.2,15.29,1378.0,494.0,10.2,597.8,normal
W-ACT,2026-09-07 15:59:44,2616,Barail,10.43,21.72,101.7,14.14,1397.0,504.0,10.25,597.6,normal
W-ACT,2026-09-07 16:05:32,2617,Barail,10.35,20.96,99.9,15.4,1317.0,500.0,10.18,597.4,normal
W-ACT,2026-09-07 16:11:09,2618,Barail,10.66,19.46,103.7,13.81,1328.0,495.0,10.2,597.7,normal
W-ACT,2026-09-07 16:16:48,2619,Barail,10.63,22.88,102.0,14.46,1390.0,498.0,10.19,598.3,normal
W-ACT,2026-09-07 16:23:18,2620,Barail,9.22,21.34,99.2,16.76,1392.0,501.0,10.21,598.1,normal
W-ACT,2026-09-07 16:30:21,2621,Barail,8.51,20.81,98.2,14.49,1373.0,497.0,10.22,598.5,normal
W-ACT,2026-09-07 16:36:43,2622,Barail,9.44,22.75,94.0,14.39,1354.0,493.0,10.24,598.5,normal
W-ACT,2026-09-07 16:42:58,2623,Barail,9.59,23.69,97.8,14.48,1402.0,494.0,10.18,598.1,normal
W-ACT,2026-09-07 16:49:29,2624,Barail,9.22,21.46,96.7,13.89,1335.0,501.0,10.16,597.8,normal
W-ACT,2026-09-07 16:55:42,2625,Barail,9.64,19.6,102.6,13.79,1362.0,504.0,10.22,598.1,normal
W-ACT,2026-09-07 17:01:47,2626,Barail,9.86,23.11,108.3,15.09,1370.0,507.0,10.21,597.9,normal
W-ACT,2026-09-07 17:06:50,2627,Barail,11.91,22.85,94.8,14.93,1383.0,510.0,10.2,598.0,normal
W-ACT,2026-09-07 17:12:14,2628,Barail,11.08,21.92,100.5,13.77,1345.0,501.0,10.22,598.0,normal
W-ACT,2026-09-07 17:18:17,2629,Barail,9.93,21.07,99.5,14.26,1321.0,509.0,10.21,598.0,normal
W-ACT,2026-09-07 17:24:33,2630,Barail,9.58,24.09,99.0,13.8,1320.0,498.0,10.19,598.1,normal
W-ACT,2026-09-07 17:29:39,2631,Barail,11.74,22.16,101.8,15.62,1383.0,507.0,10.17,598.4,normal
W-ACT,2026-09-07 17:35:11,2632,Barail,10.84,19.43,97.4,15.1,1380.0,502.0,10.21,598.6,normal
W-ACT,2026-09-07 17:41:43,2633,Barail,9.19,21.1,97.7,14.73,1350.0,493.0,10.21,598.4,normal
W-ACT,2026-09-07 17:49:32,2634,Barail,7.68,20.84,98.8,14.28,1301.0,506.0,10.18,597.8,normal
W-ACT,2026-09-07 17:55:26,2635,Barail,10.17,21.67,102.7,14.76,1392.0,508.0,10.18,598.3,normal
W-ACT,2026-09-07 18:00:59,2636,Barail,10.82,21.43,99.9,13.35,1369.0,500.0,10.2,598.2,normal
W-ACT,2026-09-07 18:06:39,2637,Barail,10.58,20.58,101.5,14.66,1395.0,494.0,10.19,598.6,normal
W-ACT,2026-09-07 18:13:04,2638,Barail,9.34,21.76,104.0,14.89,1339.0,493.0,10.23,598.6,normal
W-ACT,2026-09-07 18:18:47,2639,Barail,10.5,21.15,99.6,14.45,1398.0,499.0,10.2,598.7,normal
W-ACT,2026-09-07 18:24:24,2640,Barail,10.7,20.16,103.9,15.99,1374.0,500.0,10.21,599.0,normal
W-ACT,2026-09-07 18:30:23,2641,Barail,10.02,21.82,103.6,13.56,1361.0,492.0,10.23,598.4,normal
W-ACT,2026-09-07 18:35:33,2642,Barail,11.63,22.89,103.4,15.01,1351.0,498.0,10.19,598.3,normal
W-ACT,2026-09-07 18:41:50,2643,Barail,9.54,23.37,97.7,14.14,1356.0,495.0,10.18,597.9,normal
W-ACT,2026-09-07 18:49:23,2644,Barail,7.94,23.88,99.5,12.99,1367.0,499.0,10.22,597.8,normal
W-ACT,2026-09-07 18:55:48,2645,Barail,9.36,18.8,101.1,14.7,1377.0,493.0,10.18,597.9,normal
W-ACT,2026-09-07 19:01:48,2646,Barail,10.01,20.21,96.9,14.83,1414.0,492.0,10.19,597.6,normal
W-ACT,2026-09-07 19:07:49,2647,Barail,9.97,21.64,101.8,13.72,1390.0,502.0,10.2,597.5,normal
W-ACT,2026-09-07 19:14:24,2648,Barail,9.11,20.04,101.0,14.82,1393.0,497.0,10.25,597.8,normal
W-ACT,2026-09-07 19:20:00,2649,Barail,10.71,23.8,96.9,15.28,1357.0,506.0,10.2,598.5,normal
W-ACT,2026-09-07 19:26:32,2650,Barail,9.19,19.27,100.6,14.32,1392.0,506.0,10.21,599.0,normal
W-ACT,2026-09-07 19:32:24,2651,Barail,10.21,20.98,107.6,14.91,1367.0,504.0,10.19,599.0,normal
W-ACT,2026-09-07 19:39:12,2652,Barail,8.83,23.52,101.0,15.05,1378.0,501.0,10.22,598.3,normal
W-ACT,2026-09-07 19:45:43,2653,Barail,9.2,20.4,101.1,13.24,1396.0,502.0,10.2,598.7,normal
W-ACT,2026-09-07 19:51:35,2654,Barail,10.23,21.77,98.4,14.04,1338.0,504.0,10.2,599.0,normal
W-ACT,2026-09-07 19:58:48,2655,Barail,8.31,23.2,101.3,14.2,1370.0,500.0,10.19,598.9,normal
W-ACT,2026-09-07 20:04:16,2656,Barail,11.0,22.59,96.5,15.67,1374.0,492.0,10.22,598.9,normal
W-ACT,2026-09-07 20:10:06,2657,Barail,10.28,22.28,96.9,12.57,1357.0,497.0,10.18,599.6,normal
W-ACT,2026-09-07 20:16:08,2658,Barail,9.95,21.05,103.3,14.13,1366.0,503.0,10.2,599.9,normal
W-ACT,2026-09-07 20:21:56,2659,Barail,10.32,20.63,96.2,15.28,1426.0,506.0,10.2,599.5,normal
W-ACT,2026-09-07 20:27:03,2660,Barail,11.73,21.53,98.0,12.18,1381.0,499.0,10.2,599.8,normal
W-ACT,2026-09-07 20:33:55,2661,Barail,8.75,23.74,98.7,15.1,1370.0,494.0,10.21,599.1,normal
W-ACT,2026-09-07 20:40:34,2662,Barail,9.02,21.84,101.5,15.1,1369.0,507.0,10.18,599.4,normal
W-ACT,2026-09-07 20:46:22,2663,Barail,10.35,21.79,100.0,15.05,1403.0,501.0,10.16,599.9,normal
W-ACT,2026-09-07 20:53:18,2664,Barail,8.64,21.36,97.6,14.02,1372.0,499.0,10.21,599.4,normal
W-ACT,2026-09-07 20:59:05,2665,Barail,10.39,23.25,99.9,14.66,1339.0,499.0,10.19,599.0,normal
W-ACT,2026-09-07 21:05:45,2666,Barail,8.99,20.88,101.9,16.31,1366.0,503.0,10.19,598.9,normal
W-ACT,2026-09-07 21:12:40,2667,Barail,8.68,21.71,102.3,13.95,1381.0,500.0,10.21,599.1,normal
W-ACT,2026-09-07 21:18:05,2668,Barail,11.09,22.91,101.8,13.41,1335.0,502.0,10.19,599.2,normal
W-ACT,2026-09-07 21:23:26,2669,Barail,11.19,21.17,100.1,14.89,1348.0,505.0,10.19,599.1,normal
W-ACT,2026-09-07 21:30:20,2670,Barail,8.7,21.87,102.1,14.51,1378.0,497.0,10.18,599.2,normal
W-ACT,2026-09-07 21:35:37,2671,Barail,11.38,23.72,95.3,15.81,1378.0,505.0,10.16,599.2,normal
W-ACT,2026-09-07 21:40:42,2672,Barail,11.8,21.3,100.2,14.88,1424.0,495.0,10.18,599.5,normal
W-ACT,2026-09-07 21:46:32,2673,Barail,10.27,21.62,99.0,12.82,1437.0,506.0,10.21,599.5,normal
W-ACT,2026-09-07 21:52:10,2674,Barail,10.67,23.11,97.1,15.2,1327.0,504.0,10.19,599.5,normal
W-ACT,2026-09-07 21:58:28,2675,Barail,9.52,20.65,96.6,15.24,1375.0,499.0,10.21,599.0,normal
W-ACT,2026-09-07 22:05:18,2676,Barail,8.78,22.11,96.0,14.24,1376.0,503.0,10.21,598.8,normal
W-ACT,2026-09-07 22:10:48,2677,Barail,10.91,22.49,100.3,15.31,1378.0,504.0,10.18,599.3,normal
W-ACT,2026-09-07 22:16:26,2678,Barail,10.65,22.39,99.8,13.83,1395.0,501.0,10.2,598.6,normal
W-ACT,2026-09-07 22:21:59,2679,Barail,10.8,22.58,98.4,14.44,1394.0,493.0,10.18,598.4,normal
W-ACT,2026-09-07 22:28:10,2680,Barail,9.71,23.22,98.5,14.88,1437.0,502.0,10.22,598.1,normal
W-ACT,2026-09-07 22:34:15,2681,Barail,9.86,20.92,104.6,15.39,1384.0,497.0,10.19,598.1,normal
W-ACT,2026-09-07 22:39:58,2682,Barail,10.5,21.38,101.2,14.81,1380.0,505.0,10.21,597.9,normal
W-ACT,2026-09-07 22:46:11,2683,Barail,9.64,21.42,97.5,14.2,1421.0,501.0,10.17,597.4,normal
W-ACT,2026-09-07 22:52:33,2684,Barail,9.43,22.05,104.3,15.56,1403.0,501.0,10.21,597.4,normal
W-ACT,2026-09-07 22:58:18,2685,Barail,10.43,20.77,103.3,14.23,957.0,423.0,10.21,592.9,mud_loss
W-ACT,2026-09-07 23:04:02,2686,Barail,10.48,21.21,101.7,15.56,945.0,426.0,10.19,588.2,mud_loss
W-ACT,2026-09-07 23:10:03,2687,Barail,9.96,21.41,100.0,14.16,935.0,422.0,10.17,583.3,mud_loss
W-ACT,2026-09-07 23:15:30,2688,Barail,11.01,21.33,102.8,14.87,949.0,423.0,10.18,578.9,mud_loss
W-ACT,2026-09-07 23:21:51,2689,Barail,9.45,20.62,106.2,15.13,951.0,419.0,10.17,575.1,mud_loss
W-ACT,2026-09-07 23:28:07,2690,Barail,9.57,20.9,93.9,14.69,943.0,425.0,10.18,571.3,mud_loss
W-ACT,2026-09-07 23:33:28,2691,Barail,11.23,20.75,101.0,15.25,971.0,418.0,10.22,567.3,mud_loss
W-ACT,2026-09-07 23:38:43,2692,Barail,11.41,21.11,106.2,13.97,943.0,427.0,10.17,563.5,mud_loss
W-ACT,2026-09-07 23:45:59,2693,Barail,8.26,22.32,98.8,14.43,973.0,428.0,10.17,559.8,mud_loss
W-ACT,2026-09-07 23:52:41,2694,Barail,8.96,22.68,96.9,14.26,1383.0,500.0,10.18,560.7,normal
W-ACT,2026-09-08 00:00:05,2695,Barail,8.11,22.32,99.1,14.58,1354.0,505.0,10.21,561.8,normal
W-ACT,2026-09-08 00:06:14,2696,Barail,9.76,21.78,96.6,15.08,1406.0,502.0,10.2,562.7,normal
W-ACT,2026-09-08 00:11:31,2697,Barail,11.35,21.0,101.3,14.36,1358.0,505.0,10.22,563.6,normal
W-ACT,2026-09-08 00:17:55,2698,Barail,9.38,20.59,101.5,14.81,1390.0,499.0,10.18,564.1,normal
W-ACT,2026-09-08 00:23:51,2699,Barail,10.11,21.93,105.4,13.67,1395.0,506.0,10.21,565.0,normal
W-ACT,2026-09-08 00:29:40,2700,Barail,10.3,23.75,97.9,13.63,1369.0,516.0,10.17,565.3,normal
W-ACT,2026-09-08 00:35:28,2701,Barail,10.36,23.76,95.2,13.8,1379.0,502.0,10.2,565.5,normal
W-ACT,2026-09-08 00:42:00,2702,Barail,9.17,23.79,100.6,14.86,1389.0,494.0,10.16,566.1,normal
W-ACT,2026-09-08 00:47:39,2703,Barail,10.63,20.31,102.2,14.09,1399.0,497.0,10.22,566.4,normal
W-ACT,2026-09-08 00:53:34,2704,Barail,10.15,22.28,101.5,13.74,1373.0,495.0,10.2,567.1,normal
W-ACT,2026-09-08 01:00:11,2705,Barail,9.06,20.66,99.5,15.35,1429.0,499.0,10.19,567.0,normal
W-ACT,2026-09-08 01:05:56,2706,Barail,10.44,21.33,103.3,14.56,1363.0,504.0,10.22,566.9,normal
W-ACT,2026-09-08 01:11:43,2707,Barail,10.38,22.39,95.7,15.17,1368.0,508.0,10.21,567.8,normal
W-ACT,2026-09-08 01:17:27,2708,Barail,10.47,20.1,102.9,15.64,1393.0,501.0,10.21,568.3,normal
W-ACT,2026-09-08 01:24:14,2709,Barail,8.84,24.3,100.0,14.01,1386.0,489.0,10.22,569.7,normal
W-ACT,2026-09-08 01:29:33,2710,Barail,11.29,22.97,98.4,14.13,1371.0,503.0,10.21,570.4,normal
W-ACT,2026-09-08 01:35:33,2711,Barail,10.0,21.44,102.5,15.49,1382.0,501.0,10.22,570.1,normal
W-ACT,2026-09-08 01:42:17,2712,Barail,8.91,21.37,104.0,14.47,1397.0,496.0,10.2,570.5,normal
W-ACT,2026-09-08 01:47:41,2713,Barail,11.11,22.01,95.5,14.84,1431.0,499.0,10.19,571.8,normal
W-ACT,2026-09-08 01:53:34,2714,Barail,10.18,21.58,99.5,15.56,1391.0,503.0,10.23,572.5,normal
W-ACT,2026-09-08 01:59:54,2715,Barail,9.47,20.39,92.5,15.03,1383.0,502.0,10.18,573.6,normal
W-ACT,2026-09-08 02:05:52,2716,Barail,10.07,23.53,102.3,14.37,1436.0,499.0,10.19,574.7,normal
W-ACT,2026-09-08 02:12:23,2717,Barail,9.2,21.71,99.9,15.63,1407.0,503.0,10.22,574.8,normal
W-ACT,2026-09-08 02:18:23,2718,Barail,10.01,23.06,98.9,14.09,1370.0,494.0,10.22,575.1,normal
W-ACT,2026-09-08 02:24:23,2719,Barail,10.0,22.88,98.4,14.63,1345.0,494.0,10.16,574.9,normal
W-ACT,2026-09-08 02:30:17,2720,Barail,10.17,23.01,99.4,14.3,1351.0,499.0,10.21,575.1,normal
W-ACT,2026-09-08 02:36:07,2721,Barail,10.28,22.92,96.7,14.74,1381.0,500.0,10.2,575.2,normal
W-ACT,2026-09-08 02:41:41,2722,Barail,10.77,22.29,98.2,15.25,1391.0,495.0,10.21,575.2,normal
W-ACT,2026-09-08 02:47:09,2723,Barail,10.99,22.39,103.6,14.16,1373.0,498.0,10.19,575.8,normal
W-ACT,2026-09-08 02:53:26,2724,Barail,9.54,22.71,96.2,12.9,1390.0,505.0,10.17,576.3,normal
W-ACT,2026-09-08 02:59:23,2725,Barail,10.09,22.94,99.0,14.01,1412.0,502.0,10.22,576.8,normal
W-ACT,2026-09-08 03:06:18,2726,Barail,8.68,24.71,99.1,14.01,1370.0,501.0,10.23,577.6,normal
W-ACT,2026-09-08 03:12:14,2727,Barail,10.11,23.13,101.4,14.93,1442.0,501.0,10.25,578.3,normal
W-ACT,2026-09-08 03:17:41,2728,Barail,11.02,21.71,94.0,14.3,1384.0,500.0,10.21,579.3,normal
W-ACT,2026-09-08 03:23:56,2729,Barail,9.6,21.09,105.3,14.08,1387.0,502.0,10.22,579.9,normal
W-ACT,2026-09-08 03:29:53,2730,Barail,10.06,21.53,101.1,13.04,1385.0,496.0,10.19,580.4,normal
W-ACT,2026-09-08 03:36:12,2731,Barail,9.5,24.05,100.6,14.59,1396.0,492.0,10.22,580.9,normal
W-ACT,2026-09-08 03:42:48,2732,Barail,9.1,21.21,106.8,15.14,1387.0,505.0,10.19,580.7,normal
W-ACT,2026-09-08 03:48:28,2733,Barail,10.6,22.42,103.0,14.67,1387.0,504.0,10.24,581.4,normal
W-ACT,2026-09-08 03:55:13,2734,Barail,8.89,22.02,98.5,14.03,1367.0,492.0,10.2,580.7,normal
W-ACT,2026-09-08 04:01:47,2735,Barail,9.12,23.19,97.0,13.21,1415.0,506.0,10.2,581.9,normal
W-ACT,2026-09-08 04:07:34,2736,Barail,10.38,19.92,101.7,15.63,1375.0,506.0,10.24,581.9,normal
W-ACT,2026-09-08 04:13:31,2737,Barail,10.1,21.09,103.3,14.76,1397.0,501.0,10.23,582.6,normal
W-ACT,2026-09-08 04:19:33,2738,Barail,9.93,21.59,102.5,15.5,1392.0,499.0,10.2,583.5,normal
W-ACT,2026-09-08 04:24:57,2739,Barail,11.1,23.28,95.6,16.12,1452.0,498.0,10.19,584.2,normal
W-ACT,2026-09-08 04:31:05,2740,Barail,9.8,21.12,97.8,13.07,1369.0,501.0,10.18,584.6,normal
W-ACT,2026-09-08 04:37:03,2741,Barail,10.06,22.0,106.8,14.56,1404.0,492.0,10.2,584.8,normal
W-ACT,2026-09-08 04:43:26,2742,Barail,9.4,21.94,100.6,14.06,1394.0,505.0,10.22,585.0,normal
W-ACT,2026-09-08 04:49:15,2743,Barail,10.29,20.5,99.3,14.72,1379.0,504.0,10.19,585.6,normal
W-ACT,2026-09-08 04:55:53,2744,Barail,9.06,22.75,95.4,13.81,1405.0,507.0,10.21,586.4,normal
W-ACT,2026-09-08 05:01:52,2745,Barail,10.03,22.87,101.5,14.35,1374.0,508.0,10.17,586.0,normal
W-ACT,2026-09-08 05:07:26,2746,Barail,10.78,22.53,102.0,13.23,1434.0,496.0,10.2,586.4,normal
W-ACT,2026-09-08 05:12:56,2747,Barail,10.9,20.81,102.4,14.92,1407.0,503.0,10.21,586.5,normal
W-ACT,2026-09-08 05:19:35,2748,Barail,9.01,22.52,100.1,14.16,1420.0,488.0,10.21,586.6,normal
W-ACT,2026-09-08 05:25:11,2749,Barail,10.72,20.67,97.4,13.74,1413.0,497.0,10.19,586.4,normal
W-ACT,2026-09-08 05:31:08,2750,Barail,10.09,23.08,99.9,13.87,1412.0,494.0,10.15,586.8,normal
W-ACT,2026-09-08 05:37:17,2751,Barail,9.75,22.57,94.0,14.33,1389.0,505.0,10.2,587.4,normal
W-ACT,2026-09-08 05:42:58,2752,Barail,10.58,21.5,98.1,13.83,1365.0,496.0,10.18,587.8,normal
W-ACT,2026-09-08 05:49:49,2753,Barail,8.75,21.5,101.4,13.44,1375.0,513.0,10.18,588.4,normal
W-ACT,2026-09-08 05:55:52,2754,Barail,9.92,22.0,103.8,15.01,1389.0,508.0,10.21,588.9,normal
W-ACT,2026-09-08 06:02:11,2755,Barail,9.5,20.29,97.6,12.85,1413.0,495.0,10.17,589.1,normal
W-ACT,2026-09-08 06:08:02,2756,Barail,10.25,20.53,103.2,14.17,1458.0,496.0,10.19,589.0,normal
W-ACT,2026-09-08 06:13:30,2757,Barail,10.99,21.94,101.8,15.49,1385.0,497.0,10.22,588.3,normal
W-ACT,2026-09-08 06:19:58,2758,Barail,9.26,19.59,99.1,14.73,1418.0,502.0,10.19,588.1,normal
W-ACT,2026-09-08 06:25:40,2759,Barail,10.55,21.44,98.9,14.83,1417.0,488.0,10.21,588.1,normal
W-ACT,2026-09-08 06:31:26,2760,Barail,10.39,21.63,95.2,14.87,1391.0,502.0,10.17,588.7,normal
W-ACT,2026-09-08 06:37:41,2761,Barail,9.6,22.24,99.5,14.7,1415.0,499.0,10.18,589.2,normal
W-ACT,2026-09-08 06:43:46,2762,Barail,9.88,22.16,103.6,15.56,1330.0,501.0,10.26,589.8,normal
W-ACT,2026-09-08 06:50:29,2763,Barail,8.93,22.27,105.6,15.67,1419.0,498.0,10.2,590.2,normal
W-ACT,2026-09-08 06:55:45,2764,Barail,11.39,22.15,98.4,15.21,1428.0,505.0,10.22,590.0,normal
W-ACT,2026-09-08 07:00:36,2765,Barail,12.36,21.63,103.9,14.93,1449.0,502.0,10.18,590.2,normal
W-ACT,2026-09-08 07:05:59,2766,Barail,11.15,21.11,102.1,13.49,1428.0,495.0,10.18,590.3,normal
W-ACT,2026-09-08 07:12:25,2767,Barail,9.33,21.81,103.4,13.48,1408.0,504.0,10.19,591.1,normal
W-ACT,2026-09-08 07:18:06,2768,Barail,10.54,22.09,98.3,14.24,1411.0,499.0,10.22,591.3,normal
W-ACT,2026-09-08 07:25:08,2769,Barail,8.53,19.79,98.7,14.55,1427.0,503.0,10.2,591.2,normal
W-ACT,2026-09-08 07:30:42,2770,Barail,10.79,21.74,104.1,13.78,1428.0,503.0,10.2,591.4,normal
W-ACT,2026-09-08 07:36:20,2771,Barail,10.66,23.09,102.2,15.29,1373.0,495.0,10.17,591.5,normal
W-ACT,2026-09-08 07:42:09,2772,Barail,10.32,22.92,99.3,14.27,1436.0,502.0,10.17,591.7,normal
W-ACT,2026-09-08 07:47:16,2773,Barail,11.72,21.78,99.9,15.71,1397.0,499.0,10.18,592.3,normal
W-ACT,2026-09-08 07:53:55,2774,Barail,9.02,22.42,93.0,15.38,1383.0,504.0,10.18,592.6,normal
W-ACT,2026-09-08 08:00:03,2775,Barail,9.78,21.58,99.2,16.48,1451.0,504.0,10.19,593.6,normal
W-ACT,2026-09-08 08:06:25,2776,Barail,9.41,22.9,97.7,13.94,1425.0,499.0,10.17,593.5,normal
W-ACT,2026-09-08 08:12:42,2777,Barail,9.56,21.49,94.4,12.97,1384.0,494.0,10.19,593.9,normal
W-ACT,2026-09-08 08:19:02,2778,Barail,9.48,22.88,97.5,15.37,1426.0,497.0,10.18,593.9,normal
W-ACT,2026-09-08 08:25:18,2779,Barail,9.56,21.84,100.3,14.36,1377.0,503.0,10.2,594.7,normal
W-ACT,2026-09-08 08:30:32,2780,Barail,11.46,22.93,96.0,15.6,1407.0,502.0,10.18,594.5,normal
W-ACT,2026-09-08 08:36:11,2781,Barail,10.65,21.71,100.6,14.86,1378.0,504.0,10.2,594.5,normal
W-ACT,2026-09-08 08:42:26,2782,Barail,9.59,22.17,102.3,14.75,1397.0,497.0,10.18,594.8,normal
W-ACT,2026-09-08 08:49:15,2783,Barail,8.8,21.38,99.6,15.29,1397.0,503.0,10.21,595.0,normal
W-ACT,2026-09-08 08:55:31,2784,Barail,9.57,23.17,100.4,15.04,1379.0,503.0,10.18,594.8,normal
W-ACT,2026-09-08 09:01:45,2785,Barail,9.64,21.0,98.8,14.8,1438.0,504.0,10.19,595.2,normal
W-ACT,2026-09-08 09:07:22,2786,Barail,10.68,20.41,101.3,14.44,1426.0,501.0,10.21,595.7,normal
W-ACT,2026-09-08 09:13:28,2787,Barail,9.82,22.75,97.9,14.86,1414.0,497.0,10.21,595.5,normal
W-ACT,2026-09-08 09:20:30,2788,Barail,8.54,21.31,100.1,15.63,1370.0,499.0,10.21,594.9,normal
W-ACT,2026-09-08 09:27:24,2789,Barail,8.7,20.21,96.2,15.22,1385.0,503.0,10.18,595.1,normal
W-ACT,2026-09-08 09:33:33,2790,Barail,9.75,21.39,97.8,15.22,1390.0,497.0,10.19,595.4,normal
W-ACT,2026-09-08 09:38:56,2791,Barail,11.15,22.38,95.5,15.15,1489.0,496.0,10.21,595.5,normal
W-ACT,2026-09-08 09:44:28,2792,Barail,10.84,21.97,99.7,14.8,1439.0,489.0,10.22,595.9,normal
W-ACT,2026-09-08 09:51:04,2793,Barail,9.09,22.72,100.2,15.36,1402.0,499.0,10.19,596.5,normal
W-ACT,2026-09-08 09:57:10,2794,Barail,9.82,22.16,100.8,15.63,1451.0,501.0,10.2,596.8,normal
W-ACT,2026-09-08 10:03:40,2795,Barail,9.23,19.85,96.8,14.18,1422.0,494.0,10.21,596.6,normal
W-ACT,2026-09-08 10:10:16,2796,Barail,9.1,20.74,100.7,16.91,1403.0,500.0,10.21,596.7,normal
W-ACT,2026-09-08 10:15:55,2797,Barail,10.62,21.92,99.3,14.13,1367.0,501.0,10.22,596.5,normal
W-ACT,2026-09-08 10:22:04,2798,Barail,9.76,21.27,98.3,15.12,1404.0,494.0,10.23,597.0,normal
W-ACT,2026-09-08 10:28:24,2799,Barail,9.47,21.73,99.4,14.27,1445.0,500.0,10.2,597.0,normal
W-ACT,2026-09-08 10:34:16,2800,Barail,10.23,23.42,97.3,15.5,1386.0,496.0,10.17,597.3,normal
W-ACT,2026-09-08 10:40:26,2801,Barail,9.74,20.99,101.0,14.53,1435.0,498.0,10.19,597.1,normal
W-ACT,2026-09-08 10:46:56,2802,Barail,9.22,21.56,98.2,14.4,1414.0,507.0,10.23,596.4,normal
W-ACT,2026-09-08 10:52:49,2803,Barail,10.2,20.99,104.7,14.54,1454.0,496.0,10.21,595.8,normal
W-ACT,2026-09-08 10:59:12,2804,Barail,9.39,20.65,99.5,14.87,1403.0,502.0,10.23,595.5,normal
W-ACT,2026-09-08 11:05:18,2805,Barail,9.84,19.83,95.0,15.01,1383.0,505.0,10.17,595.8,normal
W-ACT,2026-09-08 11:10:46,2806,Barail,10.98,23.22,99.0,15.4,1420.0,509.0,10.18,596.1,normal
W-ACT,2026-09-08 11:16:56,2807,Barail,9.72,20.6,100.3,15.41,1444.0,492.0,10.21,596.3,normal
W-ACT,2026-09-08 11:24:01,2808,Barail,8.49,21.37,99.2,14.37,1422.0,505.0,10.24,596.1,normal
W-ACT,2026-09-08 11:30:17,2809,Barail,9.55,21.76,100.8,14.89,1434.0,502.0,10.21,596.4,normal
W-ACT,2026-09-08 11:36:19,2810,Barail,9.96,21.8,105.4,14.98,1417.0,503.0,10.2,597.0,normal
W-ACT,2026-09-08 11:41:57,2811,Barail,10.64,21.65,106.2,14.51,1398.0,501.0,10.22,597.0,normal
W-ACT,2026-09-08 11:47:53,2812,Barail,10.11,22.15,101.0,14.05,1403.0,493.0,10.22,596.9,normal
W-ACT,2026-09-08 11:54:13,2813,Barail,9.49,21.64,96.6,14.53,1373.0,495.0,10.17,596.8,normal
W-ACT,2026-09-08 12:00:12,2814,Barail,10.02,21.27,98.9,12.82,1427.0,507.0,10.19,596.6,normal
W-ACT,2026-09-08 12:06:03,2815,Barail,10.26,21.33,99.0,16.54,1400.0,500.0,10.16,596.5,normal
W-ACT,2026-09-08 12:12:27,2816,Barail,9.36,21.99,97.6,14.93,1447.0,504.0,10.2,595.9,normal
W-ACT,2026-09-08 12:18:41,2817,Barail,9.65,21.06,98.9,14.65,1375.0,501.0,10.17,596.5,normal
W-ACT,2026-09-08 12:24:52,2818,Barail,9.69,22.69,100.9,15.35,1391.0,503.0,10.19,596.6,normal
W-ACT,2026-09-08 12:31:49,2819,Barail,8.64,21.87,100.6,14.7,1417.0,495.0,10.22,596.1,normal
W-ACT,2026-09-08 12:38:46,2820,Barail,8.63,22.1,101.1,15.42,1449.0,491.0,10.19,595.3,normal
W-ACT,2026-09-08 12:44:49,2821,Barail,9.92,23.04,99.1,14.59,1447.0,502.0,10.21,595.6,normal
W-ACT,2026-09-08 12:51:11,2822,Barail,9.43,22.4,97.9,13.77,1449.0,502.0,10.2,596.3,normal
W-ACT,2026-09-08 12:58:07,2823,Barail,8.64,21.66,100.2,14.32,1423.0,496.0,10.22,596.3,normal
W-ACT,2026-09-08 13:03:58,2824,Barail,10.27,23.27,99.3,16.24,1428.0,510.0,10.18,596.1,normal
W-ACT,2026-09-08 13:10:16,2825,Barail,9.51,19.54,102.7,15.0,1426.0,512.0,10.2,596.5,normal
W-ACT,2026-09-08 13:15:33,2826,Barail,11.37,22.09,103.1,14.34,1387.0,492.0,10.22,596.9,normal
W-ACT,2026-09-08 13:20:56,2827,Barail,11.15,21.89,92.4,14.37,1379.0,501.0,10.22,597.5,normal
W-ACT,2026-09-08 13:26:48,2828,Barail,10.22,21.93,106.0,13.77,1432.0,497.0,10.18,597.2,normal
W-ACT,2026-09-08 13:32:48,2829,Barail,10.0,24.19,100.0,14.9,1410.0,501.0,10.23,597.9,normal
W-ACT,2026-09-08 13:39:41,2830,Barail,8.72,23.17,97.9,15.06,1434.0,501.0,10.22,597.5,normal
W-ACT,2026-09-08 13:45:59,2831,Barail,9.52,22.26,98.2,14.7,1392.0,506.0,10.19,597.0,normal
W-ACT,2026-09-08 13:51:45,2832,Barail,10.39,21.3,103.9,14.49,1395.0,500.0,10.2,596.9,normal
W-ACT,2026-09-08 13:57:32,2833,Barail,10.38,20.87,95.3,14.6,1472.0,499.0,10.24,597.3,normal
W-ACT,2026-09-08 14:03:56,2834,Barail,9.38,22.13,100.4,15.6,1376.0,498.0,10.25,597.7,normal
W-ACT,2026-09-08 14:08:48,2835,Barail,12.35,22.52,96.1,15.39,1437.0,502.0,10.24,598.2,normal
W-ACT,2026-09-08 14:15:52,2836,Barail,8.48,20.99,101.8,13.38,1409.0,495.0,10.19,598.2,normal
W-ACT,2026-09-08 14:22:45,2837,Barail,8.71,20.96,102.7,14.55,1490.0,499.0,10.17,598.2,normal
W-ACT,2026-09-08 14:28:45,2838,Barail,10.0,19.74,98.2,14.11,1372.0,502.0,10.19,598.1,normal
W-ACT,2026-09-08 14:34:31,2839,Barail,10.42,19.75,94.7,12.82,1409.0,501.0,10.22,598.1,normal
W-ACT,2026-09-08 14:39:50,2840,Barail,11.3,22.83,104.4,13.86,1433.0,498.0,10.18,598.1,normal
W-ACT,2026-09-08 14:45:31,2841,Barail,10.53,21.13,100.4,14.83,1444.0,500.0,10.2,598.4,normal
W-ACT,2026-09-08 14:51:48,2842,Barail,9.57,19.24,99.1,16.32,1458.0,501.0,10.19,598.4,normal
W-ACT,2026-09-08 14:58:37,2843,Barail,8.79,21.56,102.9,14.79,1393.0,499.0,10.19,597.9,normal
W-ACT,2026-09-08 15:04:39,2844,Barail,9.96,20.37,100.6,15.02,1407.0,502.0,10.19,598.4,normal
W-ACT,2026-09-08 15:10:27,2845,Barail,10.32,21.27,98.9,14.26,1422.0,493.0,10.21,598.6,normal
W-ACT,2026-09-08 15:16:42,2846,Barail,9.62,22.26,100.4,16.1,1457.0,495.0,10.19,598.4,normal
W-ACT,2026-09-08 15:22:51,2847,Barail,9.75,23.7,94.5,14.51,1423.0,497.0,10.18,598.9,normal
W-ACT,2026-09-08 15:28:38,2848,Barail,10.36,21.98,99.6,14.41,1411.0,499.0,10.22,599.2,normal
W-ACT,2026-09-08 15:34:28,2849,Barail,10.31,21.81,100.8,15.39,1407.0,501.0,10.21,599.5,normal
W-ACT,2026-09-08 15:40:48,2850,Barail,9.47,21.67,101.4,14.94,1393.0,500.0,10.2,599.4,normal
W-ACT,2026-09-08 15:46:40,2851,Barail,10.22,20.33,93.5,14.75,1447.0,498.0,10.2,600.0,normal
W-ACT,2026-09-08 15:53:33,2852,Barail,8.72,21.12,98.9,13.77,1430.0,511.0,10.22,600.1,normal
W-ACT,2026-09-08 15:59:23,2853,Barail,10.29,22.84,100.2,15.66,1418.0,490.0,10.2,600.4,normal
W-ACT,2026-09-08 16:04:45,2854,Barail,11.16,21.8,100.8,14.45,1442.0,503.0,10.21,599.8,normal
W-ACT,2026-09-08 16:10:47,2855,Barail,9.96,22.9,100.7,14.74,1444.0,499.0,10.23,599.8,normal
W-ACT,2026-09-08 16:16:09,2856,Barail,11.17,21.91,104.9,14.74,1457.0,498.0,10.22,600.1,normal
W-ACT,2026-09-08 16:22:03,2857,Barail,10.17,24.19,99.8,15.52,1458.0,495.0,10.22,600.5,normal
W-ACT,2026-09-08 16:27:27,2858,Barail,11.1,21.66,101.0,13.28,1418.0,504.0,10.17,600.9,normal
W-ACT,2026-09-08 16:33:06,2859,Barail,10.63,22.49,95.3,14.72,1472.0,501.0,10.21,600.7,normal
W-ACT,2026-09-08 16:40:10,2860,Barail,8.49,21.39,102.9,14.8,1414.0,493.0,10.23,600.8,normal
W-ACT,2026-09-08 16:46:32,2861,Barail,9.42,21.99,97.0,16.21,1423.0,498.0,10.23,601.0,normal
W-ACT,2026-09-08 16:51:53,2862,Barail,11.22,20.34,97.1,15.55,1444.0,500.0,10.19,600.8,normal
W-ACT,2026-09-08 16:57:48,2863,Barail,10.13,22.35,96.5,15.74,1423.0,501.0,10.21,600.7,normal
W-ACT,2026-09-08 17:03:12,2864,Barail,11.12,22.45,101.8,14.73,1440.0,498.0,10.22,600.5,normal
W-ACT,2026-09-08 17:09:38,2865,Barail,9.34,21.03,99.5,15.48,1435.0,497.0,10.23,600.3,normal
W-ACT,2026-09-08 17:15:17,2866,Barail,10.61,21.04,101.0,14.34,1411.0,501.0,10.19,600.2,normal
W-ACT,2026-09-08 17:20:56,2867,Barail,10.6,24.08,104.1,14.86,1443.0,497.0,10.21,600.3,normal
W-ACT,2026-09-08 17:27:17,2868,Barail,9.46,21.87,101.4,14.33,1405.0,500.0,10.2,599.7,normal
W-ACT,2026-09-08 17:33:13,2869,Barail,10.1,22.55,99.0,13.92,1431.0,492.0,10.21,600.3,normal
W-ACT,2026-09-08 17:40:46,2870,Barail,7.96,21.09,99.3,13.92,1399.0,496.0,10.2,600.1,normal
W-ACT,2026-09-08 17:46:14,2871,Barail,10.97,23.3,104.4,15.29,1436.0,507.0,10.18,600.4,normal
W-ACT,2026-09-08 17:52:34,2872,Barail,9.47,21.38,96.1,15.38,1409.0,502.0,10.17,600.6,normal
W-ACT,2026-09-08 17:58:49,2873,Barail,9.59,21.91,98.2,15.38,1434.0,493.0,10.16,600.1,normal
W-ACT,2026-09-08 18:04:55,2874,Barail,9.85,23.6,102.9,15.22,1443.0,495.0,10.19,600.1,normal
W-ACT,2026-09-08 18:10:36,2875,Barail,10.54,22.6,99.0,15.47,1391.0,505.0,10.22,599.9,normal
W-ACT,2026-09-08 18:17:12,2876,Barail,9.11,21.19,98.2,15.77,1400.0,505.0,10.24,600.2,normal
W-ACT,2026-09-08 18:23:31,2877,Barail,9.49,21.69,98.8,13.72,1391.0,504.0,10.22,599.3,normal
W-ACT,2026-09-08 18:30:20,2878,Barail,8.8,22.83,100.2,14.59,1477.0,500.0,10.23,599.5,normal
W-ACT,2026-09-08 18:36:34,2879,Barail,9.63,22.24,99.9,15.14,1474.0,513.0,10.21,599.0,normal
W-ACT,2026-09-08 18:42:38,2880,Barail,9.88,22.08,98.9,16.07,1393.0,505.0,10.2,599.4,normal
W-ACT,2026-09-08 18:48:56,2881,Barail,9.52,20.97,99.2,15.79,1409.0,505.0,10.22,599.6,normal
W-ACT,2026-09-08 18:54:50,2882,Barail,10.18,21.09,95.2,14.05,1451.0,510.0,10.18,599.1,normal
W-ACT,2026-09-08 19:01:10,2883,Barail,9.47,20.63,101.8,14.73,1497.0,499.0,10.22,599.9,normal
W-ACT,2026-09-08 19:07:26,2884,Barail,9.57,22.33,102.1,14.28,1379.0,507.0,10.15,599.8,normal
W-ACT,2026-09-08 19:13:23,2885,Barail,10.09,22.88,99.2,14.42,1446.0,507.0,10.17,600.8,normal
W-ACT,2026-09-08 19:19:16,2886,Barail,10.2,21.78,99.8,15.9,1414.0,493.0,10.19,601.5,normal
W-ACT,2026-09-08 19:26:02,2887,Barail,8.86,23.11,98.2,14.46,1488.0,499.0,10.18,602.1,normal
W-ACT,2026-09-08 19:33:46,2888,Barail,7.76,22.83,97.3,15.39,1448.0,504.0,10.2,602.1,normal
W-ACT,2026-09-08 19:40:00,2889,Barail,9.64,22.19,102.8,14.45,1451.0,498.0,10.21,602.4,normal
W-ACT,2026-09-08 19:46:40,2890,Barail,8.99,21.78,102.2,16.03,1421.0,508.0,10.21,602.4,normal
W-ACT,2026-09-08 19:52:22,2891,Barail,10.52,22.11,99.7,13.27,1463.0,497.0,10.17,602.6,normal
W-ACT,2026-09-08 19:58:17,2892,Barail,10.15,21.16,99.2,14.04,1450.0,497.0,10.22,602.2,normal
W-ACT,2026-09-08 20:04:04,2893,Barail,10.39,21.2,101.3,14.69,1474.0,509.0,10.18,601.6,normal
W-ACT,2026-09-08 20:09:13,2894,Barail,11.62,22.0,99.5,14.55,1439.0,496.0,10.2,601.8,normal
W-ACT,2026-09-08 20:14:58,2895,Barail,10.45,23.0,99.3,15.72,1424.0,504.0,10.21,601.1,normal
W-ACT,2026-09-08 20:21:12,2896,Barail,9.62,22.1,100.0,14.31,1465.0,504.0,10.18,600.4,normal
W-ACT,2026-09-08 20:26:58,2897,Barail,10.42,21.82,99.5,13.05,1442.0,502.0,10.2,600.9,normal
W-ACT,2026-09-08 20:33:19,2898,Barail,9.44,21.65,97.7,15.24,1498.0,507.0,10.18,600.3,normal
W-ACT,2026-09-08 20:39:14,2899,Barail,10.15,21.49,101.0,15.2,1441.0,495.0,10.18,599.9,normal
W-ACT,2026-09-08 20:45:09,2900,Barail,10.13,23.95,95.4,14.03,1514.0,492.0,10.18,599.6,normal
W-ACT,2026-09-08 20:51:01,2901,Barail,10.22,22.9,103.9,13.08,1447.0,504.0,10.18,600.0,normal
W-ACT,2026-09-08 20:57:13,2902,Barail,9.68,22.22,98.3,14.59,1432.0,499.0,10.22,600.2,normal
W-ACT,2026-09-08 21:02:52,2903,Barail,10.61,21.87,101.0,15.3,1401.0,500.0,10.19,600.4,normal
W-ACT,2026-09-08 21:08:48,2904,Barail,10.13,21.55,99.9,14.82,1476.0,493.0,10.19,600.9,normal
W-ACT,2026-09-08 21:14:22,2905,Barail,10.76,21.96,99.6,14.43,1436.0,505.0,10.25,601.0,normal
W-ACT,2026-09-08 21:19:55,2906,Barail,10.82,21.56,97.2,15.78,1453.0,499.0,10.23,600.7,normal
W-ACT,2026-09-08 21:25:20,2907,Barail,11.08,22.59,100.4,14.22,1411.0,496.0,10.18,600.6,normal
W-ACT,2026-09-08 21:31:13,2908,Barail,10.19,23.47,98.1,14.93,1393.0,500.0,10.2,600.3,normal
W-ACT,2026-09-08 21:37:29,2909,Barail,9.58,21.94,102.6,14.24,1418.0,507.0,10.21,600.8,normal
W-ACT,2026-09-08 21:43:25,2910,Barail,10.13,22.93,99.6,14.88,1468.0,504.0,10.22,600.9,normal
W-ACT,2026-09-08 21:49:10,2911,Barail,10.42,22.55,97.2,14.62,1477.0,494.0,10.24,600.6,normal
W-ACT,2026-09-08 21:55:23,2912,Barail,9.66,23.29,102.3,14.68,1507.0,496.0,10.19,600.1,normal
W-ACT,2026-09-08 22:00:36,2913,Barail,11.5,20.71,100.7,14.7,1420.0,500.0,10.2,599.3,normal
W-ACT,2026-09-08 22:05:56,2914,Barail,11.23,22.13,102.5,15.39,1474.0,500.0,10.19,599.1,normal
W-ACT,2026-09-08 22:11:36,2915,Barail,10.59,22.53,102.7,16.76,1423.0,502.0,10.15,599.3,normal
W-ACT,2026-09-08 22:18:40,2916,Barail,8.5,22.06,97.5,13.93,1350.0,496.0,10.22,599.8,normal
W-ACT,2026-09-08 22:24:56,2917,Barail,9.56,22.17,98.8,14.12,1431.0,500.0,10.25,599.9,normal
W-ACT,2026-09-08 22:31:25,2918,Barail,9.27,21.34,98.8,15.32,1468.0,497.0,10.2,599.3,normal
W-ACT,2026-09-08 22:37:48,2919,Barail,9.38,21.31,100.4,15.16,1475.0,510.0,10.22,599.5,normal
W-ACT,2026-09-08 22:43:14,2920,Barail,11.07,23.92,95.8,14.79,1422.0,497.0,10.2,599.3,normal
W-ACT,2026-09-08 22:49:06,2921,Barail,10.22,21.56,98.9,15.43,1467.0,500.0,10.24,599.7,normal
W-ACT,2026-09-08 22:54:39,2922,Barail,10.81,21.61,97.9,14.37,1441.0,503.0,10.18,599.8,normal
W-ACT,2026-09-08 23:00:40,2923,Barail,9.97,21.88,99.1,14.11,1473.0,497.0,10.21,600.1,normal
W-ACT,2026-09-08 23:06:34,2924,Barail,10.18,21.41,101.9,15.01,1457.0,508.0,10.2,599.9,normal
W-ACT,2026-09-08 23:11:52,2925,Barail,11.32,20.51,98.9,13.05,1468.0,507.0,10.19,599.6,normal
W-ACT,2026-09-08 23:18:53,2926,Barail,8.54,21.5,106.4,13.96,1445.0,503.0,10.21,600.4,normal
W-ACT,2026-09-08 23:24:30,2927,Barail,10.69,21.96,102.3,16.42,1463.0,505.0,10.2,600.1,normal
W-ACT,2026-09-08 23:29:53,2928,Barail,11.13,24.08,103.9,14.68,1477.0,500.0,10.25,599.7,normal
W-ACT,2026-09-08 23:35:56,2929,Barail,9.94,22.97,105.2,14.74,1445.0,498.0,10.21,600.0,normal
W-ACT,2026-09-08 23:42:15,2930,Barail,9.48,21.62,100.8,13.82,1412.0,503.0,10.2,599.3,normal
W-ACT,2026-09-08 23:48:35,2931,Barail,9.48,20.1,106.1,14.54,1469.0,494.0,10.25,599.8,normal
W-ACT,2026-09-08 23:55:50,2932,Barail,8.28,22.09,101.6,13.84,1495.0,498.0,10.22,599.6,normal
W-ACT,2026-09-09 00:01:17,2933,Barail,11.01,20.69,100.5,14.85,1456.0,505.0,10.18,600.2,normal
W-ACT,2026-09-09 00:07:05,2934,Barail,10.35,19.95,95.1,15.27,1462.0,501.0,10.21,600.6,torque_spike
W-ACT,2026-09-09 00:13:29,2935,Barail,9.36,24.18,80.1,18.12,1440.0,500.0,10.19,600.3,torque_spike
W-ACT,2026-09-09 00:19:16,2936,Barail,10.37,22.26,113.4,26.97,1486.0,493.0,10.17,600.4,torque_spike
W-ACT,2026-09-09 00:25:57,2937,Barail,8.99,22.25,113.2,17.26,1407.0,501.0,10.23,601.2,torque_spike
W-ACT,2026-09-09 00:31:48,2938,Barail,10.24,22.08,80.0,25.47,1485.0,501.0,10.22,601.8,torque_spike
W-ACT,2026-09-09 00:38:18,2939,Barail,9.24,23.45,78.3,26.5,1458.0,496.0,10.19,601.1,torque_spike
W-ACT,2026-09-09 00:44:55,2940,Barail,9.07,22.9,77.8,25.03,1524.0,493.0,10.19,601.0,torque_spike
W-ACT,2026-09-09 00:50:38,2941,Barail,10.5,22.1,104.6,14.8,1453.0,500.0,10.2,601.0,normal
W-ACT,2026-09-09 00:55:50,2942,Barail,11.52,23.96,101.1,14.13,1439.0,490.0,10.22,602.1,normal
W-ACT,2026-09-09 01:02:19,2943,Barail,9.26,23.17,101.2,14.94,1480.0,502.0,10.19,602.0,normal
W-ACT,2026-09-09 01:08:14,2944,Barail,10.15,21.43,98.7,14.66,1495.0,498.0,10.21,602.2,normal
W-ACT,2026-09-09 01:13:48,2945,Barail,10.76,21.58,107.0,14.54,1445.0,508.0,10.19,602.2,normal
W-ACT,2026-09-09 01:18:27,2946,Barail,12.94,24.41,97.6,14.95,1438.0,499.0,10.17,601.7,normal
W-ACT,2026-09-09 01:25:42,2947,Barail,8.27,22.1,100.7,15.35,1430.0,491.0,10.22,601.6,normal
W-ACT,2026-09-09 01:31:28,2948,Barail,10.41,23.58,102.3,14.13,1506.0,498.0,10.18,602.4,normal
W-ACT,2026-09-09 01:37:03,2949,Barail,10.73,22.2,104.2,14.66,1429.0,496.0,10.19,602.8,normal
W-ACT,2026-09-09 01:43:04,2950,Barail,9.99,23.93,98.9,15.17,1377.0,508.0,10.19,603.1,normal
W-ACT,2026-09-09 01:49:10,2951,Barail,9.82,22.0,97.1,13.62,1430.0,494.0,10.16,603.8,normal
W-ACT,2026-09-09 01:55:24,2952,Barail,9.64,21.46,100.9,13.91,1509.0,500.0,10.18,603.8,normal
W-ACT,2026-09-09 02:01:28,2953,Barail,9.87,21.82,102.7,14.57,1485.0,504.0,10.19,603.4,normal
W-ACT,2026-09-09 02:07:17,2954,Barail,10.34,24.08,104.9,14.66,1476.0,497.0,10.2,603.0,normal
W-ACT,2026-09-09 02:13:12,2955,Barail,10.12,24.04,98.5,14.8,1488.0,502.0,10.2,603.0,normal
W-ACT,2026-09-09 02:19:05,2956,Barail,10.21,21.42,100.4,15.23,1493.0,506.0,10.19,603.0,normal
W-ACT,2026-09-09 02:25:21,2957,Barail,9.58,22.31,101.2,13.36,1465.0,502.0,10.2,603.0,normal
W-ACT,2026-09-09 02:31:47,2958,Barail,9.32,22.87,99.0,14.26,1463.0,492.0,10.2,603.5,normal
W-ACT,2026-09-09 02:39:27,2959,Barail,7.82,21.46,98.1,13.56,1463.0,494.0,10.19,603.9,normal
W-ACT,2026-09-09 02:46:10,2960,Barail,8.93,21.95,98.7,14.04,1505.0,504.0,10.19,603.3,normal
W-ACT,2026-09-09 02:52:13,2961,Barail,9.92,24.58,97.1,14.59,1478.0,498.0,10.24,602.7,normal
W-ACT,2026-09-09 02:57:55,2962,Barail,10.55,20.51,94.3,14.38,1468.0,495.0,10.2,602.7,normal
W-ACT,2026-09-09 03:03:47,2963,Barail,10.22,19.63,103.3,14.72,1464.0,501.0,10.18,602.1,normal
W-ACT,2026-09-09 03:09:26,2964,Barail,10.6,21.95,99.6,15.67,1439.0,501.0,10.19,602.0,normal
W-ACT,2026-09-09 03:14:45,2965,Barail,11.31,23.63,97.7,13.94,1447.0,499.0,10.21,602.5,normal
W-ACT,2026-09-09 03:20:23,2966,Barail,10.63,22.09,101.0,14.62,1455.0,495.0,10.13,602.6,normal
W-ACT,2026-09-09 03:25:34,2967,Barail,11.6,19.38,103.8,15.5,1476.0,489.0,10.24,602.5,normal
W-ACT,2026-09-09 03:32:03,2968,Barail,9.25,21.11,98.1,15.58,1477.0,504.0,10.19,602.9,normal
W-ACT,2026-09-09 03:38:06,2969,Barail,9.91,21.37,99.3,15.92,1439.0,494.0,10.22,602.4,normal
W-ACT,2026-09-09 03:44:12,2970,Barail,9.84,23.6,99.0,14.77,1380.0,495.0,10.19,602.7,normal
W-ACT,2026-09-09 03:50:36,2971,Barail,9.37,21.97,100.3,14.56,1448.0,496.0,10.22,602.7,normal
W-ACT,2026-09-09 03:57:42,2972,Barail,8.45,21.69,99.0,14.59,1460.0,505.0,10.18,602.3,normal
W-ACT,2026-09-09 04:03:46,2973,Barail,9.91,22.24,99.5,15.65,1459.0,491.0,10.2,602.6,normal
W-ACT,2026-09-09 04:08:57,2974,Barail,11.55,21.18,103.3,13.87,1475.0,500.0,10.17,602.4,normal
W-ACT,2026-09-09 04:16:00,2975,Barail,8.51,23.59,104.3,14.78,1514.0,502.0,10.22,602.3,normal
W-ACT,2026-09-09 04:22:18,2976,Barail,9.54,22.29,107.2,15.22,1494.0,501.0,10.19,602.5,normal
W-ACT,2026-09-09 04:28:31,2977,Barail,9.63,21.54,95.3,15.3,1508.0,502.0,10.18,603.2,normal
W-ACT,2026-09-09 04:34:30,2978,Barail,10.03,23.51,97.4,14.97,1487.0,493.0,10.18,602.8,normal
W-ACT,2026-09-09 04:40:05,2979,Barail,10.76,20.6,94.5,15.05,1539.0,503.0,10.18,602.9,normal
W-ACT,2026-09-09 04:45:26,2980,Barail,11.2,20.63,97.3,14.88,1448.0,498.0,10.18,603.0,normal
W-ACT,2026-09-09 04:50:42,2981,Barail,11.39,23.07,100.3,13.81,1482.0,500.0,10.21,602.8,normal
W-ACT,2026-09-09 04:56:50,2982,Barail,9.79,22.07,102.4,15.23,1481.0,504.0,10.19,602.4,normal
W-ACT,2026-09-09 05:03:27,2983,Barail,9.08,21.37,102.9,13.75,1473.0,506.0,10.22,602.0,normal
W-ACT,2026-09-09 05:09:53,2984,Barail,9.33,20.48,97.1,14.26,1470.0,508.0,10.17,602.2,normal
W-ACT,2026-09-09 05:15:51,2985,Barail,10.04,21.56,100.2,14.65,1452.0,500.0,10.19,602.8,normal
W-ACT,2026-09-09 05:21:42,2986,Barail,10.27,21.37,104.3,14.6,1531.0,502.0,10.22,603.0,normal
W-ACT,2026-09-09 05:27:25,2987,Barail,10.49,21.53,94.7,16.3,1437.0,497.0,10.18,602.9,normal
W-ACT,2026-09-09 05:32:48,2988,Barail,11.14,20.47,102.7,15.15,1459.0,504.0,10.19,602.7,normal
W-ACT,2026-09-09 05:38:49,2989,Barail,9.98,22.19,97.6,15.32,1471.0,502.0,10.17,602.6,normal
W-ACT,2026-09-09 05:45:07,2990,Barail,9.52,21.78,98.4,15.38,1471.0,508.0,10.19,602.8,normal
W-ACT,2026-09-09 05:50:41,2991,Barail,10.77,21.18,102.1,15.1,1482.0,499.0,10.2,603.0,normal
W-ACT,2026-09-09 05:56:02,2992,Barail,11.22,22.6,98.7,14.7,1433.0,501.0,10.17,603.5,normal
W-ACT,2026-09-09 06:01:31,2993,Barail,10.93,23.63,98.3,13.7,1468.0,503.0,10.22,603.0,normal
W-ACT,2026-09-09 06:07:57,2994,Barail,9.33,23.11,92.4,13.64,1489.0,497.0,10.17,603.0,normal
W-ACT,2026-09-09 06:14:24,2995,Barail,9.31,21.55,99.7,16.44,1508.0,504.0,10.17,602.7,normal
W-ACT,2026-09-09 06:19:55,2996,Barail,10.87,24.55,99.6,15.32,1443.0,506.0,10.14,602.6,normal
W-ACT,2026-09-09 06:25:45,2997,Barail,10.29,20.87,98.0,13.67,1457.0,495.0,10.19,602.6,normal
W-ACT,2026-09-09 06:32:16,2998,Barail,9.21,22.15,100.4,14.61,1509.0,501.0,10.2,603.3,normal
W-ACT,2026-09-09 06:38:00,2999,Barail,10.45,22.8,95.8,15.32,1452.0,498.0,10.17,603.5,normal
W-ACT,2026-09-09 06:43:26,3000,Barail,11.05,23.5,100.3,16.4,1466.0,506.0,10.21,603.6,normal
W-ACT,2026-09-09 06:48:50,3001,Barail,11.13,22.36,99.9,14.58,1512.0,500.0,10.18,603.3,normal
W-ACT,2026-09-09 06:54:53,3002,Barail,9.9,22.21,97.1,14.51,1450.0,502.0,10.18,603.1,normal
W-ACT,2026-09-09 07:00:54,3003,Barail,9.98,20.77,98.9,14.85,1510.0,503.0,10.22,603.1,normal
W-ACT,2026-09-09 07:07:14,3004,Barail,9.47,20.57,104.6,13.45,1507.0,504.0,10.23,603.6,normal
W-ACT,2026-09-09 07:12:31,3005,Barail,11.36,22.95,101.1,15.71,1404.0,498.0,10.21,603.0,normal
W-ACT,2026-09-09 07:17:43,3006,Barail,11.53,22.18,102.7,15.89,1483.0,498.0,10.22,603.2,normal
W-ACT,2026-09-09 07:24:31,3007,Barail,8.82,23.69,100.0,14.91,1495.0,497.0,10.23,603.2,normal
W-ACT,2026-09-09 07:30:24,3008,Barail,10.22,23.83,102.7,14.9,1444.0,509.0,10.19,603.3,normal
W-ACT,2026-09-09 07:36:15,3009,Barail,10.24,23.17,99.9,15.15,1470.0,498.0,10.16,604.3,normal
W-ACT,2026-09-09 07:41:52,3010,Barail,10.7,21.7,100.9,15.11,1488.0,499.0,10.2,603.4,normal
W-ACT,2026-09-09 07:47:36,3011,Barail,10.44,21.61,103.5,15.37,1511.0,493.0,10.19,602.9,normal
W-ACT,2026-09-09 07:53:12,3012,Barail,10.74,21.87,97.8,14.12,1445.0,495.0,10.2,603.0,normal
W-ACT,2026-09-09 07:58:45,3013,Barail,10.81,21.19,99.4,13.69,1499.0,500.0,10.17,603.4,normal
W-ACT,2026-09-09 08:04:27,3014,Barail,10.5,22.94,103.7,14.96,1481.0,503.0,10.15,603.3,normal
W-ACT,2026-09-09 08:10:03,3015,Barail,10.74,22.14,95.3,14.55,1493.0,495.0,10.2,602.8,normal
W-ACT,2026-09-09 08:16:11,3016,Barail,9.77,21.27,101.1,15.12,1496.0,503.0,10.19,603.4,normal
W-ACT,2026-09-09 08:21:43,3017,Barail,10.84,21.51,102.5,14.13,1464.0,498.0,10.19,603.2,normal
W-ACT,2026-09-09 08:27:57,3018,Barail,9.62,21.45,98.4,15.82,1485.0,504.0,10.21,602.7,normal
W-ACT,2026-09-09 08:33:54,3019,Barail,10.1,23.93,101.2,16.27,1512.0,492.0,10.21,601.7,normal
W-ACT,2026-09-09 08:39:07,3020,Barail,11.49,22.11,100.7,14.13,1531.0,505.0,10.2,601.7,normal
W-ACT,2026-09-09 08:45:47,3021,Barail,9.0,24.36,100.0,14.26,1465.0,500.0,10.17,601.4,normal
W-ACT,2026-09-09 08:51:40,3022,Barail,10.21,20.19,97.6,14.92,1475.0,504.0,10.21,600.9,normal
W-ACT,2026-09-09 08:57:20,3023,Barail,10.59,21.05,102.0,14.73,1462.0,499.0,10.2,600.4,normal
W-ACT,2026-09-09 09:04:07,3024,Barail,8.85,22.42,102.6,13.97,1472.0,497.0,10.17,600.2,normal
W-ACT,2026-09-09 09:10:23,3025,Barail,9.57,22.48,101.9,14.53,1458.0,498.0,10.18,599.5,normal
W-ACT,2026-09-09 09:16:44,3026,Barail,9.44,21.75,99.6,16.28,1454.0,491.0,10.15,598.9,normal
W-ACT,2026-09-09 09:22:36,3027,Barail,10.23,21.57,98.1,14.97,1428.0,498.0,10.2,598.6,normal
W-ACT,2026-09-09 09:29:24,3028,Barail,8.82,23.61,98.5,15.9,1538.0,502.0,10.18,598.8,normal
W-ACT,2026-09-09 09:35:08,3029,Barail,10.47,23.11,101.4,15.77,1445.0,493.0,10.23,598.5,normal
W-ACT,2026-09-09 09:41:53,3030,Barail,8.88,21.28,98.8,16.44,1505.0,507.0,10.19,598.5,normal
W-ACT,2026-09-09 09:47:37,3031,Barail,10.47,21.62,100.9,14.15,1514.0,507.0,10.19,598.6,normal
W-ACT,2026-09-09 09:53:07,3032,Barail,10.92,23.34,99.2,15.13,1467.0,495.0,10.21,598.3,normal
W-ACT,2026-09-09 09:59:55,3033,Barail,8.83,23.15,99.7,14.47,1466.0,498.0,10.18,598.3,normal
W-ACT,2026-09-09 10:05:53,3034,Barail,10.05,22.51,103.8,15.08,1485.0,491.0,10.18,598.3,normal
W-ACT,2026-09-09 10:11:30,3035,Barail,10.68,23.52,99.4,15.22,1439.0,505.0,10.2,598.7,normal
W-ACT,2026-09-09 10:17:10,3036,Barail,10.57,22.45,97.5,13.58,1480.0,502.0,10.19,599.3,normal
W-ACT,2026-09-09 10:23:02,3037,Barail,10.23,23.47,99.5,14.58,1487.0,499.0,10.2,599.0,normal
W-ACT,2026-09-09 10:29:41,3038,Barail,9.04,22.49,99.6,14.82,1411.0,501.0,10.18,599.0,normal
W-ACT,2026-09-09 10:35:16,3039,Barail,10.73,21.19,101.4,15.06,1485.0,502.0,10.2,599.2,normal
W-ACT,2026-09-09 10:41:28,3040,Barail,9.68,22.35,102.1,13.57,1515.0,497.0,10.22,598.7,normal
W-ACT,2026-09-09 10:47:15,3041,Barail,10.36,20.71,97.8,15.06,1471.0,496.0,10.18,598.9,normal
W-ACT,2026-09-09 10:52:38,3042,Barail,11.17,22.1,96.6,14.67,1511.0,508.0,10.24,599.1,normal
W-ACT,2026-09-09 10:59:16,3043,Barail,9.03,21.81,102.5,13.73,1499.0,501.0,10.2,599.3,normal
W-ACT,2026-09-09 11:05:26,3044,Barail,9.75,22.14,94.6,16.29,1520.0,500.0,10.19,599.1,normal
W-ACT,2026-09-09 11:10:46,3045,Barail,11.23,22.35,100.5,15.29,1466.0,506.0,10.18,599.1,normal
W-ACT,2026-09-09 11:16:30,3046,Barail,10.47,22.47,98.3,14.84,1428.0,502.0,10.21,598.9,normal
W-ACT,2026-09-09 11:22:09,3047,Barail,10.63,22.56,101.0,15.69,1502.0,493.0,10.2,598.6,normal
W-ACT,2026-09-09 11:28:48,3048,Barail,9.02,20.85,99.1,15.33,1497.0,504.0,10.23,598.7,normal
W-ACT,2026-09-09 11:35:04,3049,Barail,9.58,20.53,97.7,15.55,1488.0,492.0,10.21,598.6,normal
W-ACT,2026-09-09 11:41:31,3050,Barail,9.29,23.76,98.9,14.91,1482.0,512.0,10.21,598.2,normal
W-ACT,2026-09-09 11:47:56,3051,Barail,9.35,22.55,102.9,15.66,1524.0,502.0,10.21,598.0,normal
W-ACT,2026-09-09 11:54:42,3052,Barail,8.87,21.27,97.9,14.17,1505.0,491.0,10.2,597.2,normal
W-ACT,2026-09-09 12:00:29,3053,Barail,10.39,21.18,100.2,16.4,1492.0,502.0,10.2,596.8,normal
W-ACT,2026-09-09 12:06:56,3054,Barail,9.29,20.71,100.0,15.42,1492.0,504.0,10.21,597.3,normal
W-ACT,2026-09-09 12:13:06,3055,Barail,9.72,20.31,97.1,14.05,1495.0,501.0,10.21,596.8,normal
W-ACT,2026-09-09 12:20:01,3056,Barail,8.68,20.88,93.7,15.52,1464.0,490.0,10.19,596.9,normal
W-ACT,2026-09-09 12:25:48,3057,Barail,10.37,21.22,103.6,14.51,1514.0,498.0,10.18,596.7,normal
W-ACT,2026-09-09 12:31:42,3058,Barail,10.17,20.56,104.3,15.7,1470.0,499.0,10.18,596.8,normal
W-ACT,2026-09-09 12:38:06,3059,Barail,9.38,21.97,104.3,14.48,1503.0,493.0,10.2,597.1,normal
W-ACT,2026-09-09 12:43:18,3060,Barail,11.55,21.98,99.4,15.77,1522.0,493.0,10.19,597.4,normal
W-ACT,2026-09-09 12:50:02,3061,Barail,8.9,21.34,96.0,15.38,1467.0,498.0,10.23,597.8,normal
W-ACT,2026-09-09 12:55:24,3062,Barail,11.2,19.72,100.5,15.96,1506.0,503.0,10.21,597.8,normal
W-ACT,2026-09-09 13:01:44,3063,Barail,9.46,21.19,100.2,13.83,1477.0,498.0,10.22,598.3,normal
W-ACT,2026-09-09 13:08:53,3064,Barail,8.4,21.37,101.4,14.98,1498.0,501.0,10.21,598.7,normal
W-ACT,2026-09-09 13:14:50,3065,Barail,10.09,21.8,101.8,14.98,1458.0,502.0,10.19,598.9,normal
W-ACT,2026-09-09 13:20:28,3066,Barail,10.63,21.76,99.0,15.96,1478.0,507.0,10.18,599.3,normal
W-ACT,2026-09-09 13:26:25,3067,Barail,10.08,23.03,101.8,15.89,1480.0,500.0,10.19,599.7,normal
W-ACT,2026-09-09 13:32:11,3068,Barail,10.41,20.29,95.5,13.93,1517.0,510.0,10.2,599.1,normal
W-ACT,2026-09-09 13:38:15,3069,Barail,9.9,21.65,103.6,15.56,1480.0,498.0,10.21,598.9,normal
W-ACT,2026-09-09 13:44:15,3070,Barail,9.99,24.3,98.8,13.4,1534.0,504.0,10.22,599.0,normal
W-ACT,2026-09-09 13:50:07,3071,Barail,10.24,21.67,100.3,15.15,1468.0,495.0,10.22,599.3,normal
W-ACT,2026-09-09 13:55:17,3072,Barail,11.59,21.94,100.7,15.07,1519.0,501.0,10.24,599.1,normal
W-ACT,2026-09-09 14:01:17,3073,Barail,10.0,21.99,100.7,14.86,1481.0,495.0,10.19,599.3,normal
W-ACT,2026-09-09 14:06:54,3074,Barail,10.71,23.13,98.2,14.38,1567.0,500.0,10.18,599.1,normal
W-ACT,2026-09-09 14:13:02,3075,Barail,9.78,21.53,98.9,13.82,1483.0,501.0,10.22,599.0,normal
W-ACT,2026-09-09 14:19:31,3076,Barail,9.24,21.6,99.7,14.45,1487.0,493.0,10.17,599.5,normal
W-ACT,2026-09-09 14:25:45,3077,Barail,9.63,21.94,96.6,15.2,1460.0,496.0,10.24,599.7,normal
W-ACT,2026-09-09 14:30:49,3078,Barail,11.86,22.2,104.7,14.9,1554.0,501.0,10.17,600.2,normal
W-ACT,2026-09-09 14:36:29,3079,Barail,10.58,25.22,101.4,14.32,1449.0,504.0,10.23,600.2,normal
W-ACT,2026-09-09 14:42:08,3080,Barail,10.61,19.33,92.7,15.34,1472.0,501.0,10.16,600.5,normal
W-ACT,2026-09-09 14:47:43,3081,Barail,10.76,20.6,102.6,14.77,1499.0,498.0,10.22,600.4,normal
W-ACT,2026-09-09 14:53:31,3082,Barail,10.33,22.71,103.0,15.16,1504.0,494.0,10.23,600.1,normal
W-ACT,2026-09-09 14:59:44,3083,Barail,9.67,22.6,100.0,13.78,1534.0,501.0,10.18,600.7,normal
W-ACT,2026-09-09 15:05:38,3084,Barail,10.17,23.03,101.1,15.95,1475.0,500.0,10.2,600.7,normal
W-ACT,2026-09-09 15:11:31,3085,Barail,10.19,20.66,101.3,14.73,1453.0,504.0,10.19,601.3,normal
W-ACT,2026-09-09 15:18:06,3086,Barail,9.1,22.16,99.2,14.95,1485.0,499.0,10.19,601.3,normal
W-ACT,2026-09-09 15:25:23,3087,Barail,8.25,22.2,98.6,13.31,1507.0,505.0,10.24,601.4,normal
W-ACT,2026-09-09 15:32:21,3088,Barail,8.61,23.49,98.5,16.04,1545.0,502.0,10.18,601.6,normal
W-ACT,2026-09-09 15:37:42,3089,Barail,11.21,20.33,98.4,14.06,1488.0,502.0,10.19,602.1,normal
W-ACT,2026-09-09 15:44:22,3090,Barail,9.0,20.84,93.8,14.5,1516.0,496.0,10.21,602.3,normal
W-ACT,2026-09-09 15:50:31,3091,Barail,9.75,22.45,100.7,14.07,1461.0,501.0,10.21,602.5,normal
W-ACT,2026-09-09 15:56:50,3092,Barail,9.5,21.37,102.2,14.04,1513.0,497.0,10.23,602.2,normal
W-ACT,2026-09-09 16:02:35,3093,Barail,10.45,22.83,97.1,14.25,1512.0,501.0,10.21,602.3,normal
W-ACT,2026-09-09 16:08:13,3094,Barail,10.64,20.45,94.4,15.55,1536.0,499.0,10.19,602.7,normal
W-ACT,2026-09-09 16:14:00,3095,Barail,10.37,20.28,104.7,14.43,1491.0,498.0,10.18,602.9,normal
W-ACT,2026-09-09 16:20:04,3096,Barail,9.91,23.4,96.9,14.51,1482.0,504.0,10.2,602.6,normal
W-ACT,2026-09-09 16:25:58,3097,Barail,10.17,21.7,98.9,14.78,1512.0,496.0,10.16,602.6,normal
W-ACT,2026-09-09 16:31:27,3098,Barail,10.91,19.65,103.3,15.66,1537.0,500.0,10.23,602.3,normal
W-ACT,2026-09-09 16:37:09,3099,Barail,10.55,22.05,101.6,15.89,1480.0,497.0,10.23,602.0,normal
W-ACT,2026-09-09 16:44:26,3100,Barail,8.24,23.85,99.3,15.74,1518.0,499.0,10.24,602.2,normal
W-ACT,2026-09-09 16:50:55,3101,Barail,9.25,21.27,99.5,15.11,1529.0,500.0,10.18,602.1,normal
W-ACT,2026-09-09 16:57:05,3102,Barail,9.72,23.3,98.2,14.63,1529.0,502.0,10.19,601.6,normal
W-ACT,2026-09-09 17:03:12,3103,Barail,9.81,23.89,101.9,14.8,1538.0,501.0,10.21,601.5,normal
W-ACT,2026-09-09 17:09:37,3104,Barail,9.35,22.18,100.9,15.47,1510.0,491.0,10.2,601.5,normal
W-ACT,2026-09-09 17:15:28,3105,Barail,10.26,21.2,98.7,15.14,1521.0,498.0,10.22,601.2,normal
W-ACT,2026-09-09 17:20:44,3106,Barail,11.4,21.44,97.1,14.75,1557.0,505.0,10.17,601.3,normal
W-ACT,2026-09-09 17:26:36,3107,Barail,10.23,21.74,100.7,14.78,1481.0,499.0,10.19,601.6,normal
W-ACT,2026-09-09 17:32:00,3108,Barail,11.11,24.74,97.3,15.61,1449.0,504.0,10.19,602.1,normal
W-ACT,2026-09-09 17:37:29,3109,Barail,10.95,21.29,101.3,15.75,1471.0,494.0,10.18,602.4,normal
W-ACT,2026-09-09 17:43:45,3110,Barail,9.57,24.0,97.2,13.5,1515.0,493.0,10.15,602.4,normal
W-ACT,2026-09-09 17:50:14,3111,Barail,9.25,21.16,97.4,15.45,1517.0,505.0,10.22,602.3,normal
W-ACT,2026-09-09 17:57:19,3112,Barail,8.47,21.06,100.3,15.54,1550.0,491.0,10.21,602.1,normal
W-ACT,2026-09-09 18:04:37,3113,Barail,8.22,20.92,100.2,15.48,1566.0,505.0,10.18,602.2,normal
W-ACT,2026-09-09 18:10:23,3114,Barail,10.4,21.71,98.2,14.38,1456.0,497.0,10.22,602.3,normal
W-ACT,2026-09-09 18:16:56,3115,Barail,9.17,22.23,102.3,14.39,1570.0,502.0,10.19,603.1,normal
W-ACT,2026-09-09 18:23:03,3116,Barail,9.79,20.85,104.9,13.69,1496.0,496.0,10.17,603.5,normal
W-ACT,2026-09-09 18:28:53,3117,Barail,10.29,21.76,99.8,14.89,1560.0,505.0,10.22,603.5,normal
W-ACT,2026-09-09 18:35:01,3118,Barail,9.79,22.16,101.7,14.61,1528.0,499.0,10.19,602.9,normal
W-ACT,2026-09-09 18:41:44,3119,Barail,8.94,22.32,95.5,15.34,1523.0,511.0,10.14,603.7,normal
W-ACT,2026-09-09 18:47:18,3120,Barail,10.75,19.4,95.4,15.59,1501.0,496.0,10.19,603.4,normal
W-ACT,2026-09-09 18:53:21,3121,Barail,9.94,20.78,96.4,15.77,1490.0,506.0,10.21,603.6,normal
W-ACT,2026-09-09 18:59:59,3122,Barail,9.04,23.51,99.9,16.1,1527.0,501.0,10.21,603.4,normal
W-ACT,2026-09-09 19:06:01,3123,Barail,9.94,20.33,98.1,15.44,1486.0,496.0,10.19,603.5,normal
W-ACT,2026-09-09 19:11:18,3124,Barail,11.37,20.71,99.5,15.11,1490.0,494.0,10.19,603.1,normal
W-ACT,2026-09-09 19:16:58,3125,Barail,10.58,22.14,100.2,15.74,1448.0,500.0,10.16,603.0,normal
W-ACT,2026-09-09 19:22:25,3126,Barail,11.02,21.33,102.7,15.23,1503.0,507.0,10.19,603.4,normal
W-ACT,2026-09-09 19:28:47,3127,Barail,9.41,23.87,98.0,14.43,1483.0,492.0,10.21,603.3,normal
W-ACT,2026-09-09 19:34:12,3128,Barail,11.07,21.79,102.4,14.32,1522.0,496.0,10.19,603.4,normal
W-ACT,2026-09-09 19:40:15,3129,Barail,9.92,22.59,96.5,14.94,1526.0,498.0,10.18,603.6,normal
W-ACT,2026-09-09 19:46:38,3130,Barail,9.41,22.18,102.5,15.62,1526.0,495.0,10.23,603.3,normal
W-ACT,2026-09-09 19:52:45,3131,Barail,9.8,21.19,95.6,15.61,1473.0,491.0,10.19,603.1,normal
W-ACT,2026-09-09 19:59:06,3132,Barail,9.45,20.3,100.1,15.12,1531.0,498.0,10.23,602.9,normal
W-ACT,2026-09-09 20:05:22,3133,Barail,9.57,21.33,99.9,14.45,1469.0,502.0,10.19,602.6,normal
W-ACT,2026-09-09 20:11:17,3134,Barail,10.15,21.1,95.0,15.49,1531.0,498.0,10.18,602.4,normal
W-ACT,2026-09-09 20:16:39,3135,Barail,11.17,22.9,98.9,14.97,1541.0,510.0,10.19,602.1,normal
W-ACT,2026-09-09 20:22:05,3136,Barail,11.04,20.59,97.4,13.27,1501.0,508.0,10.16,601.9,normal
W-ACT,2026-09-09 20:27:59,3137,Barail,10.19,21.45,103.7,14.91,1561.0,500.0,10.23,602.3,normal
W-ACT,2026-09-09 20:33:38,3138,Barail,10.62,23.2,100.0,14.64,1530.0,499.0,10.18,601.7,normal
W-ACT,2026-09-09 20:40:31,3139,Barail,8.71,21.59,102.2,14.91,1627.0,498.0,10.16,601.4,normal
W-ACT,2026-09-09 20:46:29,3140,Barail,10.05,21.89,104.5,15.44,1469.0,508.0,10.22,601.4,normal
W-ACT,2026-09-09 20:52:26,3141,Barail,10.08,21.36,100.5,14.66,1477.0,495.0,10.19,601.8,normal
W-ACT,2026-09-09 20:57:53,3142,Barail,11.02,21.12,100.3,15.07,1533.0,498.0,10.2,601.9,normal
W-ACT,2026-09-09 21:03:26,3143,Barail,10.8,21.06,100.8,15.49,1503.0,505.0,10.23,601.3,normal
W-ACT,2026-09-09 21:09:41,3144,Barail,9.62,22.12,100.1,15.33,1414.0,499.0,10.17,600.7,normal
W-ACT,2026-09-09 21:15:45,3145,Barail,9.89,22.6,98.8,15.16,1546.0,496.0,10.2,601.0,normal
W-ACT,2026-09-09 21:21:58,3146,Barail,9.63,22.31,103.9,15.52,1513.0,493.0,10.19,600.8,normal
W-ACT,2026-09-09 21:28:07,3147,Barail,9.76,21.01,99.6,14.57,1500.0,499.0,10.21,601.0,normal
W-ACT,2026-09-09 21:33:47,3148,Barail,10.6,21.63,101.6,15.94,1555.0,505.0,10.21,601.4,normal
W-ACT,2026-09-09 21:39:22,3149,Barail,10.74,22.66,101.1,14.75,1514.0,505.0,10.18,601.8,normal
W-ACT,2026-09-09 21:44:57,3150,Barail,10.76,22.51,96.8,14.6,1548.0,504.0,10.24,602.6,normal
W-ACT,2026-09-09 21:51:29,3151,Barail,9.17,21.45,104.4,15.06,1453.0,497.0,10.21,603.0,normal
W-ACT,2026-09-09 21:58:29,3152,Barail,8.57,20.89,98.2,16.47,1530.0,497.0,10.23,602.9,normal
W-ACT,2026-09-09 22:04:43,3153,Barail,9.64,21.49,103.1,15.21,1517.0,502.0,10.21,603.7,normal
W-ACT,2026-09-09 22:10:30,3154,Barail,10.36,21.64,99.4,14.49,1559.0,494.0,10.22,603.8,normal
W-ACT,2026-09-09 22:16:19,3155,Barail,10.33,21.56,100.9,15.31,1499.0,505.0,10.2,603.6,normal
W-ACT,2026-09-09 22:23:49,3156,Barail,7.99,21.43,101.9,15.09,1549.0,497.0,10.2,604.5,normal
W-ACT,2026-09-09 22:28:56,3157,Barail,11.75,20.81,103.7,14.73,1539.0,504.0,10.19,605.0,normal
W-ACT,2026-09-09 22:35:43,3158,Barail,8.84,22.42,96.3,15.48,1555.0,501.0,10.2,605.4,normal
W-ACT,2026-09-09 22:41:25,3159,Barail,10.51,21.05,103.2,15.51,1541.0,495.0,10.21,605.6,normal
W-ACT,2026-09-09 22:47:35,3160,Barail,9.73,23.04,94.4,14.92,1507.0,501.0,10.22,605.6,normal
W-ACT,2026-09-09 22:56:25,3161,Kopili,6.8,25.21,90.2,16.87,1550.0,510.0,10.61,606.1,normal
W-ACT,2026-09-09 23:04:04,3162,Kopili,7.84,23.02,87.8,16.47,1536.0,503.0,10.63,605.8,normal
W-ACT,2026-09-09 23:12:51,3163,Kopili,6.83,24.93,87.2,17.1,1516.0,495.0,10.61,605.9,normal
W-ACT,2026-09-09 23:21:05,3164,Kopili,7.29,23.27,92.5,15.4,1537.0,493.0,10.55,605.4,normal
W-ACT,2026-09-09 23:28:23,3165,Kopili,8.21,26.05,90.2,15.5,1486.0,502.0,10.57,605.3,normal
W-ACT,2026-09-09 23:38:19,3166,Kopili,6.04,23.77,90.7,16.81,1537.0,503.0,10.57,604.1,normal
W-ACT,2026-09-09 23:46:46,3167,Kopili,7.11,22.65,92.3,15.69,1505.0,498.0,10.59,604.5,normal
W-ACT,2026-09-09 23:56:16,3168,Kopili,6.31,22.09,94.6,16.07,1504.0,503.0,10.6,604.9,normal
W-ACT,2026-09-10 00:04:51,3169,Kopili,7.0,22.19,90.4,15.93,1507.0,502.0,10.58,605.5,normal
W-ACT,2026-09-10 00:13:42,3170,Kopili,6.78,24.68,88.2,14.51,1525.0,493.0,10.6,605.5,normal
W-ACT,2026-09-10 00:22:51,3171,Kopili,6.55,23.97,91.9,16.7,1498.0,496.0,10.59,604.8,normal
W-ACT,2026-09-10 00:31:58,3172,Kopili,6.58,25.93,87.1,14.39,1498.0,498.0,10.59,605.0,normal
W-ACT,2026-09-10 00:40:37,3173,Kopili,6.94,24.11,84.7,16.57,1480.0,494.0,10.63,604.7,normal
W-ACT,2026-09-10 00:50:20,3174,Kopili,6.18,22.92,93.8,16.65,1525.0,504.0,10.6,604.8,normal
W-ACT,2026-09-10 00:58:11,3175,Kopili,7.64,27.68,82.8,16.94,1498.0,502.0,10.59,604.4,normal
W-ACT,2026-09-10 01:06:50,3176,Kopili,6.94,26.16,89.5,15.05,1491.0,497.0,10.6,604.4,normal
W-ACT,2026-09-10 01:15:14,3177,Kopili,7.14,22.99,90.9,15.73,1557.0,510.0,10.6,604.6,normal
W-ACT,2026-09-10 01:23:34,3178,Kopili,7.19,24.43,91.1,17.37,1499.0,495.0,10.59,604.2,normal
W-ACT,2026-09-10 01:31:46,3179,Kopili,7.33,22.26,89.6,16.08,1568.0,500.0,10.61,604.5,normal
W-ACT,2026-09-10 01:41:51,3180,Kopili,5.95,25.11,91.9,15.91,1480.0,495.0,10.56,604.4,normal
W-ACT,2026-09-10 01:50:27,3181,Kopili,6.97,23.72,91.6,15.03,1522.0,494.0,10.61,604.4,normal
W-ACT,2026-09-10 01:58:25,3182,Kopili,7.53,25.85,88.4,15.7,1520.0,501.0,10.59,604.5,normal
W-ACT,2026-09-10 02:06:23,3183,Kopili,7.54,26.5,88.8,16.2,1512.0,494.0,10.58,604.2,normal
W-ACT,2026-09-10 02:14:27,3184,Kopili,7.44,22.83,91.7,15.61,1555.0,493.0,10.6,604.7,normal
W-ACT,2026-09-10 02:23:02,3185,Kopili,6.98,22.37,86.0,15.85,1514.0,488.0,10.58,604.7,normal
W-ACT,2026-09-10 02:31:48,3186,Kopili,6.85,26.14,91.5,15.38,1523.0,507.0,10.57,605.2,normal
W-ACT,2026-09-10 02:39:41,3187,Kopili,7.61,23.03,90.0,17.51,1528.0,507.0,10.62,604.4,normal
W-ACT,2026-09-10 02:48:58,3188,Kopili,6.46,22.96,93.1,17.21,1491.0,501.0,10.63,603.8,normal
W-ACT,2026-09-10 02:57:57,3189,Kopili,6.68,25.09,90.7,16.98,1517.0,508.0,10.61,604.0,normal
W-ACT,2026-09-10 03:09:11,3190,Kopili,5.34,24.46,91.3,14.6,1492.0,503.0,10.6,603.6,normal
W-ACT,2026-09-10 03:17:04,3191,Kopili,7.62,25.46,89.8,15.14,1462.0,507.0,10.59,604.0,normal
W-ACT,2026-09-10 03:25:45,3192,Kopili,6.9,25.0,92.1,18.11,1533.0,500.0,10.6,604.6,normal
W-ACT,2026-09-10 03:34:56,3193,Kopili,6.54,23.52,93.8,15.61,1493.0,497.0,10.61,604.0,normal
W-ACT,2026-09-10 03:42:20,3194,Kopili,8.11,25.92,88.5,17.21,1525.0,495.0,10.6,604.3,normal
W-ACT,2026-09-10 03:50:46,3195,Kopili,7.11,23.84,88.6,15.72,1524.0,503.0,10.58,604.1,normal
W-ACT,2026-09-10 03:59:04,3196,Kopili,7.23,24.91,87.1,16.33,1474.0,487.0,10.61,604.3,normal
W-ACT,2026-09-10 04:08:17,3197,Kopili,6.51,23.84,84.4,15.02,1504.0,504.0,10.61,603.8,normal
W-ACT,2026-09-10 04:18:39,3198,Kopili,5.79,23.83,87.3,16.14,1538.0,496.0,10.61,604.4,normal
W-ACT,2026-09-10 04:27:32,3199,Kopili,6.75,24.46,85.9,17.79,1473.0,498.0,10.62,604.2,normal
W-ACT,2026-09-10 04:35:31,3200,Kopili,7.52,25.4,87.9,16.05,1494.0,505.0,10.61,604.7,normal
W-ACT,2026-09-10 04:44:50,3201,Kopili,6.44,22.48,89.9,16.47,1536.0,494.0,10.54,605.0,normal
W-ACT,2026-09-10 04:52:57,3202,Kopili,7.39,23.33,91.1,17.16,1522.0,496.0,10.6,605.0,normal
W-ACT,2026-09-10 05:00:59,3203,Kopili,7.47,24.87,86.4,17.02,1576.0,507.0,10.58,604.4,normal
W-ACT,2026-09-10 05:08:23,3204,Kopili,8.1,24.3,92.9,16.92,1546.0,500.0,10.56,603.6,normal
W-ACT,2026-09-10 05:17:14,3205,Kopili,6.79,22.87,91.6,15.65,1500.0,497.0,10.64,604.2,normal
W-ACT,2026-09-10 05:25:48,3206,Kopili,7.0,26.37,88.6,16.91,1546.0,494.0,10.61,604.9,normal
W-ACT,2026-09-10 05:35:21,3207,Kopili,6.28,26.16,86.1,16.41,1489.0,493.0,10.6,605.4,normal
W-ACT,2026-09-10 05:44:29,3208,Kopili,6.57,22.95,87.9,15.92,1504.0,503.0,10.62,605.3,normal
W-ACT,2026-09-10 05:54:38,3209,Kopili,5.91,24.97,88.0,15.27,1561.0,503.0,10.6,605.1,normal
W-ACT,2026-09-10 06:02:35,3210,Kopili,7.55,23.41,85.8,16.22,1518.0,500.0,10.57,605.1,normal
W-ACT,2026-09-10 06:11:04,3211,Kopili,7.07,21.87,89.3,15.29,1488.0,495.0,10.6,605.8,normal
W-ACT,2026-09-10 06:20:57,3212,Kopili,6.07,23.85,89.9,16.92,1542.0,503.0,10.57,605.5,normal
W-ACT,2026-09-10 06:29:13,3213,Kopili,7.26,25.04,89.4,16.52,1556.0,506.0,10.59,605.8,normal
W-ACT,2026-09-10 06:36:58,3214,Kopili,7.74,25.11,89.8,16.89,1498.0,501.0,10.56,605.1,normal
W-ACT,2026-09-10 06:44:11,3215,Kopili,8.32,25.36,93.8,15.61,1501.0,502.0,10.57,604.4,normal
W-ACT,2026-09-10 06:52:02,3216,Kopili,7.65,24.99,94.8,15.99,1530.0,503.0,10.64,604.6,normal
W-ACT,2026-09-10 06:59:33,3217,Kopili,7.97,23.64,92.6,17.79,1521.0,500.0,10.62,604.9,normal
W-ACT,2026-09-10 07:07:55,3218,Kopili,7.17,23.47,90.3,15.45,1494.0,496.0,10.6,605.2,normal
W-ACT,2026-09-10 07:16:53,3219,Kopili,6.69,25.58,90.6,16.07,1496.0,504.0,10.58,605.0,normal
W-ACT,2026-09-10 07:26:19,3220,Kopili,6.37,24.46,95.4,17.55,1592.0,496.0,10.64,605.2,normal
W-ACT,2026-09-10 07:35:40,3221,Kopili,6.41,21.03,87.7,16.17,1552.0,504.0,10.59,605.5,normal
W-ACT,2026-09-10 07:43:25,3222,Kopili,7.75,24.66,88.8,16.48,1587.0,495.0,10.58,605.7,normal
W-ACT,2026-09-10 07:51:46,3223,Kopili,7.18,24.82,91.7,15.27,1528.0,498.0,10.58,605.0,normal
W-ACT,2026-09-10 08:00:49,3224,Kopili,6.63,21.9,89.7,15.88,1495.0,498.0,10.6,605.2,normal
W-ACT,2026-09-10 08:08:34,3225,Kopili,7.75,26.25,91.8,16.55,1494.0,495.0,10.6,605.0,normal
W-ACT,2026-09-10 08:17:38,3226,Kopili,6.61,22.3,89.6,15.91,1518.0,499.0,10.6,604.9,normal
W-ACT,2026-09-10 08:26:50,3227,Kopili,6.53,23.12,88.2,16.46,1504.0,496.0,10.6,604.5,normal
W-ACT,2026-09-10 08:35:20,3228,Kopili,7.05,23.61,85.8,17.2,1534.0,507.0,10.59,604.6,normal
W-ACT,2026-09-10 08:42:48,3229,Kopili,8.03,23.58,89.5,16.41,1448.0,500.0,10.6,605.2,normal
W-ACT,2026-09-10 08:50:45,3230,Kopili,7.56,24.29,86.4,14.75,1474.0,500.0,10.63,604.9,normal
W-ACT,2026-09-10 08:58:17,3231,Kopili,7.96,25.25,87.9,17.16,1552.0,501.0,10.62,605.1,normal
W-ACT,2026-09-10 09:06:05,3232,Kopili,7.69,23.87,89.0,18.17,1543.0,500.0,10.58,605.0,normal
W-ACT,2026-09-10 09:14:15,3233,Kopili,7.35,25.67,88.4,16.84,1490.0,497.0,10.57,605.3,normal
W-ACT,2026-09-10 09:22:01,3234,Kopili,7.72,22.73,93.6,16.59,1536.0,499.0,10.64,605.0,normal
W-ACT,2026-09-10 09:29:38,3235,Kopili,7.88,21.71,92.3,16.1,1542.0,497.0,10.59,604.6,normal
W-ACT,2026-09-10 09:38:10,3236,Kopili,7.03,24.61,88.2,14.45,1588.0,494.0,10.62,605.2,normal
W-ACT,2026-09-10 09:47:44,3237,Kopili,6.27,23.32,94.3,15.24,1556.0,498.0,10.6,605.0,normal
W-ACT,2026-09-10 09:56:03,3238,Kopili,7.22,21.97,89.8,15.93,1597.0,500.0,10.6,605.2,normal
W-ACT,2026-09-10 10:04:29,3239,Kopili,7.12,24.43,92.1,15.62,1538.0,502.0,10.62,605.5,normal
W-ACT,2026-09-10 10:12:34,3240,Kopili,7.42,25.83,88.6,15.61,1548.0,502.0,10.59,605.9,normal
W-ACT,2026-09-10 10:21:07,3241,Kopili,7.01,24.44,88.4,17.07,1522.0,491.0,10.6,605.6,normal
W-ACT,2026-09-10 10:29:34,3242,Kopili,7.1,24.18,92.3,16.23,1495.0,491.0,10.58,605.2,normal
W-ACT,2026-09-10 10:37:52,3243,Kopili,7.24,22.86,90.1,17.32,1548.0,503.0,10.66,605.2,normal
W-ACT,2026-09-10 10:46:54,3244,Kopili,6.64,24.62,90.9,15.63,1484.0,498.0,10.57,605.4,normal
W-ACT,2026-09-10 10:56:24,3245,Kopili,6.31,23.16,89.1,17.48,1555.0,505.0,10.58,605.0,normal
W-ACT,2026-09-10 11:05:05,3246,Kopili,6.91,23.77,88.5,16.39,1542.0,510.0,10.59,604.6,normal
W-ACT,2026-09-10 11:11:59,3247,Kopili,8.7,23.22,93.8,16.38,1479.0,501.0,10.6,604.0,normal
W-ACT,2026-09-10 11:20:06,3248,Kopili,7.39,24.09,86.3,16.54,1550.0,506.0,10.6,604.0,normal
W-ACT,2026-09-10 11:27:55,3249,Kopili,7.68,26.45,87.6,16.53,1528.0,504.0,10.6,603.5,normal
W-ACT,2026-09-10 11:37:01,3250,Kopili,6.59,21.6,87.1,15.52,1531.0,501.0,10.58,603.6,normal
W-ACT,2026-09-10 11:46:03,3251,Kopili,6.64,25.89,87.4,15.87,1595.0,488.0,10.62,603.4,normal
W-ACT,2026-09-10 11:54:07,3252,Kopili,7.45,23.97,87.4,17.27,1581.0,496.0,10.63,603.3,normal
W-ACT,2026-09-10 12:03:33,3253,Kopili,6.36,24.67,95.1,16.74,1530.0,501.0,10.58,602.9,normal
W-ACT,2026-09-10 12:11:56,3254,Kopili,7.15,24.59,89.1,15.53,1534.0,492.0,10.58,602.7,normal
W-ACT,2026-09-10 12:21:48,3255,Kopili,6.08,23.26,87.0,17.14,1552.0,504.0,10.63,602.8,normal
W-ACT,2026-09-10 12:31:09,3256,Kopili,6.42,25.43,88.1,17.27,1506.0,503.0,10.6,602.9,normal
W-ACT,2026-09-10 12:39:37,3257,Kopili,7.09,22.81,88.9,16.98,1521.0,504.0,10.59,602.5,normal
W-ACT,2026-09-10 12:48:26,3258,Kopili,6.8,25.49,87.5,16.61,1507.0,497.0,10.6,602.1,normal
W-ACT,2026-09-10 12:56:42,3259,Kopili,7.26,23.05,89.8,15.69,1552.0,500.0,10.59,602.1,normal
W-ACT,2026-09-10 13:03:58,3260,Kopili,8.25,23.83,89.2,16.96,1597.0,497.0,10.61,602.5,normal
W-ACT,2026-09-10 13:12:52,3261,Kopili,6.74,24.09,90.6,16.13,1529.0,503.0,10.63,602.3,normal
W-ACT,2026-09-10 13:21:07,3262,Kopili,7.28,26.42,87.3,16.75,1556.0,497.0,10.61,601.9,normal
W-ACT,2026-09-10 13:29:46,3263,Kopili,6.93,22.18,85.4,17.21,1588.0,500.0,10.6,601.7,normal
W-ACT,2026-09-10 13:38:41,3264,Kopili,6.74,25.81,92.3,15.9,1535.0,506.0,10.62,602.3,normal
W-ACT,2026-09-10 13:47:41,3265,Kopili,6.66,23.45,93.2,16.57,1577.0,503.0,10.59,602.3,normal
W-ACT,2026-09-10 13:55:17,3266,Kopili,7.89,25.71,91.6,14.8,1541.0,506.0,10.6,602.5,normal
W-ACT,2026-09-10 14:03:58,3267,Kopili,6.91,24.71,91.4,16.56,1511.0,510.0,10.62,602.8,normal
W-ACT,2026-09-10 14:12:16,3268,Kopili,7.23,23.2,92.4,16.56,1564.0,505.0,10.6,602.2,normal
W-ACT,2026-09-10 14:19:58,3269,Kopili,7.79,25.39,87.3,16.79,1538.0,503.0,10.6,602.3,normal
W-ACT,2026-09-10 14:28:00,3270,Kopili,7.48,24.74,92.9,16.32,1551.0,492.0,10.63,602.2,normal
W-ACT,2026-09-10 14:37:37,3271,Kopili,6.24,22.12,93.2,16.96,1549.0,495.0,10.63,602.2,normal
W-ACT,2026-09-10 14:45:56,3272,Kopili,7.21,23.72,93.1,17.99,1568.0,495.0,10.59,602.5,normal
W-ACT,2026-09-10 14:53:55,3273,Kopili,7.51,22.67,83.9,17.42,1535.0,491.0,10.61,602.6,normal
W-ACT,2026-09-10 15:03:13,3274,Kopili,6.45,24.56,89.0,16.17,1505.0,494.0,10.58,601.9,normal
W-ACT,2026-09-10 15:11:10,3275,Kopili,7.55,23.18,89.3,17.26,1567.0,506.0,10.63,601.4,normal
W-ACT,2026-09-10 15:19:29,3276,Kopili,7.22,23.82,87.4,17.83,1584.0,510.0,10.59,600.1,normal
W-ACT,2026-09-10 15:27:23,3277,Kopili,7.59,20.99,87.7,16.06,1532.0,507.0,10.58,600.3,normal
W-ACT,2026-09-10 15:34:54,3278,Kopili,7.98,24.0,88.1,15.48,1493.0,507.0,10.57,601.6,normal
W-ACT,2026-09-10 15:43:49,3279,Kopili,6.73,23.65,91.3,17.42,1555.0,497.0,10.6,602.8,normal
W-ACT,2026-09-10 15:51:19,3280,Kopili,8.01,21.63,85.3,16.79,1582.0,503.0,10.59,602.6,normal
W-ACT,2026-09-10 15:59:10,3281,Kopili,7.64,25.53,87.1,16.35,1546.0,504.0,10.59,602.3,normal
W-ACT,2026-09-10 16:09:04,3282,Kopili,6.06,25.24,92.2,15.46,1528.0,506.0,10.62,601.6,normal
W-ACT,2026-09-10 16:18:01,3283,Kopili,6.7,23.52,90.3,15.5,1505.0,495.0,10.57,601.7,normal
W-ACT,2026-09-10 16:26:16,3284,Kopili,7.27,21.98,90.0,16.67,1596.0,501.0,10.62,601.7,normal
W-ACT,2026-09-10 16:33:54,3285,Kopili,7.86,24.14,86.7,15.37,1626.0,501.0,10.61,602.0,normal
W-ACT,2026-09-10 16:43:51,3286,Kopili,6.03,24.98,89.1,17.06,1583.0,497.0,10.62,602.3,normal
W-ACT,2026-09-10 16:52:11,3287,Kopili,7.2,23.77,86.8,17.47,1583.0,500.0,10.58,602.1,normal
W-ACT,2026-09-10 17:00:11,3288,Kopili,7.51,24.81,96.5,15.74,1544.0,499.0,10.6,602.5,normal
W-ACT,2026-09-10 17:10:01,3289,Kopili,6.1,22.16,94.6,17.31,1552.0,497.0,10.56,602.7,normal
W-ACT,2026-09-10 17:18:30,3290,Kopili,7.07,21.98,88.9,15.75,1571.0,509.0,10.56,602.5,normal
W-ACT,2026-09-10 17:27:32,3291,Kopili,6.64,22.11,95.6,17.68,1607.0,502.0,10.54,602.3,normal
W-ACT,2026-09-10 17:36:37,3292,Kopili,6.61,22.93,86.2,16.98,1548.0,506.0,10.59,602.0,normal
W-ACT,2026-09-10 17:44:40,3293,Kopili,7.46,26.52,89.9,16.18,1534.0,502.0,10.61,601.4,normal
W-ACT,2026-09-10 17:53:21,3294,Kopili,6.91,24.54,88.3,16.91,1561.0,503.0,10.57,601.1,normal
W-ACT,2026-09-10 18:01:26,3295,Kopili,7.42,25.17,90.1,17.56,1505.0,492.0,10.6,601.1,normal
W-ACT,2026-09-10 18:10:21,3296,Kopili,6.72,22.83,84.3,16.78,1538.0,492.0,10.61,601.4,normal
W-ACT,2026-09-10 18:20:27,3297,Kopili,5.95,24.71,91.3,16.16,1528.0,496.0,10.59,601.1,normal
W-ACT,2026-09-10 18:28:32,3298,Kopili,7.41,25.46,84.8,17.31,1560.0,509.0,10.59,600.8,normal
W-ACT,2026-09-10 18:36:30,3299,Kopili,7.54,23.45,90.3,16.75,1532.0,499.0,10.58,600.9,normal
W-ACT,2026-09-10 18:44:18,3300,Kopili,7.69,23.35,93.2,14.73,1594.0,505.0,10.6,600.5,normal
W-ACT,2026-09-10 18:52:46,3301,Kopili,7.08,22.41,88.5,15.62,1559.0,504.0,10.64,599.6,normal
W-ACT,2026-09-10 19:03:35,3302,Kopili,5.55,22.94,86.9,16.27,1590.0,495.0,10.61,599.5,normal
W-ACT,2026-09-10 19:13:21,3303,Kopili,6.14,23.46,90.3,15.03,1561.0,492.0,10.64,599.1,normal
W-ACT,2026-09-10 19:21:35,3304,Kopili,7.29,23.65,88.5,16.39,1516.0,496.0,10.59,599.1,normal
W-ACT,2026-09-10 19:29:20,3305,Kopili,7.75,24.17,90.0,14.79,1539.0,507.0,10.58,599.0,normal
W-ACT,2026-09-10 19:38:35,3306,Kopili,6.48,23.84,88.9,16.31,1528.0,493.0,10.59,599.2,normal
W-ACT,2026-09-10 19:47:07,3307,Kopili,7.03,23.71,88.1,16.96,1543.0,499.0,10.58,599.6,normal
W-ACT,2026-09-10 19:54:45,3308,Kopili,7.86,23.86,87.3,16.51,1542.0,497.0,10.62,600.1,normal
W-ACT,2026-09-10 20:03:28,3309,Kopili,6.89,23.29,87.4,16.26,1546.0,494.0,10.61,600.7,normal
W-ACT,2026-09-10 20:10:57,3310,Kopili,8.02,25.11,86.5,18.34,1561.0,499.0,10.61,600.7,normal
W-ACT,2026-09-10 20:21:20,3311,Kopili,5.78,24.18,93.1,15.98,1507.0,494.0,10.63,601.0,normal
W-ACT,2026-09-10 20:29:03,3312,Kopili,7.77,24.35,96.5,15.21,1512.0,497.0,10.59,600.3,normal
W-ACT,2026-09-10 20:39:37,3313,Kopili,5.68,26.03,90.9,22.69,1638.0,495.0,10.61,599.9,wellbore_instability
W-ACT,2026-09-10 20:51:54,3314,Kopili,4.88,21.65,94.9,25.21,1601.0,509.0,10.57,600.3,wellbore_instability
W-ACT,2026-09-10 21:03:43,3315,Kopili,5.08,21.19,87.6,24.21,1617.0,500.0,10.61,600.9,wellbore_instability
W-ACT,2026-09-10 21:16:24,3316,Kopili,4.73,22.49,86.4,22.25,1582.0,492.0,10.62,600.6,wellbore_instability
W-ACT,2026-09-10 21:30:35,3317,Kopili,4.23,24.09,88.7,24.13,1592.0,504.0,10.58,601.0,wellbore_instability
W-ACT,2026-09-10 21:42:35,3318,Kopili,5.0,25.39,91.5,22.88,1573.0,506.0,10.58,601.0,wellbore_instability
W-ACT,2026-09-10 21:53:49,3319,Kopili,5.34,24.05,89.1,22.73,1625.0,504.0,10.62,601.0,wellbore_instability
W-ACT,2026-09-10 22:05:55,3320,Kopili,4.96,24.26,87.6,20.51,1616.0,500.0,10.62,600.8,wellbore_instability
W-ACT,2026-09-10 22:18:30,3321,Kopili,4.77,23.21,89.4,21.6,1609.0,498.0,10.61,600.8,wellbore_instability
W-ACT,2026-09-10 22:31:53,3322,Kopili,4.48,24.96,88.2,24.09,1573.0,496.0,10.59,601.1,wellbore_instability
W-ACT,2026-09-10 22:45:28,3323,Kopili,4.42,23.96,90.3,21.25,1551.0,497.0,10.57,602.0,wellbore_instability
W-ACT,2026-09-10 22:54:42,3324,Kopili,6.5,24.35,94.0,17.21,1541.0,502.0,10.64,601.7,normal
W-ACT,2026-09-10 23:03:14,3325,Kopili,7.03,23.33,92.7,16.79,1540.0,504.0,10.6,602.0,normal
W-ACT,2026-09-10 23:11:39,3326,Kopili,7.13,23.38,83.8,15.85,1536.0,498.0,10.59,601.8,normal
W-ACT,2026-09-10 23:20:30,3327,Kopili,6.78,23.56,87.2,15.87,1571.0,504.0,10.61,601.2,normal
W-ACT,2026-09-10 23:28:32,3328,Kopili,7.47,24.23,85.9,16.15,1477.0,507.0,10.59,601.2,normal
W-ACT,2026-09-10 23:37:58,3329,Kopili,6.36,21.35,86.8,14.87,1562.0,505.0,10.59,601.6,normal
W-ACT,2026-09-10 23:46:27,3330,Kopili,7.07,25.79,90.9,17.59,1569.0,493.0,10.58,601.8,normal
W-ACT,2026-09-10 23:55:03,3331,Kopili,6.98,22.62,86.9,18.33,1573.0,492.0,10.59,601.5,normal
W-ACT,2026-09-11 00:05:20,3332,Kopili,5.83,23.84,89.8,16.56,1550.0,501.0,10.59,601.3,normal
W-ACT,2026-09-11 00:13:01,3333,Kopili,7.82,24.51,92.8,16.24,1563.0,500.0,10.63,601.5,normal
W-ACT,2026-09-11 00:20:40,3334,Kopili,7.84,23.97,90.0,16.26,1495.0,502.0,10.61,601.4,normal
W-ACT,2026-09-11 00:29:34,3335,Kopili,6.74,25.27,88.2,16.58,1505.0,498.0,10.63,601.5,normal
W-ACT,2026-09-11 00:38:14,3336,Kopili,6.92,22.89,86.7,17.51,1562.0,501.0,10.63,601.0,normal
W-ACT,2026-09-11 00:46:19,3337,Kopili,7.43,23.87,91.1,15.8,1583.0,500.0,10.6,601.1,normal
W-ACT,2026-09-11 00:55:09,3338,Kopili,6.79,22.03,91.8,15.17,1606.0,502.0,10.58,601.0,normal
W-ACT,2026-09-11 01:03:48,3339,Kopili,6.93,26.17,87.9,17.26,1525.0,497.0,10.61,601.5,normal
W-ACT,2026-09-11 01:13:01,3340,Kopili,6.51,24.22,89.1,16.98,1624.0,495.0,10.6,601.7,normal
W-ACT,2026-09-11 01:21:48,3341,Kopili,6.83,25.78,89.2,15.34,1533.0,496.0,10.6,601.1,normal
W-ACT,2026-09-11 01:30:39,3342,Kopili,6.78,23.62,87.6,16.58,1556.0,498.0,10.6,601.1,normal
W-ACT,2026-09-11 01:40:38,3343,Kopili,6.01,23.38,90.2,14.57,1559.0,503.0,10.59,601.7,normal
W-ACT,2026-09-11 01:49:18,3344,Kopili,6.93,23.09,89.7,17.03,1569.0,502.0,10.59,601.5,normal
W-ACT,2026-09-11 01:59:10,3345,Kopili,6.08,24.78,82.8,16.57,1544.0,503.0,10.6,601.0,normal
W-ACT,2026-09-11 02:07:07,3346,Kopili,7.54,23.6,86.6,17.42,1587.0,502.0,10.65,601.0,normal
W-ACT,2026-09-11 02:15:51,3347,Kopili,6.87,23.55,92.0,16.36,1542.0,481.0,10.6,601.2,normal
W-ACT,2026-09-11 02:23:44,3348,Kopili,7.61,21.99,91.0,17.44,1600.0,507.0,10.6,601.3,normal
W-ACT,2026-09-11 02:31:58,3349,Kopili,7.29,23.56,91.9,15.99,1545.0,496.0,10.57,601.5,normal
W-ACT,2026-09-11 02:40:33,3350,Kopili,7.0,23.75,91.1,16.7,1581.0,509.0,10.6,601.3,normal
W-ACT,2026-09-11 02:50:03,3351,Kopili,6.31,23.35,89.9,17.63,1621.0,501.0,10.64,601.5,normal
W-ACT,2026-09-11 02:58:27,3352,Kopili,7.15,26.01,92.6,17.01,1566.0,498.0,10.61,600.9,normal
W-ACT,2026-09-11 03:06:15,3353,Kopili,7.69,23.18,90.3,16.89,1534.0,504.0,10.59,600.9,normal
W-ACT,2026-09-11 03:15:00,3354,Kopili,6.85,25.87,90.7,16.05,1521.0,502.0,10.6,600.8,normal
W-ACT,2026-09-11 03:22:37,3355,Kopili,7.88,25.15,91.3,17.04,1523.0,500.0,10.59,600.5,normal
W-ACT,2026-09-11 03:31:03,3356,Kopili,7.11,22.72,89.9,16.61,1613.0,500.0,10.55,600.5,normal
W-ACT,2026-09-11 03:40:11,3357,Kopili,6.58,21.29,86.8,17.18,1522.0,506.0,10.58,600.3,normal
W-ACT,2026-09-11 03:49:39,3358,Kopili,6.33,24.37,94.2,15.66,1551.0,495.0,10.63,600.7,normal
W-ACT,2026-09-11 03:58:29,3359,Kopili,6.8,23.63,89.7,16.0,1544.0,498.0,10.59,600.6,normal
W-ACT,2026-09-11 04:06:54,3360,Kopili,7.13,24.44,93.8,17.0,1582.0,502.0,10.58,600.6,normal
W-ACT,2026-09-11 04:16:21,3361,Kopili,6.35,26.3,86.6,14.78,1569.0,510.0,10.61,599.9,normal
W-ACT,2026-09-11 04:24:43,3362,Kopili,7.16,23.65,90.9,15.4,1543.0,501.0,10.63,599.7,normal
W-ACT,2026-09-11 04:32:45,3363,Kopili,7.47,22.63,87.7,16.94,1525.0,504.0,10.6,599.5,normal
W-ACT,2026-09-11 04:41:26,3364,Kopili,6.91,25.05,91.3,16.3,1539.0,504.0,10.61,599.7,normal
W-ACT,2026-09-11 04:50:39,3365,Kopili,6.51,23.82,85.8,17.28,1634.0,496.0,10.6,599.5,normal
W-ACT,2026-09-11 04:58:45,3366,Kopili,7.41,25.29,87.2,16.55,1490.0,505.0,10.58,599.2,normal
W-ACT,2026-09-11 05:08:03,3367,Kopili,6.45,22.81,88.8,16.32,1507.0,502.0,10.61,599.2,normal
W-ACT,2026-09-11 05:15:48,3368,Kopili,7.75,23.22,89.8,16.19,1547.0,497.0,10.6,599.0,normal
W-ACT,2026-09-11 05:25:19,3369,Kopili,6.3,24.33,85.8,17.61,1537.0,500.0,10.57,599.2,normal
W-ACT,2026-09-11 05:34:59,3370,Kopili,6.21,25.37,85.7,15.59,1550.0,491.0,10.61,598.9,normal
W-ACT,2026-09-11 05:43:11,3371,Kopili,7.32,21.61,92.0,16.01,1545.0,491.0,10.6,599.1,normal
W-ACT,2026-09-11 05:53:04,3372,Kopili,6.07,23.18,89.9,14.69,1588.0,495.0,10.63,598.6,normal
W-ACT,2026-09-11 06:01:22,3373,Kopili,7.22,24.79,88.2,16.8,1597.0,501.0,10.6,599.5,normal
W-ACT,2026-09-11 06:11:02,3374,Kopili,6.21,23.95,84.1,16.72,1658.0,502.0,10.6,599.3,normal
W-ACT,2026-09-11 06:18:28,3375,Kopili,8.07,24.25,89.2,16.89,1559.0,505.0,10.58,599.3,normal
W-ACT,2026-09-11 06:28:04,3376,Kopili,6.25,22.48,89.5,16.68,1571.0,503.0,10.6,599.6,normal
W-ACT,2026-09-11 06:36:09,3377,Kopili,7.42,23.18,92.5,15.2,1583.0,506.0,10.6,599.4,normal
W-ACT,2026-09-11 06:44:13,3378,Kopili,7.44,24.58,90.2,16.26,1622.0,500.0,10.55,599.8,normal
W-ACT,2026-09-11 06:52:16,3379,Kopili,7.46,24.86,85.2,16.48,1608.0,498.0,10.59,600.1,normal
W-ACT,2026-09-11 07:00:55,3380,Kopili,6.93,24.5,84.2,15.99,1567.0,502.0,10.59,599.6,normal
W-ACT,2026-09-11 07:09:57,3381,Kopili,6.65,24.12,94.1,15.46,1595.0,498.0,10.63,598.9,normal
W-ACT,2026-09-11 07:19:21,3382,Kopili,6.38,23.19,88.5,15.4,1587.0,505.0,10.59,598.8,normal
