timestamp,well_id,depth,formation,ROP,WOB,RPM,torque,torque_unit,SPP,flow_rate,mud_weight,ECD,gas,gas_unit,pit_volume,data_origin
2026-09-01 06:02:18,ACTIVE-01,1,Alluvium,26.01,9.81,115.1,5.07,kft-lbs,1950.0,906.0,9.01,9.0,0.037,% total gas,599.4,SYNTHETIC
2026-09-01 06:04:24,ACTIVE-01,2,Alluvium,28.5,10.09,115.6,5.1,kft-lbs,1888.0,878.0,9.01,9.0,0.064,% total gas,599.7,SYNTHETIC
2026-09-01 06:06:27,ACTIVE-01,3,Alluvium,29.25,10.55,123.8,5.09,kft-lbs,1979.0,904.0,9.0,9.0,0.04,% total gas,600.2,SYNTHETIC
2026-09-01 06:08:31,ACTIVE-01,4,Alluvium,29.1,9.82,122.9,5.06,kft-lbs,1986.0,911.0,9.05,9.03,0.049,% total gas,600.4,SYNTHETIC
2026-09-01 06:11:12,ACTIVE-01,5,Alluvium,22.38,9.64,117.8,5.17,kft-lbs,1972.0,891.0,9.01,9.03,0.038,% total gas,600.0,SYNTHETIC
2026-09-01 06:13:22,ACTIVE-01,6,Alluvium,27.71,10.98,117.0,4.46,kft-lbs,1899.0,902.0,9.04,9.05,0.048,% total gas,600.1,SYNTHETIC
2026-09-01 06:15:14,ACTIVE-01,7,Alluvium,32.11,9.24,125.1,4.88,kft-lbs,1945.0,903.0,9.0,9.0,0.074,% total gas,600.2,SYNTHETIC
2026-09-01 06:17:29,ACTIVE-01,8,Alluvium,26.67,10.02,124.4,4.98,kft-lbs,1885.0,903.0,9.03,9.04,0.05,% total gas,600.5,SYNTHETIC
2026-09-01 06:19:42,ACTIVE-01,9,Alluvium,27.04,9.18,119.0,4.64,kft-lbs,1954.0,912.0,9.01,9.01,0.047,% total gas,600.7,SYNTHETIC
2026-09-01 06:21:42,ACTIVE-01,10,Alluvium,30.02,10.37,115.8,5.53,kft-lbs,1926.0,903.0,9.0,9.01,0.037,% total gas,599.8,SYNTHETIC
2026-09-01 06:23:53,ACTIVE-01,11,Alluvium,27.4,10.15,120.4,4.86,kft-lbs,1972.0,902.0,9.02,9.01,0.042,% total gas,600.0,SYNTHETIC
2026-09-01 06:25:51,ACTIVE-01,12,Alluvium,30.56,9.4,116.6,5.11,kft-lbs,1969.0,902.0,9.0,8.99,0.039,% total gas,600.2,SYNTHETIC
2026-09-01 06:27:53,ACTIVE-01,13,Alluvium,29.58,11.03,121.7,5.19,kft-lbs,1944.0,888.0,8.99,9.0,0.049,% total gas,599.9,SYNTHETIC
2026-09-01 06:30:00,ACTIVE-01,14,Alluvium,28.41,9.72,120.5,4.83,kft-lbs,1982.0,897.0,8.99,8.98,0.071,% total gas,600.1,SYNTHETIC
2026-09-01 06:32:07,ACTIVE-01,15,Alluvium,28.29,10.15,119.8,4.91,kft-lbs,2005.0,889.0,9.03,9.04,0.049,% total gas,599.7,SYNTHETIC
2026-09-01 06:34:37,ACTIVE-01,16,Alluvium,23.91,10.29,124.7,5.13,kft-lbs,1979.0,911.0,9.02,9.02,0.059,% total gas,599.9,SYNTHETIC
2026-09-01 06:36:46,ACTIVE-01,17,Alluvium,28.04,9.98,121.4,5.37,kft-lbs,1894.0,900.0,9.03,9.04,0.033,% total gas,599.4,SYNTHETIC
2026-09-01 06:38:54,ACTIVE-01,18,Alluvium,28.13,9.96,117.9,4.8,kft-lbs,1972.0,919.0,8.99,8.99,0.049,% total gas,599.9,SYNTHETIC
2026-09-01 06:41:08,ACTIVE-01,19,Alluvium,26.9,9.99,118.8,5.05,kft-lbs,1874.0,876.0,9.01,8.99,0.048,% total gas,600.2,SYNTHETIC
2026-09-01 06:43:07,ACTIVE-01,20,Alluvium,30.12,10.11,121.8,4.6,kft-lbs,1940.0,918.0,9.03,9.02,0.044,% total gas,599.8,SYNTHETIC
2026-09-01 06:45:22,ACTIVE-01,21,Alluvium,26.59,9.65,120.1,5.1,kft-lbs,1999.0,890.0,9.0,9.0,0.058,% total gas,599.7,SYNTHETIC
2026-09-01 06:47:21,ACTIVE-01,22,Alluvium,30.29,9.04,119.9,4.72,kft-lbs,1966.0,904.0,9.02,9.02,0.052,% total gas,599.5,SYNTHETIC
2026-09-01 06:49:21,ACTIVE-01,23,Alluvium,30.18,9.9,121.8,5.03,kft-lbs,1937.0,908.0,9.0,9.0,0.04,% total gas,599.3,SYNTHETIC
2026-09-01 06:51:32,ACTIVE-01,24,Alluvium,27.31,9.99,119.2,4.99,kft-lbs,1941.0,904.0,9.04,9.04,0.078,% total gas,599.0,SYNTHETIC
2026-09-01 06:54:10,ACTIVE-01,25,Alluvium,22.84,9.61,117.4,4.9,kft-lbs,1970.0,889.0,8.98,8.98,0.032,% total gas,599.5,SYNTHETIC
2026-09-01 06:56:06,ACTIVE-01,26,Alluvium,31.18,9.85,117.6,5.17,kft-lbs,2032.0,911.0,9.02,9.0,0.081,% total gas,599.9,SYNTHETIC
2026-09-01 06:58:10,ACTIVE-01,27,Alluvium,28.84,10.17,119.0,4.96,kft-lbs,2003.0,899.0,9.0,9.0,0.043,% total gas,599.4,SYNTHETIC
2026-09-01 07:00:30,ACTIVE-01,28,Alluvium,25.7,9.2,118.8,5.22,kft-lbs,1970.0,894.0,8.98,8.98,0.059,% total gas,598.8,SYNTHETIC
2026-09-01 07:02:31,ACTIVE-01,29,Alluvium,29.91,9.42,119.4,4.86,kft-lbs,1984.0,901.0,9.05,9.06,0.036,% total gas,598.6,SYNTHETIC
2026-09-01 07:04:50,ACTIVE-01,30,Alluvium,25.81,9.4,123.5,5.07,kft-lbs,1951.0,891.0,9.0,9.01,0.037,% total gas,599.1,SYNTHETIC
2026-09-01 07:07:07,ACTIVE-01,31,Alluvium,26.31,10.65,117.9,5.5,kft-lbs,1997.0,890.0,9.03,9.04,0.047,% total gas,599.6,SYNTHETIC
2026-09-01 07:09:17,ACTIVE-01,32,Alluvium,27.7,9.41,115.9,4.42,kft-lbs,2030.0,893.0,9.01,9.0,0.034,% total gas,599.8,SYNTHETIC
2026-09-01 07:11:17,ACTIVE-01,33,Alluvium,30.06,10.33,122.6,5.44,kft-lbs,1973.0,905.0,8.99,8.98,0.06,% total gas,600.2,SYNTHETIC
2026-09-01 07:13:40,ACTIVE-01,34,Alluvium,25.07,10.64,112.9,5.46,kft-lbs,2051.0,874.0,9.02,9.03,0.046,% total gas,600.3,SYNTHETIC
2026-09-01 07:15:39,ACTIVE-01,35,Alluvium,30.25,9.83,112.6,5.1,kft-lbs,2037.0,908.0,9.0,9.0,0.049,% total gas,600.6,SYNTHETIC
2026-09-01 07:17:34,ACTIVE-01,36,Alluvium,31.32,9.96,121.6,5.04,kft-lbs,1996.0,898.0,8.99,8.99,0.039,% total gas,600.4,SYNTHETIC
2026-09-01 07:19:45,ACTIVE-01,37,Alluvium,27.55,10.57,123.2,4.69,kft-lbs,1927.0,893.0,8.96,8.97,0.05,% total gas,600.4,SYNTHETIC
2026-09-01 07:22:04,ACTIVE-01,38,Alluvium,25.93,10.01,118.3,5.18,kft-lbs,2006.0,901.0,8.99,8.99,0.083,% total gas,600.5,SYNTHETIC
2026-09-01 07:24:17,ACTIVE-01,39,Alluvium,26.98,9.84,118.4,4.93,kft-lbs,2029.0,905.0,8.99,9.0,0.043,% total gas,600.7,SYNTHETIC
2026-09-01 07:26:39,ACTIVE-01,40,Alluvium,25.36,10.25,119.1,5.17,kft-lbs,1964.0,892.0,8.97,8.97,0.046,% total gas,600.6,SYNTHETIC
2026-09-01 07:28:51,ACTIVE-01,41,Alluvium,27.37,10.57,121.8,4.42,kft-lbs,1945.0,904.0,9.0,9.01,0.084,% total gas,599.7,SYNTHETIC
2026-09-01 07:31:05,ACTIVE-01,42,Alluvium,26.89,10.28,119.2,4.9,kft-lbs,2014.0,902.0,8.99,8.99,0.038,% total gas,600.4,SYNTHETIC
2026-09-01 07:32:58,ACTIVE-01,43,Alluvium,31.82,10.89,122.8,5.28,kft-lbs,1917.0,892.0,9.0,9.01,0.035,% total gas,600.1,SYNTHETIC
2026-09-01 07:35:24,ACTIVE-01,44,Alluvium,24.6,9.91,118.3,4.74,kft-lbs,1951.0,913.0,9.01,9.02,0.049,% total gas,600.1,SYNTHETIC
2026-09-01 07:37:43,ACTIVE-01,45,Alluvium,25.98,10.52,124.5,5.27,kft-lbs,2048.0,907.0,9.01,9.03,0.076,% total gas,600.7,SYNTHETIC
2026-09-01 07:39:49,ACTIVE-01,46,Alluvium,28.45,9.68,116.5,5.13,kft-lbs,1920.0,884.0,9.0,8.98,0.061,% total gas,600.5,SYNTHETIC
2026-09-01 07:41:55,ACTIVE-01,47,Alluvium,28.57,10.05,116.3,4.78,kft-lbs,1964.0,911.0,9.0,9.0,0.066,% total gas,600.9,SYNTHETIC
2026-09-01 07:44:01,ACTIVE-01,48,Alluvium,28.68,10.01,119.0,4.68,kft-lbs,2013.0,887.0,9.01,9.01,0.049,% total gas,600.9,SYNTHETIC
2026-09-01 07:46:07,ACTIVE-01,49,Alluvium,28.41,9.57,111.7,5.15,kft-lbs,1970.0,897.0,9.02,9.02,0.043,% total gas,600.4,SYNTHETIC
2026-09-01 07:48:01,ACTIVE-01,50,Alluvium,31.72,9.49,123.9,5.06,kft-lbs,1974.0,892.0,8.99,8.98,0.041,% total gas,600.9,SYNTHETIC
2026-09-01 07:50:12,ACTIVE-01,51,Alluvium,27.55,10.3,119.0,5.16,kft-lbs,1923.0,882.0,9.0,9.01,0.043,% total gas,600.7,SYNTHETIC
2026-09-01 07:52:31,ACTIVE-01,52,Alluvium,25.88,9.97,119.7,5.63,kft-lbs,2047.0,891.0,9.02,9.01,0.072,% total gas,601.2,SYNTHETIC
2026-09-01 07:54:48,ACTIVE-01,53,Alluvium,26.16,9.42,127.4,5.44,kft-lbs,2018.0,899.0,9.01,9.02,0.048,% total gas,600.8,SYNTHETIC
2026-09-01 07:56:51,ACTIVE-01,54,Alluvium,29.37,10.8,125.4,5.12,kft-lbs,1985.0,904.0,9.03,9.02,0.047,% total gas,601.2,SYNTHETIC
2026-09-01 07:59:01,ACTIVE-01,55,Alluvium,27.59,10.11,119.3,5.02,kft-lbs,1925.0,892.0,9.01,9.02,0.033,% total gas,601.7,SYNTHETIC
2026-09-01 08:01:04,ACTIVE-01,56,Alluvium,29.3,10.27,118.7,5.48,kft-lbs,1910.0,890.0,8.95,8.95,0.062,% total gas,601.4,SYNTHETIC
2026-09-01 08:03:22,ACTIVE-01,57,Alluvium,26.22,9.69,122.7,5.51,kft-lbs,1938.0,883.0,9.01,9.02,0.047,% total gas,601.2,SYNTHETIC
2026-09-01 08:05:44,ACTIVE-01,58,Alluvium,25.21,10.26,120.8,5.06,kft-lbs,2004.0,885.0,8.97,8.98,0.066,% total gas,600.8,SYNTHETIC
2026-09-01 08:07:34,ACTIVE-01,59,Alluvium,32.87,9.86,118.7,4.97,kft-lbs,1970.0,911.0,9.0,9.0,0.041,% total gas,600.3,SYNTHETIC
2026-09-01 08:10:11,ACTIVE-01,60,Alluvium,22.89,10.52,117.2,5.43,kft-lbs,1925.0,889.0,9.02,9.04,0.057,% total gas,600.0,SYNTHETIC
2026-09-01 08:11:58,ACTIVE-01,61,Alluvium,33.74,10.64,114.7,5.18,kft-lbs,1977.0,908.0,9.01,9.02,0.041,% total gas,599.6,SYNTHETIC
2026-09-01 08:13:56,ACTIVE-01,62,Alluvium,30.45,10.16,119.6,5.0,kft-lbs,1968.0,891.0,9.02,9.03,0.06,% total gas,599.5,SYNTHETIC
2026-09-01 08:16:09,ACTIVE-01,63,Alluvium,27.03,9.9,115.3,4.99,kft-lbs,1936.0,914.0,9.04,9.04,0.041,% total gas,599.8,SYNTHETIC
2026-09-01 08:18:01,ACTIVE-01,64,Alluvium,32.31,10.07,116.0,5.24,kft-lbs,2008.0,891.0,9.01,9.03,0.038,% total gas,600.1,SYNTHETIC
2026-09-01 08:20:03,ACTIVE-01,65,Alluvium,29.51,10.19,118.1,4.9,kft-lbs,1970.0,905.0,9.02,9.01,0.059,% total gas,600.1,SYNTHETIC
2026-09-01 08:22:18,ACTIVE-01,66,Alluvium,26.67,10.61,116.8,5.14,kft-lbs,2004.0,911.0,9.0,9.01,0.049,% total gas,599.5,SYNTHETIC
2026-09-01 08:24:19,ACTIVE-01,67,Alluvium,29.8,10.03,125.1,5.19,kft-lbs,2036.0,901.0,8.98,8.98,0.05,% total gas,599.8,SYNTHETIC
2026-09-01 08:26:40,ACTIVE-01,68,Alluvium,25.52,9.53,121.0,5.66,kft-lbs,2010.0,894.0,8.97,8.97,0.038,% total gas,600.0,SYNTHETIC
2026-09-01 08:28:46,ACTIVE-01,69,Alluvium,28.46,9.85,120.2,4.73,kft-lbs,2021.0,900.0,8.99,8.99,0.055,% total gas,600.3,SYNTHETIC
2026-09-01 08:30:32,ACTIVE-01,70,Alluvium,34.0,10.83,114.4,5.34,kft-lbs,2070.0,894.0,9.0,9.02,0.046,% total gas,599.9,SYNTHETIC
2026-09-01 08:32:30,ACTIVE-01,71,Alluvium,30.45,9.71,123.1,5.27,kft-lbs,1977.0,905.0,9.02,9.04,0.064,% total gas,599.8,SYNTHETIC
2026-09-01 08:34:33,ACTIVE-01,72,Alluvium,29.4,10.09,120.1,5.31,kft-lbs,2046.0,906.0,8.99,8.98,0.05,% total gas,599.5,SYNTHETIC
2026-09-01 08:36:40,ACTIVE-01,73,Alluvium,28.32,10.02,120.1,4.99,kft-lbs,2000.0,891.0,9.01,9.05,0.045,% total gas,599.6,SYNTHETIC
2026-09-01 08:39:06,ACTIVE-01,74,Alluvium,24.54,9.8,121.1,4.75,kft-lbs,1972.0,905.0,9.0,9.01,0.043,% total gas,599.5,SYNTHETIC
2026-09-01 08:41:20,ACTIVE-01,75,Alluvium,26.95,10.56,128.9,5.08,kft-lbs,2101.0,902.0,9.01,9.03,0.039,% total gas,600.0,SYNTHETIC
2026-09-01 08:43:39,ACTIVE-01,76,Alluvium,25.93,9.57,120.0,5.26,kft-lbs,1988.0,901.0,9.0,9.04,0.039,% total gas,600.1,SYNTHETIC
2026-09-01 08:45:48,ACTIVE-01,77,Alluvium,27.79,9.88,119.7,5.37,kft-lbs,1987.0,893.0,9.02,9.02,0.052,% total gas,600.6,SYNTHETIC
2026-09-01 08:47:58,ACTIVE-01,78,Alluvium,27.74,9.39,122.5,4.6,kft-lbs,1898.0,909.0,9.0,9.01,0.085,% total gas,600.4,SYNTHETIC
2026-09-01 08:50:24,ACTIVE-01,79,Alluvium,24.61,9.98,120.1,4.59,kft-lbs,2050.0,898.0,8.99,9.0,0.045,% total gas,599.9,SYNTHETIC
2026-09-01 08:52:32,ACTIVE-01,80,Alluvium,28.25,9.46,115.0,5.2,kft-lbs,1921.0,892.0,9.01,9.01,0.049,% total gas,599.3,SYNTHETIC
2026-09-01 08:54:24,ACTIVE-01,81,Alluvium,32.06,9.34,122.5,4.93,kft-lbs,1984.0,912.0,8.98,8.98,0.052,% total gas,599.6,SYNTHETIC
2026-09-01 08:56:38,ACTIVE-01,82,Alluvium,26.94,9.86,112.4,5.3,kft-lbs,2010.0,907.0,9.01,9.01,0.055,% total gas,599.6,SYNTHETIC
2026-09-01 08:58:50,ACTIVE-01,83,Alluvium,27.27,9.89,120.3,5.37,kft-lbs,1970.0,905.0,9.02,9.03,0.054,% total gas,599.2,SYNTHETIC
2026-09-01 09:00:53,ACTIVE-01,84,Alluvium,29.24,9.88,113.8,4.84,kft-lbs,2020.0,900.0,9.0,9.01,0.027,% total gas,600.0,SYNTHETIC
2026-09-01 09:02:57,ACTIVE-01,85,Alluvium,29.01,9.81,129.1,5.1,kft-lbs,1951.0,896.0,8.95,8.95,0.068,% total gas,599.9,SYNTHETIC
2026-09-01 09:05:12,ACTIVE-01,86,Alluvium,26.65,9.2,126.0,5.25,kft-lbs,1948.0,904.0,8.99,8.99,0.058,% total gas,600.3,SYNTHETIC
2026-09-01 09:07:33,ACTIVE-01,87,Alluvium,25.49,10.41,123.6,4.83,kft-lbs,1961.0,897.0,8.98,8.97,0.039,% total gas,600.3,SYNTHETIC
2026-09-01 09:09:48,ACTIVE-01,88,Alluvium,26.72,10.68,116.4,5.0,kft-lbs,2028.0,898.0,9.0,9.01,0.053,% total gas,600.4,SYNTHETIC
2026-09-01 09:11:55,ACTIVE-01,89,Alluvium,28.46,9.17,121.2,5.04,kft-lbs,1983.0,879.0,8.99,9.0,0.066,% total gas,599.9,SYNTHETIC
2026-09-01 09:13:52,ACTIVE-01,90,Alluvium,30.74,10.23,124.2,4.92,kft-lbs,2000.0,897.0,9.01,9.01,0.057,% total gas,599.3,SYNTHETIC
2026-09-01 09:15:53,ACTIVE-01,91,Alluvium,29.69,9.42,123.1,5.25,kft-lbs,2028.0,907.0,9.0,9.01,0.042,% total gas,599.1,SYNTHETIC
2026-09-01 09:18:02,ACTIVE-01,92,Alluvium,27.87,9.35,111.1,4.93,kft-lbs,2032.0,888.0,8.99,8.99,0.059,% total gas,599.2,SYNTHETIC
2026-09-01 09:20:06,ACTIVE-01,93,Alluvium,29.17,9.9,120.3,4.97,kft-lbs,2029.0,901.0,8.98,8.98,0.045,% total gas,599.6,SYNTHETIC
2026-09-01 09:22:12,ACTIVE-01,94,Alluvium,28.57,10.27,117.9,4.94,kft-lbs,1963.0,909.0,8.97,8.98,0.042,% total gas,599.6,SYNTHETIC
2026-09-01 09:24:37,ACTIVE-01,95,Alluvium,24.75,10.12,121.3,5.76,kft-lbs,2001.0,908.0,9.02,9.02,0.068,% total gas,600.1,SYNTHETIC
2026-09-01 09:26:51,ACTIVE-01,96,Alluvium,26.93,10.59,113.9,5.25,kft-lbs,2042.0,906.0,9.02,9.01,0.064,% total gas,600.0,SYNTHETIC
2026-09-01 09:29:18,ACTIVE-01,97,Alluvium,24.36,10.02,123.8,4.91,kft-lbs,2002.0,891.0,8.99,9.0,0.04,% total gas,600.0,SYNTHETIC
2026-09-01 09:31:16,ACTIVE-01,98,Alluvium,30.65,10.35,117.3,5.43,kft-lbs,2043.0,908.0,8.97,8.99,0.064,% total gas,599.6,SYNTHETIC
2026-09-01 09:33:17,ACTIVE-01,99,Alluvium,29.76,9.24,119.5,5.39,kft-lbs,1967.0,888.0,8.99,9.0,0.057,% total gas,598.8,SYNTHETIC
2026-09-01 09:35:25,ACTIVE-01,100,Alluvium,28.07,10.53,119.2,5.5,kft-lbs,2018.0,906.0,9.01,9.01,0.043,% total gas,598.7,SYNTHETIC
2026-09-01 09:37:52,ACTIVE-01,101,Alluvium,24.49,9.16,125.7,5.28,kft-lbs,2068.0,891.0,9.04,9.04,0.056,% total gas,598.6,SYNTHETIC
2026-09-01 09:39:55,ACTIVE-01,102,Alluvium,29.39,9.51,118.0,4.82,kft-lbs,1973.0,909.0,8.99,8.99,0.062,% total gas,598.7,SYNTHETIC
2026-09-01 09:42:14,ACTIVE-01,103,Alluvium,25.75,10.48,123.0,4.94,kft-lbs,2088.0,891.0,8.97,8.98,0.035,% total gas,598.8,SYNTHETIC
2026-09-01 09:44:12,ACTIVE-01,104,Alluvium,30.67,10.83,119.9,5.69,kft-lbs,1981.0,902.0,9.01,9.02,0.066,% total gas,598.5,SYNTHETIC
2026-09-01 09:46:41,ACTIVE-01,105,Alluvium,24.18,9.79,127.6,5.12,kft-lbs,2004.0,895.0,9.01,9.02,0.108,% total gas,599.0,SYNTHETIC
2026-09-01 09:48:37,ACTIVE-01,106,Alluvium,31.03,9.9,130.0,5.45,kft-lbs,2055.0,898.0,8.98,9.0,0.028,% total gas,599.0,SYNTHETIC
2026-09-01 09:50:58,ACTIVE-01,107,Alluvium,25.41,9.07,118.4,4.6,kft-lbs,1962.0,900.0,9.03,9.05,0.053,% total gas,599.3,SYNTHETIC
2026-09-01 09:53:05,ACTIVE-01,108,Alluvium,28.37,9.65,116.7,5.08,kft-lbs,2067.0,902.0,9.02,9.04,0.038,% total gas,599.4,SYNTHETIC
2026-09-01 09:55:11,ACTIVE-01,109,Alluvium,28.73,10.23,118.3,4.9,kft-lbs,2046.0,901.0,9.03,9.05,0.064,% total gas,599.7,SYNTHETIC
2026-09-01 09:57:33,ACTIVE-01,110,Alluvium,25.23,9.82,123.7,5.25,kft-lbs,2088.0,914.0,8.99,9.0,0.068,% total gas,599.0,SYNTHETIC
2026-09-01 09:59:29,ACTIVE-01,111,Alluvium,31.22,10.01,115.1,5.47,kft-lbs,2039.0,884.0,9.0,9.02,0.057,% total gas,599.3,SYNTHETIC
2026-09-01 10:01:31,ACTIVE-01,112,Alluvium,29.34,10.02,118.9,4.76,kft-lbs,1991.0,900.0,8.96,8.99,0.05,% total gas,599.3,SYNTHETIC
2026-09-01 10:03:28,ACTIVE-01,113,Alluvium,30.75,9.33,113.4,4.58,kft-lbs,2061.0,892.0,8.99,9.02,0.048,% total gas,599.1,SYNTHETIC
2026-09-01 10:05:36,ACTIVE-01,114,Alluvium,28.3,9.93,118.7,4.95,kft-lbs,2102.0,899.0,8.97,9.0,0.056,% total gas,598.9,SYNTHETIC
2026-09-01 10:08:07,ACTIVE-01,115,Alluvium,23.81,10.28,113.1,5.24,kft-lbs,1970.0,899.0,8.96,8.99,0.034,% total gas,599.1,SYNTHETIC
2026-09-01 10:09:59,ACTIVE-01,116,Alluvium,32.16,9.54,117.9,5.14,kft-lbs,2000.0,898.0,9.03,9.04,0.074,% total gas,599.3,SYNTHETIC
2026-09-01 10:12:30,ACTIVE-01,117,Alluvium,23.81,10.04,119.4,5.57,kft-lbs,2011.0,907.0,8.99,9.02,0.051,% total gas,599.4,SYNTHETIC
2026-09-01 10:14:37,ACTIVE-01,118,Alluvium,28.28,10.5,124.7,5.0,kft-lbs,2023.0,890.0,9.01,9.0,0.058,% total gas,599.7,SYNTHETIC
2026-09-01 10:16:59,ACTIVE-01,119,Alluvium,25.46,10.6,122.9,5.28,kft-lbs,2089.0,903.0,9.01,9.02,0.054,% total gas,599.0,SYNTHETIC
2026-09-01 10:19:22,ACTIVE-01,120,Alluvium,25.07,10.1,119.9,5.56,kft-lbs,1986.0,895.0,8.98,8.99,0.06,% total gas,598.4,SYNTHETIC
2026-09-01 10:21:43,ACTIVE-01,121,Alluvium,25.58,9.81,117.0,4.81,kft-lbs,2087.0,926.0,9.01,9.04,0.042,% total gas,599.0,SYNTHETIC
2026-09-01 10:23:45,ACTIVE-01,122,Alluvium,29.49,9.12,114.4,5.46,kft-lbs,2040.0,916.0,8.98,8.99,0.058,% total gas,599.3,SYNTHETIC
2026-09-01 10:25:49,ACTIVE-01,123,Alluvium,29.12,10.33,121.5,4.75,kft-lbs,1996.0,894.0,9.01,9.03,0.064,% total gas,599.0,SYNTHETIC
2026-09-01 10:28:14,ACTIVE-01,124,Alluvium,24.79,9.7,118.7,4.88,kft-lbs,2066.0,894.0,9.0,9.02,0.056,% total gas,599.0,SYNTHETIC
2026-09-01 10:30:13,ACTIVE-01,125,Alluvium,30.16,10.26,123.4,5.4,kft-lbs,2054.0,894.0,9.01,9.02,0.045,% total gas,599.6,SYNTHETIC
2026-09-01 10:32:44,ACTIVE-01,126,Alluvium,23.87,10.37,124.0,4.79,kft-lbs,2111.0,899.0,9.0,9.01,0.055,% total gas,599.6,SYNTHETIC
2026-09-01 10:34:55,ACTIVE-01,127,Alluvium,27.55,10.18,122.4,5.29,kft-lbs,2023.0,903.0,9.0,9.04,0.043,% total gas,600.6,SYNTHETIC
2026-09-01 10:36:52,ACTIVE-01,128,Alluvium,30.65,10.73,123.1,5.37,kft-lbs,2003.0,900.0,9.02,9.03,0.065,% total gas,600.9,SYNTHETIC
2026-09-01 10:38:51,ACTIVE-01,129,Alluvium,30.2,10.18,121.7,5.05,kft-lbs,2106.0,890.0,8.98,8.99,0.05,% total gas,600.5,SYNTHETIC
2026-09-01 10:40:55,ACTIVE-01,130,Alluvium,29.2,9.79,117.7,5.39,kft-lbs,2063.0,894.0,9.0,9.0,0.048,% total gas,600.3,SYNTHETIC
2026-09-01 10:43:06,ACTIVE-01,131,Alluvium,27.46,9.2,122.9,5.46,kft-lbs,1978.0,900.0,8.99,9.01,0.041,% total gas,600.4,SYNTHETIC
2026-09-01 10:44:45,ACTIVE-01,132,Alluvium,36.31,10.31,119.4,4.8,kft-lbs,2006.0,897.0,9.03,9.05,0.042,% total gas,600.1,SYNTHETIC
2026-09-01 10:46:58,ACTIVE-01,133,Alluvium,27.09,10.03,120.6,5.33,kft-lbs,2056.0,889.0,8.96,8.96,0.06,% total gas,600.3,SYNTHETIC
2026-09-01 10:49:08,ACTIVE-01,134,Alluvium,27.73,10.19,122.7,5.17,kft-lbs,1981.0,889.0,9.01,9.04,0.046,% total gas,600.2,SYNTHETIC
2026-09-01 10:51:17,ACTIVE-01,135,Alluvium,27.83,9.85,117.0,5.16,kft-lbs,2088.0,892.0,8.99,8.99,0.048,% total gas,600.3,SYNTHETIC
2026-09-01 10:53:20,ACTIVE-01,136,Alluvium,29.14,10.09,116.8,4.86,kft-lbs,2013.0,889.0,9.0,9.03,0.044,% total gas,600.2,SYNTHETIC
2026-09-01 10:55:50,ACTIVE-01,137,Alluvium,24.02,9.99,116.3,4.83,kft-lbs,2041.0,884.0,8.96,8.98,0.044,% total gas,599.7,SYNTHETIC
2026-09-01 10:58:09,ACTIVE-01,138,Alluvium,26.01,10.25,117.6,5.15,kft-lbs,1974.0,916.0,8.97,8.98,0.06,% total gas,600.1,SYNTHETIC
2026-09-01 11:00:15,ACTIVE-01,139,Alluvium,28.6,10.11,124.6,5.14,kft-lbs,1960.0,907.0,9.0,9.02,0.029,% total gas,600.2,SYNTHETIC
2026-09-01 11:02:18,ACTIVE-01,140,Alluvium,29.23,9.51,123.1,5.32,kft-lbs,2094.0,899.0,9.01,9.02,0.038,% total gas,601.0,SYNTHETIC
2026-09-01 11:04:23,ACTIVE-01,141,Alluvium,28.82,10.75,116.3,5.39,kft-lbs,2055.0,885.0,8.99,9.0,0.062,% total gas,600.4,SYNTHETIC
2026-09-01 11:06:52,ACTIVE-01,142,Alluvium,24.14,10.64,118.5,4.94,kft-lbs,2045.0,903.0,8.99,8.98,0.036,% total gas,599.8,SYNTHETIC
2026-09-01 11:08:58,ACTIVE-01,143,Alluvium,28.6,9.66,122.7,5.03,kft-lbs,1961.0,904.0,9.0,9.02,0.043,% total gas,600.1,SYNTHETIC
2026-09-01 11:11:17,ACTIVE-01,144,Alluvium,25.83,10.28,126.5,4.83,kft-lbs,2032.0,891.0,8.95,8.96,0.044,% total gas,600.0,SYNTHETIC
2026-09-01 11:13:36,ACTIVE-01,145,Alluvium,25.93,8.81,121.6,5.47,kft-lbs,2030.0,906.0,9.0,9.01,0.046,% total gas,599.6,SYNTHETIC
2026-09-01 11:15:37,ACTIVE-01,146,Alluvium,29.66,10.65,125.3,4.86,kft-lbs,2137.0,899.0,8.99,9.01,0.067,% total gas,599.4,SYNTHETIC
2026-09-01 11:18:11,ACTIVE-01,147,Alluvium,23.49,9.35,118.2,5.27,kft-lbs,2011.0,912.0,9.02,9.06,0.04,% total gas,599.3,SYNTHETIC
2026-09-01 11:20:25,ACTIVE-01,148,Alluvium,26.74,9.44,124.2,4.9,kft-lbs,2039.0,901.0,9.02,9.04,0.045,% total gas,598.8,SYNTHETIC
2026-09-01 11:22:42,ACTIVE-01,149,Alluvium,26.23,10.31,117.3,5.22,kft-lbs,2109.0,901.0,9.03,9.05,0.05,% total gas,598.7,SYNTHETIC
2026-09-01 11:25:12,ACTIVE-01,150,Alluvium,24.01,10.56,118.8,5.35,kft-lbs,2076.0,884.0,8.98,8.99,0.033,% total gas,599.2,SYNTHETIC
2026-09-01 11:27:26,ACTIVE-01,151,Alluvium,26.97,9.61,126.0,5.35,kft-lbs,2025.0,899.0,9.01,9.02,0.063,% total gas,598.8,SYNTHETIC
2026-09-01 11:29:33,ACTIVE-01,152,Alluvium,28.37,10.06,120.1,4.95,kft-lbs,2063.0,904.0,9.02,9.04,0.048,% total gas,598.8,SYNTHETIC
2026-09-01 11:31:25,ACTIVE-01,153,Alluvium,31.96,10.62,115.7,5.51,kft-lbs,2047.0,907.0,9.0,9.02,0.034,% total gas,599.4,SYNTHETIC
2026-09-01 11:33:46,ACTIVE-01,154,Alluvium,25.58,9.6,121.7,5.22,kft-lbs,2050.0,895.0,9.01,9.02,0.048,% total gas,599.2,SYNTHETIC
2026-09-01 11:35:48,ACTIVE-01,155,Alluvium,29.44,9.66,119.8,5.08,kft-lbs,2040.0,900.0,8.98,8.99,0.03,% total gas,599.0,SYNTHETIC
2026-09-01 11:38:01,ACTIVE-01,156,Alluvium,27.19,10.78,115.9,5.15,kft-lbs,2090.0,909.0,8.96,8.99,0.076,% total gas,599.9,SYNTHETIC
2026-09-01 11:40:16,ACTIVE-01,157,Alluvium,26.62,8.83,119.5,5.07,kft-lbs,2080.0,904.0,9.01,9.04,0.038,% total gas,600.5,SYNTHETIC
2026-09-01 11:42:35,ACTIVE-01,158,Alluvium,25.91,10.11,120.0,5.11,kft-lbs,2072.0,894.0,9.01,9.03,0.044,% total gas,600.3,SYNTHETIC
2026-09-01 11:44:45,ACTIVE-01,159,Alluvium,27.6,9.6,119.8,5.19,kft-lbs,2005.0,902.0,9.0,9.02,0.039,% total gas,600.1,SYNTHETIC
2026-09-01 11:46:47,ACTIVE-01,160,Alluvium,29.56,10.26,124.3,5.48,kft-lbs,2131.0,901.0,8.99,9.01,0.049,% total gas,599.7,SYNTHETIC
2026-09-01 11:48:58,ACTIVE-01,161,Alluvium,27.54,9.79,116.7,4.83,kft-lbs,2056.0,903.0,8.98,9.0,0.068,% total gas,600.0,SYNTHETIC
2026-09-01 11:51:14,ACTIVE-01,162,Alluvium,26.51,10.33,121.5,5.38,kft-lbs,2115.0,897.0,8.96,8.97,0.047,% total gas,600.1,SYNTHETIC
2026-09-01 11:53:26,ACTIVE-01,163,Alluvium,27.18,10.8,121.0,5.48,kft-lbs,2034.0,884.0,9.0,9.01,0.047,% total gas,600.1,SYNTHETIC
2026-09-01 11:55:33,ACTIVE-01,164,Alluvium,28.5,10.28,120.0,5.22,kft-lbs,1990.0,891.0,9.03,9.05,0.035,% total gas,600.0,SYNTHETIC
2026-09-01 11:57:55,ACTIVE-01,165,Alluvium,25.34,10.17,116.6,5.49,kft-lbs,2114.0,893.0,9.03,9.04,0.055,% total gas,599.4,SYNTHETIC
2026-09-01 12:00:09,ACTIVE-01,166,Alluvium,26.88,10.22,118.5,5.26,kft-lbs,2089.0,881.0,8.96,8.99,0.039,% total gas,599.9,SYNTHETIC
2026-09-01 12:02:22,ACTIVE-01,167,Alluvium,26.99,9.35,114.8,5.0,kft-lbs,2151.0,893.0,9.0,9.01,0.048,% total gas,600.3,SYNTHETIC
2026-09-01 12:04:23,ACTIVE-01,168,Alluvium,29.75,10.54,115.3,4.72,kft-lbs,2058.0,909.0,9.01,9.02,0.043,% total gas,599.6,SYNTHETIC
2026-09-01 12:06:38,ACTIVE-01,169,Alluvium,26.64,8.97,124.3,5.35,kft-lbs,2097.0,889.0,9.01,9.04,0.056,% total gas,599.1,SYNTHETIC
2026-09-01 12:08:59,ACTIVE-01,170,Alluvium,25.6,9.81,115.2,5.08,kft-lbs,2152.0,903.0,9.02,9.04,0.057,% total gas,599.8,SYNTHETIC
2026-09-01 12:11:22,ACTIVE-01,171,Alluvium,25.17,10.45,118.4,5.09,kft-lbs,2073.0,895.0,8.98,9.0,0.051,% total gas,600.3,SYNTHETIC
2026-09-01 12:13:21,ACTIVE-01,172,Alluvium,30.08,10.19,120.0,4.99,kft-lbs,2044.0,893.0,8.99,9.01,0.044,% total gas,600.6,SYNTHETIC
2026-09-01 12:15:59,ACTIVE-01,173,Alluvium,22.9,8.87,121.0,5.39,kft-lbs,2111.0,899.0,9.01,9.03,0.091,% total gas,601.5,SYNTHETIC
2026-09-01 12:18:09,ACTIVE-01,174,Alluvium,27.52,10.13,116.3,5.19,kft-lbs,2012.0,897.0,8.98,9.01,0.039,% total gas,601.2,SYNTHETIC
2026-09-01 12:20:24,ACTIVE-01,175,Alluvium,26.76,10.27,112.9,5.35,kft-lbs,2049.0,895.0,9.01,9.05,0.06,% total gas,601.3,SYNTHETIC
2026-09-01 12:22:25,ACTIVE-01,176,Alluvium,29.75,10.3,117.7,4.61,kft-lbs,2125.0,899.0,9.0,9.03,0.039,% total gas,601.6,SYNTHETIC
2026-09-01 12:24:23,ACTIVE-01,177,Alluvium,30.51,10.31,127.6,5.54,kft-lbs,2050.0,895.0,8.99,9.02,0.036,% total gas,601.5,SYNTHETIC
2026-09-01 12:27:09,ACTIVE-01,178,Alluvium,21.7,9.76,117.9,5.25,kft-lbs,2074.0,906.0,8.94,8.95,0.049,% total gas,601.3,SYNTHETIC
2026-09-01 12:29:24,ACTIVE-01,179,Alluvium,26.63,9.74,122.3,5.23,kft-lbs,2109.0,910.0,9.04,9.06,0.042,% total gas,601.4,SYNTHETIC
2026-09-01 12:31:32,ACTIVE-01,180,Alluvium,28.13,10.82,121.4,5.4,kft-lbs,2087.0,904.0,8.98,9.01,0.063,% total gas,601.5,SYNTHETIC
2026-09-01 12:33:39,ACTIVE-01,181,Alluvium,28.27,9.46,126.1,5.61,kft-lbs,2033.0,883.0,8.98,9.0,0.046,% total gas,601.5,SYNTHETIC
2026-09-01 12:35:57,ACTIVE-01,182,Alluvium,26.19,9.4,120.3,4.86,kft-lbs,2114.0,906.0,8.99,9.03,0.058,% total gas,600.8,SYNTHETIC
2026-09-01 12:38:07,ACTIVE-01,183,Alluvium,27.75,10.3,118.4,5.1,kft-lbs,2092.0,895.0,9.01,9.03,0.048,% total gas,600.6,SYNTHETIC
2026-09-01 12:39:57,ACTIVE-01,184,Alluvium,32.55,9.76,122.7,5.3,kft-lbs,2063.0,892.0,8.99,9.02,0.043,% total gas,600.3,SYNTHETIC
2026-09-01 12:42:17,ACTIVE-01,185,Alluvium,25.75,10.16,123.2,5.03,kft-lbs,2066.0,889.0,9.02,9.04,0.04,% total gas,600.6,SYNTHETIC
2026-09-01 12:44:33,ACTIVE-01,186,Alluvium,26.47,9.57,113.8,5.41,kft-lbs,2094.0,908.0,9.02,9.05,0.048,% total gas,600.4,SYNTHETIC
2026-09-01 12:46:26,ACTIVE-01,187,Alluvium,31.79,9.57,118.5,4.95,kft-lbs,2063.0,897.0,9.01,9.02,0.045,% total gas,600.3,SYNTHETIC
2026-09-01 12:48:22,ACTIVE-01,188,Alluvium,31.16,9.19,121.1,5.33,kft-lbs,2039.0,910.0,8.99,9.03,0.062,% total gas,600.2,SYNTHETIC
2026-09-01 12:50:33,ACTIVE-01,189,Alluvium,27.46,10.87,122.7,4.99,kft-lbs,2160.0,898.0,9.03,9.05,0.041,% total gas,600.3,SYNTHETIC
2026-09-01 12:52:40,ACTIVE-01,190,Alluvium,28.36,9.38,118.0,5.03,kft-lbs,2047.0,907.0,8.97,8.99,0.062,% total gas,600.3,SYNTHETIC
2026-09-01 12:55:02,ACTIVE-01,191,Alluvium,25.33,9.51,115.8,5.11,kft-lbs,2040.0,892.0,9.0,9.01,0.043,% total gas,600.6,SYNTHETIC
2026-09-01 12:57:19,ACTIVE-01,192,Alluvium,26.23,10.94,116.7,5.43,kft-lbs,2108.0,896.0,9.01,9.02,0.039,% total gas,599.9,SYNTHETIC
2026-09-01 12:59:20,ACTIVE-01,193,Alluvium,29.86,9.8,120.3,4.98,kft-lbs,2089.0,906.0,9.0,9.01,0.051,% total gas,599.9,SYNTHETIC
2026-09-01 13:01:21,ACTIVE-01,194,Alluvium,29.74,10.2,125.1,5.32,kft-lbs,2104.0,876.0,8.99,9.01,0.05,% total gas,599.0,SYNTHETIC
2026-09-01 13:03:23,ACTIVE-01,195,Alluvium,29.35,10.23,127.5,4.96,kft-lbs,2060.0,902.0,8.99,9.0,0.051,% total gas,598.9,SYNTHETIC
2026-09-01 13:05:37,ACTIVE-01,196,Alluvium,27.02,9.75,116.9,5.02,kft-lbs,2103.0,911.0,9.0,9.02,0.038,% total gas,599.7,SYNTHETIC
2026-09-01 13:07:37,ACTIVE-01,197,Alluvium,29.84,10.93,123.3,4.7,kft-lbs,2130.0,894.0,9.01,9.03,0.046,% total gas,599.8,SYNTHETIC
2026-09-01 13:10:01,ACTIVE-01,198,Alluvium,25.02,9.6,122.9,5.1,kft-lbs,2149.0,909.0,9.0,9.01,0.043,% total gas,599.9,SYNTHETIC
2026-09-01 13:12:09,ACTIVE-01,199,Alluvium,28.05,10.1,121.5,5.22,kft-lbs,2054.0,897.0,9.0,9.03,0.045,% total gas,600.1,SYNTHETIC
2026-09-01 13:13:56,ACTIVE-01,200,Alluvium,33.8,10.96,119.6,5.64,kft-lbs,2103.0,883.0,8.99,9.02,0.039,% total gas,599.8,SYNTHETIC
2026-09-01 13:15:51,ACTIVE-01,201,Alluvium,31.28,9.47,122.7,5.51,kft-lbs,2071.0,898.0,8.98,8.98,0.07,% total gas,600.0,SYNTHETIC
2026-09-01 13:17:57,ACTIVE-01,202,Alluvium,28.49,10.17,113.9,4.99,kft-lbs,2099.0,902.0,9.01,9.03,0.042,% total gas,600.4,SYNTHETIC
2026-09-01 13:20:19,ACTIVE-01,203,Alluvium,25.39,10.72,124.1,4.81,kft-lbs,2106.0,896.0,9.03,9.06,0.042,% total gas,600.7,SYNTHETIC
2026-09-01 13:22:11,ACTIVE-01,204,Alluvium,32.29,9.42,125.1,5.16,kft-lbs,2062.0,876.0,9.02,9.08,0.045,% total gas,600.6,SYNTHETIC
2026-09-01 13:24:24,ACTIVE-01,205,Alluvium,26.95,10.17,117.2,5.57,kft-lbs,2058.0,889.0,9.03,9.07,0.053,% total gas,600.2,SYNTHETIC
2026-09-01 13:26:39,ACTIVE-01,206,Alluvium,26.73,9.95,121.9,5.59,kft-lbs,2129.0,904.0,8.96,8.99,0.05,% total gas,599.9,SYNTHETIC
2026-09-01 13:28:48,ACTIVE-01,207,Alluvium,27.8,10.16,117.0,4.93,kft-lbs,2169.0,900.0,8.97,8.99,0.05,% total gas,600.2,SYNTHETIC
2026-09-01 13:31:02,ACTIVE-01,208,Alluvium,26.96,9.11,125.1,5.39,kft-lbs,2109.0,896.0,9.03,9.05,0.055,% total gas,599.9,SYNTHETIC
2026-09-01 13:33:11,ACTIVE-01,209,Alluvium,27.82,9.99,126.8,5.07,kft-lbs,2133.0,894.0,9.01,9.03,0.037,% total gas,600.0,SYNTHETIC
2026-09-01 13:35:08,ACTIVE-01,210,Alluvium,30.9,9.83,118.4,5.23,kft-lbs,2109.0,889.0,8.99,9.02,0.032,% total gas,600.6,SYNTHETIC
2026-09-01 13:37:17,ACTIVE-01,211,Alluvium,27.9,10.05,116.3,4.85,kft-lbs,2142.0,900.0,9.0,9.02,0.05,% total gas,600.2,SYNTHETIC
2026-09-01 13:39:21,ACTIVE-01,212,Alluvium,29.02,10.89,122.2,5.37,kft-lbs,2008.0,908.0,9.01,9.03,0.088,% total gas,600.3,SYNTHETIC
2026-09-01 13:41:43,ACTIVE-01,213,Alluvium,25.43,10.51,117.3,5.09,kft-lbs,2071.0,902.0,9.03,9.07,0.048,% total gas,599.9,SYNTHETIC
2026-09-01 13:43:47,ACTIVE-01,214,Alluvium,28.85,10.64,123.8,5.48,kft-lbs,2124.0,890.0,9.0,9.03,0.042,% total gas,599.9,SYNTHETIC
2026-09-01 13:45:57,ACTIVE-01,215,Alluvium,27.87,10.65,121.0,5.26,kft-lbs,2140.0,907.0,9.0,9.01,0.05,% total gas,599.9,SYNTHETIC
2026-09-01 13:48:06,ACTIVE-01,216,Alluvium,27.86,11.03,120.7,5.26,kft-lbs,2136.0,896.0,8.98,9.01,0.059,% total gas,599.7,SYNTHETIC
2026-09-01 13:50:04,ACTIVE-01,217,Alluvium,30.46,10.35,116.0,5.13,kft-lbs,2115.0,903.0,8.95,8.99,0.039,% total gas,598.9,SYNTHETIC
2026-09-01 13:52:05,ACTIVE-01,218,Alluvium,29.78,10.36,120.6,5.75,kft-lbs,2172.0,902.0,8.98,9.0,0.029,% total gas,598.8,SYNTHETIC
2026-09-01 13:54:06,ACTIVE-01,219,Alluvium,29.63,10.58,121.4,4.9,kft-lbs,2149.0,908.0,8.99,9.03,0.052,% total gas,598.9,SYNTHETIC
2026-09-01 13:56:26,ACTIVE-01,220,Alluvium,25.81,10.12,120.2,5.25,kft-lbs,2132.0,894.0,8.98,9.02,0.05,% total gas,598.9,SYNTHETIC
2026-09-01 13:58:40,ACTIVE-01,221,Alluvium,26.8,10.04,116.0,5.34,kft-lbs,2127.0,919.0,9.0,9.02,0.048,% total gas,598.4,SYNTHETIC
2026-09-01 14:00:58,ACTIVE-01,222,Alluvium,26.17,9.61,113.9,5.39,kft-lbs,2131.0,899.0,8.98,9.01,0.047,% total gas,598.3,SYNTHETIC
2026-09-01 14:03:08,ACTIVE-01,223,Alluvium,27.66,9.75,119.1,5.63,kft-lbs,2090.0,892.0,9.03,9.05,0.046,% total gas,598.0,SYNTHETIC
2026-09-01 14:05:25,ACTIVE-01,224,Alluvium,26.15,10.29,122.6,5.33,kft-lbs,2129.0,902.0,9.03,9.06,0.06,% total gas,598.2,SYNTHETIC
2026-09-01 14:07:52,ACTIVE-01,225,Alluvium,24.63,10.51,120.1,5.35,kft-lbs,2034.0,895.0,8.99,9.02,0.039,% total gas,598.2,SYNTHETIC
2026-09-01 14:10:08,ACTIVE-01,226,Alluvium,26.5,9.4,122.7,5.77,kft-lbs,2083.0,899.0,8.99,9.01,0.045,% total gas,598.0,SYNTHETIC
2026-09-01 14:12:20,ACTIVE-01,227,Alluvium,27.26,9.68,118.5,4.64,kft-lbs,2064.0,913.0,8.99,9.02,0.066,% total gas,598.0,SYNTHETIC
2026-09-01 14:14:19,ACTIVE-01,228,Alluvium,30.1,9.5,121.1,5.41,kft-lbs,2176.0,917.0,9.0,9.03,0.053,% total gas,597.8,SYNTHETIC
2026-09-01 14:16:26,ACTIVE-01,229,Alluvium,28.43,9.96,122.7,5.16,kft-lbs,2068.0,907.0,8.98,8.99,0.033,% total gas,597.5,SYNTHETIC
2026-09-01 14:18:38,ACTIVE-01,230,Alluvium,27.13,10.75,115.7,5.48,kft-lbs,2167.0,892.0,9.01,9.03,0.064,% total gas,597.7,SYNTHETIC
2026-09-01 14:21:01,ACTIVE-01,231,Alluvium,25.23,9.67,114.4,5.45,kft-lbs,2061.0,888.0,8.99,9.01,0.086,% total gas,597.9,SYNTHETIC
2026-09-01 14:23:03,ACTIVE-01,232,Alluvium,29.57,10.1,112.8,5.41,kft-lbs,2098.0,889.0,8.98,8.99,0.05,% total gas,598.2,SYNTHETIC
2026-09-01 14:25:07,ACTIVE-01,233,Alluvium,29.07,9.66,119.9,4.96,kft-lbs,2142.0,908.0,9.01,9.03,0.036,% total gas,597.6,SYNTHETIC
2026-09-01 14:27:11,ACTIVE-01,234,Alluvium,28.9,10.27,120.0,5.27,kft-lbs,2108.0,905.0,8.98,9.0,0.036,% total gas,597.3,SYNTHETIC
2026-09-01 14:29:24,ACTIVE-01,235,Alluvium,27.04,10.2,122.2,5.19,kft-lbs,2207.0,910.0,8.99,9.03,0.047,% total gas,597.0,SYNTHETIC
2026-09-01 14:31:40,ACTIVE-01,236,Alluvium,26.52,10.94,117.8,5.81,kft-lbs,2157.0,892.0,9.02,9.05,0.04,% total gas,597.1,SYNTHETIC
2026-09-01 14:34:06,ACTIVE-01,237,Alluvium,24.67,10.54,124.2,5.24,kft-lbs,2053.0,903.0,9.0,9.04,0.036,% total gas,597.4,SYNTHETIC
2026-09-01 14:36:24,ACTIVE-01,238,Alluvium,26.19,8.66,117.3,5.43,kft-lbs,2137.0,901.0,9.03,9.07,0.053,% total gas,597.2,SYNTHETIC
2026-09-01 14:38:31,ACTIVE-01,239,Alluvium,28.17,10.45,119.2,4.92,kft-lbs,2131.0,898.0,9.01,9.03,0.067,% total gas,598.0,SYNTHETIC
2026-09-01 14:40:38,ACTIVE-01,240,Alluvium,28.51,10.01,118.9,5.11,kft-lbs,2122.0,899.0,9.01,9.03,0.043,% total gas,598.8,SYNTHETIC
2026-09-01 14:42:57,ACTIVE-01,241,Alluvium,25.89,10.13,126.0,5.24,kft-lbs,2091.0,902.0,8.97,8.99,0.034,% total gas,598.4,SYNTHETIC
2026-09-01 14:45:25,ACTIVE-01,242,Alluvium,24.2,10.34,119.1,5.16,kft-lbs,2147.0,911.0,8.97,9.01,0.035,% total gas,598.6,SYNTHETIC
2026-09-01 14:47:38,ACTIVE-01,243,Alluvium,27.24,10.5,125.6,5.53,kft-lbs,2198.0,902.0,9.02,9.05,0.047,% total gas,598.3,SYNTHETIC
2026-09-01 14:50:00,ACTIVE-01,244,Alluvium,25.21,10.25,123.2,5.27,kft-lbs,2126.0,905.0,9.01,9.03,0.037,% total gas,597.9,SYNTHETIC
2026-09-01 14:52:13,ACTIVE-01,245,Alluvium,27.11,10.08,120.4,5.39,kft-lbs,2175.0,890.0,9.0,9.01,0.059,% total gas,597.5,SYNTHETIC
2026-09-01 14:54:37,ACTIVE-01,246,Alluvium,25.12,10.18,121.4,4.96,kft-lbs,2080.0,895.0,8.96,9.0,0.056,% total gas,598.1,SYNTHETIC
2026-09-01 14:56:41,ACTIVE-01,247,Alluvium,28.94,9.96,122.0,5.33,kft-lbs,2065.0,881.0,9.0,9.02,0.067,% total gas,598.0,SYNTHETIC
2026-09-01 14:58:58,ACTIVE-01,248,Alluvium,26.21,10.41,118.8,5.21,kft-lbs,2168.0,893.0,9.0,9.02,0.045,% total gas,597.4,SYNTHETIC
2026-09-01 15:01:16,ACTIVE-01,249,Alluvium,26.16,9.29,118.9,5.26,kft-lbs,2100.0,910.0,9.01,9.03,0.078,% total gas,597.4,SYNTHETIC
2026-09-01 15:03:34,ACTIVE-01,250,Alluvium,26.14,10.26,117.1,4.96,kft-lbs,2030.0,905.0,8.97,9.0,0.061,% total gas,597.4,SYNTHETIC
2026-09-01 15:05:53,ACTIVE-01,251,Alluvium,25.86,10.03,121.3,5.15,kft-lbs,2130.0,893.0,8.97,9.0,0.055,% total gas,597.6,SYNTHETIC
2026-09-01 15:07:56,ACTIVE-01,252,Alluvium,29.21,9.85,117.2,5.31,kft-lbs,2123.0,908.0,9.05,9.06,0.042,% total gas,597.5,SYNTHETIC
2026-09-01 15:10:00,ACTIVE-01,253,Alluvium,29.07,9.27,113.6,5.48,kft-lbs,2216.0,899.0,9.0,9.04,0.042,% total gas,597.7,SYNTHETIC
2026-09-01 15:12:04,ACTIVE-01,254,Alluvium,28.92,9.53,118.5,4.81,kft-lbs,2112.0,898.0,8.99,9.01,0.033,% total gas,597.6,SYNTHETIC
2026-09-01 15:14:10,ACTIVE-01,255,Alluvium,28.77,10.68,123.9,4.73,kft-lbs,2201.0,884.0,8.99,9.01,0.049,% total gas,597.9,SYNTHETIC
2026-09-01 15:16:21,ACTIVE-01,256,Alluvium,27.3,9.74,119.3,5.71,kft-lbs,2221.0,904.0,9.03,9.06,0.052,% total gas,598.7,SYNTHETIC
2026-09-01 15:18:33,ACTIVE-01,257,Alluvium,27.45,10.56,108.1,5.0,kft-lbs,2153.0,911.0,9.01,9.04,0.066,% total gas,598.6,SYNTHETIC
2026-09-01 15:20:50,ACTIVE-01,258,Alluvium,26.11,9.87,116.3,5.4,kft-lbs,2109.0,911.0,8.98,9.0,0.049,% total gas,599.0,SYNTHETIC
2026-09-01 15:22:48,ACTIVE-01,259,Alluvium,30.67,11.1,122.0,4.76,kft-lbs,2198.0,882.0,9.04,9.09,0.036,% total gas,599.0,SYNTHETIC
2026-09-01 15:25:12,ACTIVE-01,260,Alluvium,24.9,9.53,120.0,5.48,kft-lbs,2048.0,901.0,9.02,9.04,0.056,% total gas,599.5,SYNTHETIC
2026-09-01 15:27:28,ACTIVE-01,261,Alluvium,26.46,10.22,114.7,5.47,kft-lbs,2109.0,908.0,9.0,9.03,0.058,% total gas,599.7,SYNTHETIC
2026-09-01 15:29:39,ACTIVE-01,262,Alluvium,27.5,8.7,121.3,5.05,kft-lbs,2138.0,903.0,9.02,9.04,0.076,% total gas,599.9,SYNTHETIC
2026-09-01 15:31:40,ACTIVE-01,263,Alluvium,29.78,9.62,118.2,5.74,kft-lbs,2225.0,896.0,9.0,9.03,0.043,% total gas,600.4,SYNTHETIC
2026-09-01 15:33:40,ACTIVE-01,264,Alluvium,30.05,10.22,125.8,5.16,kft-lbs,2125.0,915.0,9.02,9.05,0.041,% total gas,600.5,SYNTHETIC
2026-09-01 15:35:57,ACTIVE-01,265,Alluvium,26.29,9.71,118.0,5.33,kft-lbs,2114.0,897.0,9.04,9.08,0.057,% total gas,600.5,SYNTHETIC
2026-09-01 15:37:53,ACTIVE-01,266,Alluvium,30.96,10.1,116.7,5.39,kft-lbs,2072.0,896.0,8.98,9.0,0.045,% total gas,600.2,SYNTHETIC
2026-09-01 15:39:58,ACTIVE-01,267,Alluvium,28.82,10.42,122.4,5.39,kft-lbs,2172.0,894.0,9.02,9.06,0.077,% total gas,600.4,SYNTHETIC
2026-09-01 15:42:14,ACTIVE-01,268,Alluvium,26.56,9.24,123.9,5.52,kft-lbs,2140.0,903.0,8.99,8.99,0.046,% total gas,600.3,SYNTHETIC
2026-09-01 15:44:26,ACTIVE-01,269,Alluvium,27.22,10.48,121.9,5.55,kft-lbs,2095.0,904.0,9.0,9.03,0.033,% total gas,600.3,SYNTHETIC
2026-09-01 15:46:45,ACTIVE-01,270,Alluvium,25.8,9.92,118.2,5.18,kft-lbs,2213.0,897.0,9.0,9.02,0.048,% total gas,599.5,SYNTHETIC
2026-09-01 15:48:50,ACTIVE-01,271,Alluvium,28.81,10.01,118.8,4.88,kft-lbs,2185.0,888.0,8.98,9.03,0.06,% total gas,599.3,SYNTHETIC
2026-09-01 15:50:59,ACTIVE-01,272,Alluvium,27.98,9.59,118.2,5.23,kft-lbs,2109.0,900.0,8.97,9.0,0.033,% total gas,599.7,SYNTHETIC
2026-09-01 15:53:01,ACTIVE-01,273,Alluvium,29.62,10.79,117.6,5.14,kft-lbs,2084.0,922.0,9.02,9.06,0.036,% total gas,600.3,SYNTHETIC
2026-09-01 15:55:12,ACTIVE-01,274,Alluvium,27.43,10.35,125.4,5.72,kft-lbs,2172.0,907.0,9.0,9.02,0.067,% total gas,600.2,SYNTHETIC
2026-09-01 15:57:14,ACTIVE-01,275,Alluvium,29.43,9.6,122.5,5.22,kft-lbs,2147.0,904.0,9.0,9.04,0.058,% total gas,599.9,SYNTHETIC
2026-09-01 15:59:34,ACTIVE-01,276,Alluvium,25.71,10.66,121.1,5.3,kft-lbs,2165.0,887.0,9.01,9.03,0.058,% total gas,600.2,SYNTHETIC
2026-09-01 16:02:03,ACTIVE-01,277,Alluvium,24.18,9.94,120.4,5.21,kft-lbs,2176.0,900.0,8.96,9.0,0.061,% total gas,600.1,SYNTHETIC
2026-09-01 16:04:04,ACTIVE-01,278,Alluvium,29.89,9.59,118.7,5.22,kft-lbs,2146.0,902.0,9.01,9.03,0.05,% total gas,600.4,SYNTHETIC
2026-09-01 16:06:09,ACTIVE-01,279,Alluvium,28.61,10.42,118.7,5.47,kft-lbs,2174.0,919.0,9.04,9.08,0.03,% total gas,600.2,SYNTHETIC
2026-09-01 16:08:29,ACTIVE-01,280,Alluvium,25.86,9.75,123.7,5.25,kft-lbs,2184.0,881.0,8.98,9.01,0.094,% total gas,600.5,SYNTHETIC
2026-09-01 16:10:27,ACTIVE-01,281,Alluvium,30.42,10.03,122.8,5.52,kft-lbs,2109.0,898.0,8.99,9.02,0.087,% total gas,600.5,SYNTHETIC
2026-09-01 16:12:37,ACTIVE-01,282,Alluvium,27.77,10.02,125.4,4.96,kft-lbs,2158.0,912.0,9.01,9.05,0.045,% total gas,600.4,SYNTHETIC
2026-09-01 16:15:00,ACTIVE-01,283,Alluvium,25.1,10.15,122.8,5.44,kft-lbs,2124.0,893.0,9.04,9.07,0.068,% total gas,600.4,SYNTHETIC
2026-09-01 16:17:10,ACTIVE-01,284,Alluvium,27.63,10.57,120.8,5.42,kft-lbs,2141.0,903.0,9.06,9.08,0.039,% total gas,600.6,SYNTHETIC
2026-09-01 16:19:35,ACTIVE-01,285,Alluvium,24.9,9.67,119.3,5.16,kft-lbs,2181.0,896.0,9.0,9.04,0.037,% total gas,600.4,SYNTHETIC
2026-09-01 16:21:42,ACTIVE-01,286,Alluvium,28.38,9.65,119.0,5.03,kft-lbs,2210.0,903.0,9.02,9.06,0.038,% total gas,600.4,SYNTHETIC
2026-09-01 16:23:46,ACTIVE-01,287,Alluvium,28.92,10.47,117.9,5.72,kft-lbs,2152.0,893.0,8.99,9.0,0.072,% total gas,600.9,SYNTHETIC
2026-09-01 16:25:44,ACTIVE-01,288,Alluvium,30.56,10.21,118.8,5.23,kft-lbs,2144.0,893.0,9.0,9.04,0.066,% total gas,600.7,SYNTHETIC
2026-09-01 16:27:40,ACTIVE-01,289,Alluvium,30.95,10.96,115.9,5.53,kft-lbs,2181.0,899.0,9.01,9.05,0.041,% total gas,601.0,SYNTHETIC
2026-09-01 16:29:31,ACTIVE-01,290,Alluvium,32.51,9.5,120.0,5.32,kft-lbs,2101.0,902.0,9.01,9.03,0.059,% total gas,600.6,SYNTHETIC
2026-09-01 16:31:27,ACTIVE-01,291,Alluvium,31.04,10.5,121.6,5.01,kft-lbs,2213.0,899.0,9.0,9.03,0.051,% total gas,600.8,SYNTHETIC
2026-09-01 16:33:24,ACTIVE-01,292,Alluvium,30.65,10.47,116.5,5.13,kft-lbs,2116.0,904.0,9.04,9.06,0.039,% total gas,601.5,SYNTHETIC
2026-09-01 16:35:52,ACTIVE-01,293,Alluvium,24.41,10.12,113.5,5.03,kft-lbs,2149.0,913.0,9.01,9.06,0.051,% total gas,600.8,SYNTHETIC
2026-09-01 16:38:04,ACTIVE-01,294,Alluvium,27.2,10.11,123.0,5.49,kft-lbs,2214.0,892.0,8.97,9.0,0.034,% total gas,600.1,SYNTHETIC
2026-09-01 16:40:12,ACTIVE-01,295,Alluvium,28.11,9.49,122.9,5.13,kft-lbs,2093.0,896.0,8.98,9.03,0.073,% total gas,600.2,SYNTHETIC
2026-09-01 16:42:29,ACTIVE-01,296,Alluvium,26.32,10.11,122.0,4.83,kft-lbs,2244.0,901.0,9.04,9.09,0.051,% total gas,600.0,SYNTHETIC
2026-09-01 16:44:45,ACTIVE-01,297,Alluvium,26.55,10.05,122.4,5.41,kft-lbs,2087.0,904.0,8.98,9.01,0.058,% total gas,599.9,SYNTHETIC
2026-09-01 16:46:54,ACTIVE-01,298,Alluvium,27.83,11.48,119.5,4.63,kft-lbs,2173.0,902.0,8.97,9.01,0.045,% total gas,599.6,SYNTHETIC
2026-09-01 16:49:14,ACTIVE-01,299,Alluvium,25.79,10.05,117.7,5.28,kft-lbs,2158.0,899.0,8.98,9.01,0.067,% total gas,599.8,SYNTHETIC
2026-09-01 16:51:24,ACTIVE-01,300,Alluvium,27.68,9.55,122.5,5.28,kft-lbs,2289.0,903.0,8.97,9.0,0.032,% total gas,599.8,SYNTHETIC
2026-09-01 16:53:33,ACTIVE-01,301,Alluvium,27.81,10.21,119.2,5.74,kft-lbs,2235.0,894.0,9.0,9.04,0.046,% total gas,599.8,SYNTHETIC
2026-09-01 16:55:50,ACTIVE-01,302,Alluvium,26.28,9.79,122.9,5.22,kft-lbs,2134.0,904.0,9.01,9.05,0.052,% total gas,599.5,SYNTHETIC
2026-09-01 16:57:58,ACTIVE-01,303,Alluvium,28.08,9.83,119.2,5.48,kft-lbs,2205.0,897.0,9.04,9.08,0.067,% total gas,599.8,SYNTHETIC
2026-09-01 17:00:21,ACTIVE-01,304,Alluvium,25.29,9.34,121.2,5.41,kft-lbs,2173.0,898.0,8.99,9.01,0.055,% total gas,599.5,SYNTHETIC
2026-09-01 17:02:33,ACTIVE-01,305,Alluvium,27.32,9.16,113.6,5.35,kft-lbs,2135.0,898.0,8.98,9.03,0.085,% total gas,600.1,SYNTHETIC
2026-09-01 17:04:38,ACTIVE-01,306,Alluvium,28.6,9.17,117.6,5.67,kft-lbs,2190.0,895.0,9.02,9.06,0.042,% total gas,600.0,SYNTHETIC
2026-09-01 17:07:00,ACTIVE-01,307,Alluvium,25.36,9.54,117.1,5.49,kft-lbs,2137.0,908.0,8.97,9.0,0.074,% total gas,600.0,SYNTHETIC
2026-09-01 17:09:04,ACTIVE-01,308,Alluvium,29.07,9.17,118.1,5.35,kft-lbs,2218.0,905.0,9.01,9.05,0.06,% total gas,600.4,SYNTHETIC
2026-09-01 17:11:00,ACTIVE-01,309,Alluvium,31.17,9.89,121.8,5.29,kft-lbs,2217.0,921.0,9.02,9.05,0.04,% total gas,600.2,SYNTHETIC
2026-09-01 17:13:19,ACTIVE-01,310,Alluvium,25.79,10.57,117.9,5.24,kft-lbs,2194.0,903.0,8.97,9.02,0.042,% total gas,600.3,SYNTHETIC
2026-09-01 17:15:30,ACTIVE-01,311,Alluvium,27.51,10.11,123.5,5.24,kft-lbs,2164.0,880.0,9.03,9.05,0.055,% total gas,600.0,SYNTHETIC
2026-09-01 17:17:57,ACTIVE-01,312,Alluvium,24.45,9.97,119.8,4.8,kft-lbs,2183.0,911.0,9.01,9.03,0.054,% total gas,599.8,SYNTHETIC
2026-09-01 17:20:04,ACTIVE-01,313,Alluvium,28.48,10.09,115.8,5.2,kft-lbs,2168.0,886.0,9.01,9.04,0.051,% total gas,599.6,SYNTHETIC
2026-09-01 17:22:03,ACTIVE-01,314,Alluvium,30.25,9.92,113.4,5.59,kft-lbs,2133.0,913.0,9.05,9.08,0.054,% total gas,599.8,SYNTHETIC
2026-09-01 17:24:17,ACTIVE-01,315,Alluvium,26.83,9.83,115.8,4.65,kft-lbs,2208.0,904.0,9.01,9.04,0.056,% total gas,599.4,SYNTHETIC
2026-09-01 17:26:27,ACTIVE-01,316,Alluvium,27.67,9.18,127.5,4.88,kft-lbs,2171.0,881.0,8.99,9.03,0.086,% total gas,599.7,SYNTHETIC
2026-09-01 17:28:32,ACTIVE-01,317,Alluvium,28.76,9.38,122.9,5.2,kft-lbs,2224.0,898.0,8.99,9.02,0.058,% total gas,600.1,SYNTHETIC
2026-09-01 17:30:53,ACTIVE-01,318,Alluvium,25.66,9.78,124.8,5.32,kft-lbs,2111.0,896.0,9.0,9.05,0.049,% total gas,600.4,SYNTHETIC
2026-09-01 17:32:43,ACTIVE-01,319,Alluvium,32.71,10.32,120.0,4.81,kft-lbs,2190.0,914.0,8.99,9.01,0.069,% total gas,600.5,SYNTHETIC
2026-09-01 17:34:44,ACTIVE-01,320,Alluvium,29.69,10.61,117.3,4.91,kft-lbs,2187.0,879.0,9.0,9.03,0.056,% total gas,600.1,SYNTHETIC
2026-09-01 17:36:40,ACTIVE-01,321,Alluvium,31.11,9.6,116.1,5.47,kft-lbs,2146.0,906.0,8.99,9.03,0.086,% total gas,599.7,SYNTHETIC
2026-09-01 17:38:40,ACTIVE-01,322,Alluvium,29.88,10.61,122.0,5.59,kft-lbs,2202.0,912.0,9.0,9.05,0.05,% total gas,600.3,SYNTHETIC
2026-09-01 17:40:43,ACTIVE-01,323,Alluvium,29.38,10.02,118.6,5.03,kft-lbs,2140.0,897.0,8.99,9.04,0.044,% total gas,600.1,SYNTHETIC
2026-09-01 17:42:50,ACTIVE-01,324,Alluvium,28.32,9.5,128.6,5.1,kft-lbs,2192.0,895.0,9.02,9.07,0.043,% total gas,600.3,SYNTHETIC
2026-09-01 17:44:59,ACTIVE-01,325,Alluvium,27.94,9.02,118.3,5.36,kft-lbs,2171.0,903.0,9.01,9.05,0.045,% total gas,600.0,SYNTHETIC
2026-09-01 17:47:02,ACTIVE-01,326,Alluvium,29.14,9.43,119.6,4.8,kft-lbs,2220.0,893.0,9.03,9.06,0.068,% total gas,599.8,SYNTHETIC
2026-09-01 17:49:29,ACTIVE-01,327,Alluvium,24.55,10.29,122.8,5.4,kft-lbs,2145.0,895.0,8.97,9.0,0.055,% total gas,599.8,SYNTHETIC
2026-09-01 17:51:22,ACTIVE-01,328,Alluvium,31.65,9.75,121.4,4.85,kft-lbs,2264.0,898.0,8.98,9.02,0.051,% total gas,600.0,SYNTHETIC
2026-09-01 17:53:33,ACTIVE-01,329,Alluvium,27.59,10.34,122.2,5.78,kft-lbs,2205.0,904.0,8.98,9.01,0.071,% total gas,600.6,SYNTHETIC
2026-09-01 17:55:42,ACTIVE-01,330,Alluvium,27.92,10.73,116.6,5.14,kft-lbs,2166.0,904.0,8.98,9.02,0.057,% total gas,600.5,SYNTHETIC
2026-09-01 17:57:43,ACTIVE-01,331,Alluvium,29.81,9.85,119.6,5.5,kft-lbs,2196.0,898.0,9.01,9.04,0.06,% total gas,600.5,SYNTHETIC
2026-09-01 17:59:51,ACTIVE-01,332,Alluvium,28.06,9.38,120.4,5.21,kft-lbs,2206.0,894.0,9.02,9.05,0.079,% total gas,600.9,SYNTHETIC
2026-09-01 18:02:03,ACTIVE-01,333,Alluvium,27.17,9.19,117.8,5.47,kft-lbs,2135.0,914.0,8.98,9.0,0.061,% total gas,600.3,SYNTHETIC
2026-09-01 18:04:21,ACTIVE-01,334,Alluvium,26.16,10.1,120.9,5.51,kft-lbs,2138.0,896.0,9.04,9.09,0.05,% total gas,600.4,SYNTHETIC
2026-09-01 18:06:42,ACTIVE-01,335,Alluvium,25.52,10.1,121.8,5.12,kft-lbs,2237.0,900.0,9.01,9.05,0.084,% total gas,600.8,SYNTHETIC
2026-09-01 18:08:49,ACTIVE-01,336,Alluvium,28.48,10.02,125.3,5.47,kft-lbs,2252.0,908.0,9.01,9.05,0.064,% total gas,600.9,SYNTHETIC
2026-09-01 18:11:19,ACTIVE-01,337,Alluvium,23.89,9.8,121.0,5.21,kft-lbs,2139.0,908.0,9.02,9.06,0.059,% total gas,600.8,SYNTHETIC
2026-09-01 18:13:32,ACTIVE-01,338,Alluvium,27.11,8.88,107.6,5.05,kft-lbs,2181.0,899.0,9.0,9.06,0.043,% total gas,600.7,SYNTHETIC
2026-09-01 18:15:34,ACTIVE-01,339,Alluvium,29.63,9.55,118.0,5.37,kft-lbs,2204.0,906.0,9.0,9.05,0.068,% total gas,600.4,SYNTHETIC
2026-09-01 18:17:43,ACTIVE-01,340,Alluvium,27.87,10.03,124.0,5.39,kft-lbs,2247.0,909.0,8.99,9.04,0.067,% total gas,600.3,SYNTHETIC
2026-09-01 18:19:57,ACTIVE-01,341,Alluvium,26.88,9.82,121.7,5.12,kft-lbs,2181.0,901.0,8.97,9.01,0.062,% total gas,600.0,SYNTHETIC
2026-09-01 18:22:04,ACTIVE-01,342,Alluvium,28.18,10.71,122.1,5.55,kft-lbs,2177.0,889.0,8.98,9.02,0.063,% total gas,599.8,SYNTHETIC
2026-09-01 18:24:06,ACTIVE-01,343,Alluvium,29.49,10.09,122.1,5.59,kft-lbs,2210.0,912.0,9.02,9.06,0.043,% total gas,598.7,SYNTHETIC
2026-09-01 18:26:36,ACTIVE-01,344,Alluvium,24.05,9.54,116.4,5.48,kft-lbs,2090.0,907.0,8.99,9.03,0.054,% total gas,598.6,SYNTHETIC
2026-09-01 18:28:47,ACTIVE-01,345,Alluvium,27.51,9.41,123.8,5.04,kft-lbs,2211.0,904.0,9.01,9.04,0.049,% total gas,598.8,SYNTHETIC
2026-09-01 18:30:54,ACTIVE-01,346,Alluvium,28.45,10.95,116.3,4.73,kft-lbs,2301.0,885.0,9.04,9.08,0.052,% total gas,598.7,SYNTHETIC
2026-09-01 18:33:13,ACTIVE-01,347,Alluvium,25.86,9.19,120.8,5.03,kft-lbs,2197.0,887.0,9.03,9.08,0.097,% total gas,598.6,SYNTHETIC
2026-09-01 18:35:10,ACTIVE-01,348,Alluvium,30.66,9.85,117.7,5.17,kft-lbs,2196.0,900.0,8.97,9.03,0.034,% total gas,598.5,SYNTHETIC
2026-09-01 18:37:24,ACTIVE-01,349,Alluvium,26.95,9.16,121.4,5.16,kft-lbs,2292.0,895.0,9.01,9.05,0.039,% total gas,598.7,SYNTHETIC
2026-09-01 18:40:03,ACTIVE-01,350,Alluvium,22.55,9.74,122.8,5.8,kft-lbs,2178.0,886.0,8.99,9.03,0.055,% total gas,599.0,SYNTHETIC
2026-09-01 18:42:00,ACTIVE-01,351,Alluvium,30.76,9.52,119.3,5.52,kft-lbs,2187.0,893.0,9.0,9.04,0.069,% total gas,598.9,SYNTHETIC
2026-09-01 18:43:51,ACTIVE-01,352,Alluvium,32.49,9.89,117.2,5.09,kft-lbs,2314.0,907.0,9.01,9.04,0.082,% total gas,599.5,SYNTHETIC
2026-09-01 18:46:12,ACTIVE-01,353,Alluvium,25.58,10.13,123.1,5.1,kft-lbs,2190.0,906.0,9.0,9.04,0.083,% total gas,600.0,SYNTHETIC
2026-09-01 18:48:35,ACTIVE-01,354,Alluvium,25.2,9.57,117.1,5.57,kft-lbs,2286.0,898.0,8.99,9.04,0.065,% total gas,599.5,SYNTHETIC
2026-09-01 18:50:51,ACTIVE-01,355,Alluvium,26.51,9.99,126.7,6.07,kft-lbs,2286.0,903.0,8.98,9.01,0.048,% total gas,599.4,SYNTHETIC
2026-09-01 18:53:01,ACTIVE-01,356,Alluvium,27.67,9.96,115.9,5.33,kft-lbs,2251.0,886.0,9.01,9.05,0.028,% total gas,599.4,SYNTHETIC
2026-09-01 18:55:05,ACTIVE-01,357,Alluvium,28.91,10.77,114.2,5.4,kft-lbs,2281.0,917.0,9.0,9.03,0.032,% total gas,599.0,SYNTHETIC
2026-09-01 18:57:13,ACTIVE-01,358,Alluvium,28.29,9.89,117.7,5.83,kft-lbs,2260.0,903.0,8.98,9.04,0.04,% total gas,599.6,SYNTHETIC
2026-09-01 18:59:24,ACTIVE-01,359,Alluvium,27.31,10.05,120.0,5.25,kft-lbs,2254.0,911.0,9.02,9.06,0.049,% total gas,598.9,SYNTHETIC
2026-09-01 19:01:41,ACTIVE-01,360,Alluvium,26.43,9.67,122.8,5.21,kft-lbs,2184.0,914.0,8.99,9.03,0.037,% total gas,599.2,SYNTHETIC
2026-09-01 19:03:46,ACTIVE-01,361,Alluvium,28.74,10.24,115.3,5.34,kft-lbs,2222.0,899.0,8.99,9.03,0.05,% total gas,599.9,SYNTHETIC
2026-09-01 19:06:01,ACTIVE-01,362,Alluvium,26.64,9.59,116.3,5.65,kft-lbs,2137.0,890.0,9.01,9.05,0.048,% total gas,599.5,SYNTHETIC
2026-09-01 19:08:12,ACTIVE-01,363,Alluvium,27.42,10.05,118.2,5.38,kft-lbs,2245.0,894.0,9.0,9.07,0.052,% total gas,599.4,SYNTHETIC
2026-09-01 19:10:09,ACTIVE-01,364,Alluvium,30.85,9.51,119.2,5.2,kft-lbs,2208.0,893.0,8.98,9.0,0.037,% total gas,600.0,SYNTHETIC
2026-09-01 19:11:57,ACTIVE-01,365,Alluvium,33.24,10.44,121.3,5.28,kft-lbs,2266.0,886.0,9.02,9.07,0.062,% total gas,600.1,SYNTHETIC
2026-09-01 19:14:11,ACTIVE-01,366,Alluvium,26.9,9.81,117.0,5.13,kft-lbs,2130.0,912.0,9.01,9.05,0.038,% total gas,600.1,SYNTHETIC
2026-09-01 19:16:29,ACTIVE-01,367,Alluvium,26.16,10.39,115.6,5.81,kft-lbs,2280.0,898.0,8.99,9.03,0.042,% total gas,600.1,SYNTHETIC
2026-09-01 19:18:34,ACTIVE-01,368,Alluvium,28.63,9.8,118.6,5.77,kft-lbs,2246.0,900.0,9.03,9.09,0.052,% total gas,599.6,SYNTHETIC
2026-09-01 19:20:52,ACTIVE-01,369,Alluvium,26.23,9.18,120.9,5.46,kft-lbs,2247.0,893.0,9.0,9.04,0.062,% total gas,599.7,SYNTHETIC
2026-09-01 19:22:52,ACTIVE-01,370,Alluvium,29.82,10.28,116.1,5.21,kft-lbs,2217.0,897.0,9.01,9.07,0.052,% total gas,599.5,SYNTHETIC
2026-09-01 19:24:58,ACTIVE-01,371,Alluvium,28.77,9.8,120.6,5.8,kft-lbs,2218.0,909.0,9.01,9.05,0.043,% total gas,599.0,SYNTHETIC
2026-09-01 19:26:48,ACTIVE-01,372,Alluvium,32.72,9.51,118.0,5.33,kft-lbs,2244.0,913.0,9.04,9.08,0.041,% total gas,598.6,SYNTHETIC
2026-09-01 19:28:34,ACTIVE-01,373,Alluvium,33.7,10.22,112.8,5.54,kft-lbs,2264.0,902.0,8.93,8.97,0.059,% total gas,598.5,SYNTHETIC
2026-09-01 19:30:29,ACTIVE-01,374,Alluvium,31.51,9.46,120.4,5.37,kft-lbs,2170.0,894.0,8.97,9.01,0.061,% total gas,598.7,SYNTHETIC
2026-09-01 19:32:59,ACTIVE-01,375,Alluvium,23.99,9.55,122.9,6.03,kft-lbs,2249.0,891.0,9.01,9.05,0.045,% total gas,599.1,SYNTHETIC
2026-09-01 19:34:58,ACTIVE-01,376,Alluvium,30.05,10.47,118.4,5.13,kft-lbs,2265.0,893.0,9.03,9.07,0.039,% total gas,599.5,SYNTHETIC
2026-09-01 19:37:31,ACTIVE-01,377,Alluvium,23.67,9.92,117.6,5.56,kft-lbs,2267.0,900.0,9.01,9.04,0.043,% total gas,600.2,SYNTHETIC
2026-09-01 19:39:34,ACTIVE-01,378,Alluvium,29.23,9.86,113.7,5.51,kft-lbs,2135.0,867.0,9.01,9.03,0.045,% total gas,599.9,SYNTHETIC
2026-09-01 19:41:39,ACTIVE-01,379,Alluvium,28.83,10.0,122.2,5.41,kft-lbs,2142.0,896.0,9.0,9.04,0.054,% total gas,600.3,SYNTHETIC
2026-09-01 19:43:57,ACTIVE-01,380,Alluvium,26.07,10.13,121.9,5.19,kft-lbs,2205.0,904.0,8.98,9.02,0.042,% total gas,600.5,SYNTHETIC
2026-09-01 19:45:50,ACTIVE-01,381,Alluvium,31.86,9.29,119.8,5.16,kft-lbs,2243.0,917.0,8.99,9.04,0.052,% total gas,600.3,SYNTHETIC
2026-09-01 19:47:44,ACTIVE-01,382,Alluvium,31.51,9.81,122.9,5.49,kft-lbs,2181.0,902.0,9.0,9.05,0.046,% total gas,600.2,SYNTHETIC
2026-09-01 19:50:08,ACTIVE-01,383,Alluvium,25.02,10.45,116.0,5.46,kft-lbs,2211.0,910.0,9.0,9.04,0.063,% total gas,600.7,SYNTHETIC
2026-09-01 19:52:17,ACTIVE-01,384,Alluvium,27.83,10.27,118.7,5.58,kft-lbs,2120.0,897.0,9.0,9.05,0.045,% total gas,600.9,SYNTHETIC
2026-09-01 19:54:29,ACTIVE-01,385,Alluvium,27.39,10.35,121.2,5.6,kft-lbs,2239.0,898.0,9.01,9.07,0.064,% total gas,601.9,SYNTHETIC
2026-09-01 19:56:45,ACTIVE-01,386,Alluvium,26.45,10.04,119.9,5.28,kft-lbs,2302.0,905.0,9.0,9.03,0.094,% total gas,601.8,SYNTHETIC
2026-09-01 19:58:53,ACTIVE-01,387,Alluvium,28.14,8.88,123.3,5.69,kft-lbs,2219.0,894.0,9.0,9.03,0.049,% total gas,601.5,SYNTHETIC
2026-09-01 20:00:43,ACTIVE-01,388,Alluvium,32.76,10.86,113.3,4.93,kft-lbs,2254.0,886.0,9.01,9.04,0.067,% total gas,601.0,SYNTHETIC
2026-09-01 20:02:46,ACTIVE-01,389,Alluvium,29.27,9.08,121.9,5.33,kft-lbs,2256.0,917.0,9.04,9.1,0.044,% total gas,601.4,SYNTHETIC
2026-09-01 20:04:58,ACTIVE-01,390,Alluvium,27.22,9.11,117.0,5.28,kft-lbs,2263.0,894.0,9.0,9.05,0.049,% total gas,601.8,SYNTHETIC
2026-09-01 20:07:07,ACTIVE-01,391,Alluvium,27.96,10.0,125.6,5.26,kft-lbs,2407.0,888.0,9.01,9.05,0.052,% total gas,601.5,SYNTHETIC
2026-09-01 20:09:31,ACTIVE-01,392,Alluvium,24.88,9.8,112.9,5.45,kft-lbs,2237.0,902.0,8.98,9.01,0.036,% total gas,601.6,SYNTHETIC
2026-09-01 20:11:44,ACTIVE-01,393,Alluvium,27.16,10.71,116.0,5.76,kft-lbs,2257.0,917.0,8.98,9.03,0.057,% total gas,602.3,SYNTHETIC
2026-09-01 20:14:08,ACTIVE-01,394,Alluvium,24.97,9.97,118.9,5.66,kft-lbs,2169.0,899.0,9.04,9.1,0.058,% total gas,601.7,SYNTHETIC
2026-09-01 20:16:22,ACTIVE-01,395,Namsang,26.94,12.98,117.6,6.78,kft-lbs,2184.0,897.0,9.0,9.06,0.101,% total gas,602.2,SYNTHETIC
2026-09-01 20:19:19,ACTIVE-01,396,Namsang,20.34,12.34,111.0,6.49,kft-lbs,2295.0,924.0,9.02,9.06,0.088,% total gas,602.3,SYNTHETIC
2026-09-01 20:21:52,ACTIVE-01,397,Namsang,23.52,12.28,123.7,6.59,kft-lbs,2258.0,903.0,9.04,9.09,0.151,% total gas,602.4,SYNTHETIC
2026-09-01 20:24:48,ACTIVE-01,398,Namsang,20.45,13.66,116.1,6.33,kft-lbs,2321.0,904.0,8.98,9.03,0.113,% total gas,602.4,SYNTHETIC
2026-09-01 20:27:38,ACTIVE-01,399,Namsang,21.18,12.35,117.6,6.93,kft-lbs,2195.0,906.0,8.99,9.04,0.119,% total gas,602.5,SYNTHETIC
2026-09-01 20:30:05,ACTIVE-01,400,Namsang,24.38,13.09,120.4,6.46,kft-lbs,2344.0,902.0,8.99,9.03,0.136,% total gas,602.7,SYNTHETIC
2026-09-01 20:33:17,ACTIVE-01,401,Namsang,18.82,13.42,120.4,6.91,kft-lbs,2295.0,897.0,8.99,9.04,0.104,% total gas,602.6,SYNTHETIC
2026-09-01 20:36:15,ACTIVE-01,402,Namsang,20.18,14.34,123.4,6.56,kft-lbs,2197.0,906.0,8.98,9.01,0.111,% total gas,602.9,SYNTHETIC
2026-09-01 20:38:35,ACTIVE-01,403,Namsang,25.7,13.62,118.0,7.12,kft-lbs,2254.0,894.0,9.0,9.06,0.084,% total gas,603.3,SYNTHETIC
2026-09-01 20:41:12,ACTIVE-01,404,Namsang,22.9,13.63,119.5,7.52,kft-lbs,2268.0,898.0,9.02,9.06,0.086,% total gas,603.2,SYNTHETIC
2026-09-01 20:44:00,ACTIVE-01,405,Namsang,21.42,13.7,125.5,6.57,kft-lbs,2275.0,895.0,8.97,9.0,0.076,% total gas,603.3,SYNTHETIC
2026-09-01 20:46:27,ACTIVE-01,406,Namsang,24.6,13.67,123.5,6.72,kft-lbs,2248.0,897.0,9.0,9.04,0.1,% total gas,602.2,SYNTHETIC
2026-09-01 20:48:57,ACTIVE-01,407,Namsang,23.93,12.28,121.0,7.01,kft-lbs,2273.0,894.0,8.99,9.02,0.102,% total gas,602.1,SYNTHETIC
2026-09-01 20:51:33,ACTIVE-01,408,Namsang,23.04,13.33,115.8,6.57,kft-lbs,2239.0,912.0,9.01,9.05,0.14,% total gas,602.3,SYNTHETIC
2026-09-01 20:54:24,ACTIVE-01,409,Namsang,21.12,12.63,125.9,6.69,kft-lbs,2177.0,895.0,8.98,9.01,0.084,% total gas,602.8,SYNTHETIC
2026-09-01 20:57:14,ACTIVE-01,410,Namsang,21.12,12.74,115.0,7.12,kft-lbs,2299.0,899.0,8.98,9.02,0.102,% total gas,603.1,SYNTHETIC
2026-09-01 21:00:05,ACTIVE-01,411,Namsang,21.08,13.26,121.5,6.23,kft-lbs,2282.0,900.0,9.0,9.05,0.104,% total gas,602.6,SYNTHETIC
2026-09-01 21:02:34,ACTIVE-01,412,Namsang,24.18,12.85,117.3,6.8,kft-lbs,2228.0,889.0,8.98,9.02,0.12,% total gas,603.1,SYNTHETIC
2026-09-01 21:05:15,ACTIVE-01,413,Namsang,22.34,13.14,116.0,7.2,kft-lbs,2173.0,912.0,8.99,9.04,0.073,% total gas,603.2,SYNTHETIC
2026-09-01 21:07:51,ACTIVE-01,414,Namsang,23.16,13.0,118.3,6.76,kft-lbs,2227.0,887.0,9.0,9.06,0.093,% total gas,603.0,SYNTHETIC
2026-09-01 21:10:20,ACTIVE-01,415,Namsang,24.16,13.17,122.3,6.89,kft-lbs,2235.0,896.0,8.99,9.05,0.118,% total gas,603.1,SYNTHETIC
2026-09-01 21:12:56,ACTIVE-01,416,Namsang,22.96,12.69,121.4,6.99,kft-lbs,2286.0,889.0,8.98,9.03,0.099,% total gas,602.4,SYNTHETIC
2026-09-01 21:15:42,ACTIVE-01,417,Namsang,21.7,13.85,124.2,7.15,kft-lbs,2271.0,891.0,9.02,9.05,0.084,% total gas,602.4,SYNTHETIC
2026-09-01 21:18:21,ACTIVE-01,418,Namsang,22.72,14.13,114.4,6.56,kft-lbs,2272.0,889.0,9.02,9.06,0.111,% total gas,603.3,SYNTHETIC
2026-09-01 21:20:58,ACTIVE-01,419,Namsang,22.9,13.83,118.4,6.24,kft-lbs,2294.0,890.0,8.99,9.05,0.086,% total gas,603.2,SYNTHETIC
2026-09-01 21:23:36,ACTIVE-01,420,Namsang,22.75,12.65,122.1,6.61,kft-lbs,2284.0,893.0,9.03,9.1,0.091,% total gas,603.2,SYNTHETIC
2026-09-01 21:26:24,ACTIVE-01,421,Namsang,21.49,12.39,122.0,7.03,kft-lbs,2205.0,910.0,8.99,9.04,0.09,% total gas,602.7,SYNTHETIC
2026-09-01 21:29:04,ACTIVE-01,422,Namsang,22.39,13.77,116.0,6.94,kft-lbs,2218.0,898.0,9.02,9.06,0.109,% total gas,602.1,SYNTHETIC
2026-09-01 21:31:51,ACTIVE-01,423,Namsang,21.63,12.42,118.3,6.95,kft-lbs,2207.0,906.0,8.99,9.04,0.139,% total gas,602.0,SYNTHETIC
2026-09-01 21:35:25,ACTIVE-01,424,Namsang,16.84,14.44,121.9,7.06,kft-lbs,2258.0,899.0,9.01,9.06,0.087,% total gas,602.2,SYNTHETIC
2026-09-01 21:38:12,ACTIVE-01,425,Namsang,21.57,12.62,118.3,7.04,kft-lbs,2264.0,908.0,9.01,9.06,0.148,% total gas,602.2,SYNTHETIC
2026-09-01 21:41:02,ACTIVE-01,426,Namsang,21.06,13.03,118.9,7.38,kft-lbs,2265.0,900.0,8.99,9.04,0.115,% total gas,602.6,SYNTHETIC
2026-09-01 21:44:00,ACTIVE-01,427,Namsang,20.23,12.27,120.1,6.96,kft-lbs,2233.0,895.0,9.02,9.06,0.101,% total gas,602.3,SYNTHETIC
2026-09-01 21:46:48,ACTIVE-01,428,Namsang,21.47,13.24,123.7,7.24,kft-lbs,2290.0,908.0,9.01,9.06,0.057,% total gas,601.4,SYNTHETIC
2026-09-01 21:49:46,ACTIVE-01,429,Namsang,20.27,13.82,120.2,6.55,kft-lbs,2269.0,895.0,8.99,9.05,0.111,% total gas,601.3,SYNTHETIC
2026-09-01 21:53:13,ACTIVE-01,430,Namsang,17.37,12.92,124.6,7.34,kft-lbs,2225.0,892.0,9.0,9.04,0.099,% total gas,600.5,SYNTHETIC
2026-09-01 21:55:36,ACTIVE-01,431,Namsang,25.23,13.55,125.2,7.15,kft-lbs,2208.0,907.0,9.01,9.05,0.097,% total gas,601.3,SYNTHETIC
2026-09-01 21:58:12,ACTIVE-01,432,Namsang,23.04,12.76,113.5,6.51,kft-lbs,2223.0,890.0,9.01,9.07,0.102,% total gas,601.1,SYNTHETIC
2026-09-01 22:01:05,ACTIVE-01,433,Namsang,20.75,12.12,117.5,6.7,kft-lbs,2248.0,906.0,9.02,9.06,0.117,% total gas,601.4,SYNTHETIC
2026-09-01 22:03:40,ACTIVE-01,434,Namsang,23.28,12.69,116.7,6.65,kft-lbs,2306.0,902.0,8.97,9.03,0.129,% total gas,601.2,SYNTHETIC
2026-09-01 22:06:33,ACTIVE-01,435,Namsang,20.86,12.53,124.2,6.19,kft-lbs,2247.0,881.0,9.02,9.07,0.115,% total gas,601.4,SYNTHETIC
2026-09-01 22:09:11,ACTIVE-01,436,Namsang,22.72,12.59,122.6,7.31,kft-lbs,2367.0,903.0,9.0,9.05,0.093,% total gas,601.7,SYNTHETIC
2026-09-01 22:12:23,ACTIVE-01,437,Namsang,18.75,13.62,125.5,7.16,kft-lbs,2297.0,905.0,8.99,9.03,0.115,% total gas,602.0,SYNTHETIC
2026-09-01 22:14:51,ACTIVE-01,438,Namsang,24.4,14.23,123.6,6.94,kft-lbs,2313.0,905.0,8.98,9.0,0.153,% total gas,602.0,SYNTHETIC
2026-09-01 22:17:45,ACTIVE-01,439,Namsang,20.65,12.64,127.8,7.15,kft-lbs,2207.0,913.0,9.01,9.08,0.07,% total gas,602.0,SYNTHETIC
2026-09-01 22:20:29,ACTIVE-01,440,Namsang,21.9,14.01,120.7,6.48,kft-lbs,2313.0,911.0,9.0,9.05,0.137,% total gas,602.6,SYNTHETIC
2026-09-01 22:23:02,ACTIVE-01,441,Namsang,23.56,12.96,120.0,7.04,kft-lbs,2241.0,904.0,9.02,9.07,0.13,% total gas,602.3,SYNTHETIC
2026-09-01 22:25:33,ACTIVE-01,442,Namsang,23.86,13.05,117.0,6.67,kft-lbs,2307.0,897.0,9.02,9.08,0.141,% total gas,602.1,SYNTHETIC
2026-09-01 22:28:46,ACTIVE-01,443,Namsang,18.64,13.41,122.4,6.73,kft-lbs,2287.0,908.0,8.99,9.05,0.098,% total gas,601.8,SYNTHETIC
2026-09-01 22:31:35,ACTIVE-01,444,Namsang,21.32,13.63,123.6,7.21,kft-lbs,2261.0,904.0,9.01,9.07,0.095,% total gas,601.7,SYNTHETIC
2026-09-01 22:34:30,ACTIVE-01,445,Namsang,20.58,12.41,128.2,6.77,kft-lbs,2289.0,900.0,8.99,9.05,0.054,% total gas,601.8,SYNTHETIC
2026-09-01 22:36:59,ACTIVE-01,446,Namsang,24.09,12.9,124.5,6.6,kft-lbs,2338.0,909.0,9.0,9.04,0.097,% total gas,601.4,SYNTHETIC
2026-09-01 22:40:02,ACTIVE-01,447,Namsang,19.75,13.14,120.4,7.17,kft-lbs,2388.0,893.0,9.01,9.06,0.139,% total gas,601.3,SYNTHETIC
2026-09-01 22:42:38,ACTIVE-01,448,Namsang,23.01,12.89,118.2,7.4,kft-lbs,2256.0,895.0,9.0,9.05,0.083,% total gas,601.2,SYNTHETIC
2026-09-01 22:45:09,ACTIVE-01,449,Namsang,23.82,12.88,115.2,7.68,kft-lbs,2306.0,896.0,9.02,9.07,0.101,% total gas,601.2,SYNTHETIC
2026-09-01 22:47:36,ACTIVE-01,450,Namsang,24.47,12.37,113.6,6.67,kft-lbs,2276.0,909.0,8.99,9.05,0.112,% total gas,601.4,SYNTHETIC
2026-09-01 22:50:36,ACTIVE-01,451,Namsang,20.01,12.53,121.3,7.0,kft-lbs,2307.0,900.0,9.03,9.08,0.092,% total gas,601.4,SYNTHETIC
2026-09-01 22:53:27,ACTIVE-01,452,Namsang,21.07,12.88,121.3,7.57,kft-lbs,2325.0,910.0,9.02,9.07,0.081,% total gas,601.1,SYNTHETIC
2026-09-01 22:56:46,ACTIVE-01,453,Namsang,18.11,12.96,115.8,7.21,kft-lbs,2267.0,901.0,9.01,9.07,0.105,% total gas,601.1,SYNTHETIC
2026-09-01 22:59:53,ACTIVE-01,454,Namsang,19.2,13.22,122.2,6.31,kft-lbs,2261.0,900.0,8.99,9.04,0.072,% total gas,600.9,SYNTHETIC
2026-09-01 23:02:35,ACTIVE-01,455,Namsang,22.27,13.2,117.7,6.74,kft-lbs,2222.0,901.0,9.01,9.07,0.108,% total gas,600.6,SYNTHETIC
2026-09-01 23:05:24,ACTIVE-01,456,Namsang,21.33,12.67,121.3,7.34,kft-lbs,2358.0,893.0,9.0,9.06,0.071,% total gas,601.5,SYNTHETIC
2026-09-01 23:07:55,ACTIVE-01,457,Namsang,23.78,12.71,121.4,6.98,kft-lbs,2232.0,902.0,9.02,9.07,0.092,% total gas,601.2,SYNTHETIC
2026-09-01 23:10:33,ACTIVE-01,458,Namsang,22.83,12.97,116.4,6.49,kft-lbs,2351.0,904.0,9.02,9.07,0.094,% total gas,600.5,SYNTHETIC
2026-09-01 23:13:40,ACTIVE-01,459,Namsang,19.21,13.99,115.1,6.92,kft-lbs,2271.0,892.0,9.02,9.08,0.149,% total gas,599.8,SYNTHETIC
2026-09-01 23:16:14,ACTIVE-01,460,Namsang,23.37,13.87,120.4,6.87,kft-lbs,2225.0,901.0,8.99,9.05,0.063,% total gas,599.6,SYNTHETIC
2026-09-01 23:19:13,ACTIVE-01,461,Namsang,20.12,12.33,123.2,6.6,kft-lbs,2238.0,902.0,9.01,9.05,0.074,% total gas,599.5,SYNTHETIC
2026-09-01 23:22:11,ACTIVE-01,462,Namsang,20.27,12.38,126.0,6.83,kft-lbs,2313.0,898.0,9.01,9.05,0.082,% total gas,599.1,SYNTHETIC
2026-09-01 23:25:08,ACTIVE-01,463,Namsang,20.3,12.98,118.2,7.08,kft-lbs,2389.0,910.0,9.01,9.06,0.13,% total gas,598.5,SYNTHETIC
2026-09-01 23:28:30,ACTIVE-01,464,Namsang,17.81,12.74,120.1,6.98,kft-lbs,2308.0,906.0,8.98,9.02,0.093,% total gas,598.4,SYNTHETIC
2026-09-01 23:31:15,ACTIVE-01,465,Namsang,21.8,13.0,123.9,7.34,kft-lbs,2322.0,884.0,9.0,9.06,0.105,% total gas,598.5,SYNTHETIC
2026-09-01 23:33:54,ACTIVE-01,466,Namsang,22.77,12.23,115.1,6.71,kft-lbs,2210.0,894.0,9.02,9.08,0.12,% total gas,598.3,SYNTHETIC
2026-09-01 23:36:29,ACTIVE-01,467,Namsang,23.12,13.16,111.1,6.87,kft-lbs,2319.0,904.0,8.99,9.05,0.073,% total gas,599.4,SYNTHETIC
2026-09-01 23:39:14,ACTIVE-01,468,Namsang,21.8,13.09,121.8,7.49,kft-lbs,2291.0,903.0,9.01,9.08,0.129,% total gas,598.9,SYNTHETIC
2026-09-01 23:42:08,ACTIVE-01,469,Namsang,20.76,13.08,120.0,7.23,kft-lbs,2300.0,894.0,9.02,9.09,0.101,% total gas,599.1,SYNTHETIC
2026-09-01 23:45:16,ACTIVE-01,470,Namsang,19.16,12.33,110.8,7.4,kft-lbs,2323.0,903.0,9.01,9.05,0.095,% total gas,598.8,SYNTHETIC
2026-09-01 23:47:43,ACTIVE-01,471,Namsang,24.4,12.72,122.5,6.54,kft-lbs,2283.0,894.0,8.97,9.03,0.116,% total gas,598.9,SYNTHETIC
2026-09-01 23:50:14,ACTIVE-01,472,Namsang,23.87,13.42,120.1,6.67,kft-lbs,2257.0,913.0,8.98,9.06,0.096,% total gas,599.4,SYNTHETIC
2026-09-01 23:52:57,ACTIVE-01,473,Namsang,22.15,12.77,128.3,7.19,kft-lbs,2258.0,897.0,8.99,9.04,0.093,% total gas,599.4,SYNTHETIC
2026-09-01 23:55:31,ACTIVE-01,474,Namsang,23.29,13.52,117.8,7.0,kft-lbs,2337.0,896.0,8.98,9.03,0.084,% total gas,599.8,SYNTHETIC
2026-09-01 23:58:26,ACTIVE-01,475,Namsang,20.63,12.94,118.6,7.4,kft-lbs,2321.0,880.0,8.98,9.03,0.109,% total gas,599.2,SYNTHETIC
2026-09-02 00:01:13,ACTIVE-01,476,Namsang,21.52,12.13,121.0,6.46,kft-lbs,2341.0,892.0,9.0,9.05,0.112,% total gas,599.1,SYNTHETIC
2026-09-02 00:03:45,ACTIVE-01,477,Namsang,23.7,12.9,115.7,6.67,kft-lbs,2285.0,909.0,8.98,9.05,0.105,% total gas,599.2,SYNTHETIC
2026-09-02 00:06:35,ACTIVE-01,478,Namsang,21.22,13.17,120.3,6.88,kft-lbs,2245.0,909.0,9.04,9.11,0.099,% total gas,600.4,SYNTHETIC
2026-09-02 00:08:55,ACTIVE-01,479,Namsang,25.59,12.22,117.7,8.04,kft-lbs,2215.0,898.0,9.01,9.07,0.074,% total gas,599.9,SYNTHETIC
2026-09-02 00:11:31,ACTIVE-01,480,Namsang,23.09,12.13,122.6,7.28,kft-lbs,2319.0,914.0,9.02,9.08,0.134,% total gas,600.2,SYNTHETIC
2026-09-02 00:14:12,ACTIVE-01,481,Namsang,22.43,13.45,122.3,6.83,kft-lbs,2235.0,885.0,9.04,9.09,0.07,% total gas,599.6,SYNTHETIC
2026-09-02 00:16:39,ACTIVE-01,482,Namsang,24.46,12.79,119.2,6.65,kft-lbs,2259.0,904.0,8.99,9.05,0.096,% total gas,599.9,SYNTHETIC
2026-09-02 00:19:33,ACTIVE-01,483,Namsang,20.7,13.83,123.3,7.27,kft-lbs,2270.0,907.0,8.97,9.04,0.138,% total gas,599.8,SYNTHETIC
2026-09-02 00:21:53,ACTIVE-01,484,Namsang,25.63,13.02,113.9,7.01,kft-lbs,2329.0,901.0,8.98,9.04,0.083,% total gas,600.5,SYNTHETIC
2026-09-02 00:24:31,ACTIVE-01,485,Namsang,22.75,13.68,120.2,7.54,kft-lbs,2379.0,906.0,9.0,9.06,0.141,% total gas,600.6,SYNTHETIC
2026-09-02 00:27:36,ACTIVE-01,486,Namsang,19.51,12.57,121.7,6.21,kft-lbs,2298.0,900.0,8.96,8.99,0.118,% total gas,600.5,SYNTHETIC
2026-09-02 00:30:14,ACTIVE-01,487,Namsang,22.84,11.21,118.8,7.17,kft-lbs,2328.0,895.0,9.01,9.08,0.079,% total gas,600.7,SYNTHETIC
2026-09-02 00:33:16,ACTIVE-01,488,Namsang,19.74,12.25,118.9,7.58,kft-lbs,2355.0,896.0,9.05,9.1,0.128,% total gas,601.4,SYNTHETIC
2026-09-02 00:36:13,ACTIVE-01,489,Namsang,20.36,14.18,121.0,6.01,kft-lbs,2327.0,901.0,9.01,9.07,0.156,% total gas,600.9,SYNTHETIC
2026-09-02 00:38:56,ACTIVE-01,490,Namsang,22.07,12.6,118.2,7.02,kft-lbs,2365.0,893.0,8.99,9.06,0.065,% total gas,600.9,SYNTHETIC
2026-09-02 00:41:34,ACTIVE-01,491,Namsang,22.79,12.81,118.5,7.14,kft-lbs,2348.0,887.0,8.99,9.04,0.088,% total gas,600.7,SYNTHETIC
2026-09-02 00:44:56,ACTIVE-01,492,Namsang,17.79,12.21,116.9,6.9,kft-lbs,2315.0,890.0,8.98,9.01,0.101,% total gas,601.0,SYNTHETIC
2026-09-02 00:47:55,ACTIVE-01,493,Namsang,20.13,13.7,120.2,6.99,kft-lbs,2379.0,890.0,9.0,9.06,0.11,% total gas,600.7,SYNTHETIC
2026-09-02 00:50:29,ACTIVE-01,494,Namsang,23.39,13.18,117.5,6.49,kft-lbs,2278.0,889.0,9.0,9.07,0.102,% total gas,601.7,SYNTHETIC
2026-09-02 00:53:03,ACTIVE-01,495,Namsang,23.38,12.42,119.2,6.6,kft-lbs,2295.0,896.0,9.01,9.07,0.076,% total gas,601.9,SYNTHETIC
2026-09-02 00:55:56,ACTIVE-01,496,Namsang,20.8,13.09,120.6,7.07,kft-lbs,2343.0,895.0,9.02,9.08,0.088,% total gas,602.2,SYNTHETIC
2026-09-02 00:58:09,ACTIVE-01,497,Namsang,27.12,12.19,117.7,6.72,kft-lbs,2288.0,911.0,8.97,9.03,0.105,% total gas,601.7,SYNTHETIC
2026-09-02 01:00:43,ACTIVE-01,498,Namsang,23.36,13.72,122.8,6.97,kft-lbs,2307.0,893.0,9.0,9.06,0.114,% total gas,601.8,SYNTHETIC
2026-09-02 01:03:46,ACTIVE-01,499,Namsang,19.7,13.21,120.3,6.6,kft-lbs,2434.0,912.0,8.96,9.03,0.064,% total gas,602.3,SYNTHETIC
2026-09-02 01:06:07,ACTIVE-01,500,Namsang,25.49,13.23,121.6,6.42,kft-lbs,2319.0,891.0,9.02,9.08,0.121,% total gas,601.9,SYNTHETIC
2026-09-02 01:08:54,ACTIVE-01,501,Namsang,21.52,12.19,122.3,7.42,kft-lbs,2272.0,900.0,8.98,9.04,0.079,% total gas,601.9,SYNTHETIC
2026-09-02 01:11:39,ACTIVE-01,502,Namsang,21.81,12.82,113.3,7.18,kft-lbs,2361.0,898.0,8.99,9.05,0.191,% total gas,602.0,SYNTHETIC
2026-09-02 01:14:22,ACTIVE-01,503,Namsang,22.13,13.45,118.3,7.31,kft-lbs,2321.0,886.0,9.01,9.07,0.181,% total gas,602.2,SYNTHETIC
2026-09-02 01:16:57,ACTIVE-01,504,Namsang,23.16,12.79,118.0,7.03,kft-lbs,2382.0,899.0,9.01,9.07,0.09,% total gas,602.1,SYNTHETIC
2026-09-02 01:19:39,ACTIVE-01,505,Namsang,22.21,12.64,123.6,7.3,kft-lbs,2353.0,892.0,9.02,9.08,0.12,% total gas,601.4,SYNTHETIC
2026-09-02 01:22:01,ACTIVE-01,506,Namsang,25.43,12.26,127.5,7.18,kft-lbs,2353.0,905.0,8.98,9.03,0.084,% total gas,601.0,SYNTHETIC
2026-09-02 01:24:45,ACTIVE-01,507,Namsang,21.93,13.07,125.4,7.01,kft-lbs,2343.0,905.0,9.01,9.06,0.098,% total gas,601.2,SYNTHETIC
2026-09-02 01:27:35,ACTIVE-01,508,Namsang,21.13,13.2,119.3,6.6,kft-lbs,2335.0,887.0,9.0,9.07,0.093,% total gas,600.6,SYNTHETIC
2026-09-02 01:30:08,ACTIVE-01,509,Namsang,23.6,12.87,121.1,7.03,kft-lbs,2346.0,910.0,9.01,9.07,0.072,% total gas,600.7,SYNTHETIC
2026-09-02 01:32:40,ACTIVE-01,510,Namsang,23.61,13.27,118.1,6.7,kft-lbs,2374.0,902.0,8.99,9.06,0.161,% total gas,600.7,SYNTHETIC
2026-09-02 01:35:38,ACTIVE-01,511,Namsang,20.26,12.92,119.4,6.98,kft-lbs,2385.0,902.0,9.04,9.1,0.15,% total gas,600.1,SYNTHETIC
2026-09-02 01:38:23,ACTIVE-01,512,Namsang,21.82,12.59,123.8,6.94,kft-lbs,2320.0,894.0,9.01,9.07,0.08,% total gas,600.5,SYNTHETIC
2026-09-02 01:41:03,ACTIVE-01,513,Namsang,22.47,12.66,115.2,7.1,kft-lbs,2394.0,895.0,8.98,9.02,0.157,% total gas,600.0,SYNTHETIC
2026-09-02 01:43:27,ACTIVE-01,514,Namsang,25.14,12.59,117.7,7.16,kft-lbs,2334.0,892.0,9.02,9.07,0.116,% total gas,600.0,SYNTHETIC
2026-09-02 01:46:40,ACTIVE-01,515,Namsang,18.58,14.45,129.7,7.31,kft-lbs,2326.0,898.0,9.01,9.07,0.093,% total gas,599.5,SYNTHETIC
2026-09-02 01:49:26,ACTIVE-01,516,Namsang,21.76,12.66,118.8,7.04,kft-lbs,2365.0,890.0,9.03,9.07,0.101,% total gas,599.5,SYNTHETIC
2026-09-02 01:51:59,ACTIVE-01,517,Namsang,23.5,12.84,118.5,6.63,kft-lbs,2309.0,903.0,8.98,9.05,0.062,% total gas,599.1,SYNTHETIC
2026-09-02 01:54:33,ACTIVE-01,518,Namsang,23.35,13.42,119.3,7.25,kft-lbs,2321.0,898.0,9.01,9.08,0.097,% total gas,599.0,SYNTHETIC
2026-09-02 01:57:14,ACTIVE-01,519,Namsang,22.33,13.78,121.0,7.11,kft-lbs,2380.0,885.0,8.99,9.05,0.08,% total gas,598.9,SYNTHETIC
2026-09-02 01:59:40,ACTIVE-01,520,Namsang,24.66,13.17,123.1,7.06,kft-lbs,2293.0,897.0,9.0,9.06,0.098,% total gas,599.1,SYNTHETIC
2026-09-02 02:02:38,ACTIVE-01,521,Namsang,20.3,12.65,115.1,7.52,kft-lbs,2332.0,906.0,9.02,9.08,0.08,% total gas,599.1,SYNTHETIC
2026-09-02 02:05:28,ACTIVE-01,522,Namsang,21.18,12.68,116.5,7.44,kft-lbs,2376.0,899.0,9.0,9.08,0.09,% total gas,599.7,SYNTHETIC
2026-09-02 02:08:19,ACTIVE-01,523,Namsang,20.97,11.87,115.9,6.94,kft-lbs,2323.0,892.0,9.01,9.08,0.122,% total gas,599.8,SYNTHETIC
2026-09-02 02:11:13,ACTIVE-01,524,Namsang,20.78,12.91,124.5,7.59,kft-lbs,2417.0,910.0,8.96,9.02,0.11,% total gas,600.0,SYNTHETIC
2026-09-02 02:14:01,ACTIVE-01,525,Namsang,21.42,13.07,113.8,7.02,kft-lbs,2305.0,895.0,9.0,9.07,0.065,% total gas,600.2,SYNTHETIC
2026-09-02 02:16:42,ACTIVE-01,526,Namsang,22.34,13.3,115.7,6.98,kft-lbs,2358.0,907.0,9.0,9.06,0.074,% total gas,599.8,SYNTHETIC
2026-09-02 02:19:16,ACTIVE-01,527,Namsang,23.38,12.01,115.4,6.8,kft-lbs,2302.0,902.0,9.04,9.11,0.09,% total gas,599.6,SYNTHETIC
2026-09-02 02:22:07,ACTIVE-01,528,Namsang,21.07,13.29,118.9,6.96,kft-lbs,2372.0,905.0,8.97,9.03,0.084,% total gas,599.6,SYNTHETIC
2026-09-02 02:24:35,ACTIVE-01,529,Namsang,24.22,12.93,121.4,7.27,kft-lbs,2424.0,894.0,9.02,9.08,0.136,% total gas,599.2,SYNTHETIC
2026-09-02 02:27:45,ACTIVE-01,530,Namsang,18.94,13.59,118.6,6.71,kft-lbs,2352.0,893.0,8.98,9.04,0.087,% total gas,599.6,SYNTHETIC
2026-09-02 02:30:28,ACTIVE-01,531,Namsang,22.12,12.67,123.2,6.8,kft-lbs,2258.0,900.0,8.98,9.04,0.063,% total gas,599.3,SYNTHETIC
2026-09-02 02:32:59,ACTIVE-01,532,Namsang,23.81,13.06,127.9,6.77,kft-lbs,2325.0,902.0,8.97,9.03,0.088,% total gas,599.5,SYNTHETIC
2026-09-02 02:35:45,ACTIVE-01,533,Namsang,21.68,13.95,115.9,7.47,kft-lbs,2342.0,902.0,8.99,9.07,0.073,% total gas,599.0,SYNTHETIC
2026-09-02 02:38:30,ACTIVE-01,534,Namsang,21.91,13.21,124.1,6.79,kft-lbs,2394.0,899.0,9.01,9.07,0.105,% total gas,599.3,SYNTHETIC
2026-09-02 02:41:47,ACTIVE-01,535,Namsang,18.22,12.05,124.0,6.85,kft-lbs,2307.0,916.0,8.99,9.04,0.098,% total gas,599.6,SYNTHETIC
2026-09-02 02:44:28,ACTIVE-01,536,Namsang,22.42,13.18,119.2,6.92,kft-lbs,2341.0,895.0,8.99,9.06,0.057,% total gas,600.0,SYNTHETIC
2026-09-02 02:47:13,ACTIVE-01,537,Namsang,21.84,12.91,119.6,7.15,kft-lbs,2346.0,903.0,8.97,9.03,0.107,% total gas,600.0,SYNTHETIC
2026-09-02 02:49:54,ACTIVE-01,538,Namsang,22.32,14.04,121.2,7.18,kft-lbs,2292.0,912.0,9.03,9.11,0.1,% total gas,599.9,SYNTHETIC
2026-09-02 02:52:39,ACTIVE-01,539,Namsang,21.85,12.98,117.7,6.86,kft-lbs,2267.0,883.0,9.02,9.07,0.073,% total gas,599.4,SYNTHETIC
2026-09-02 02:55:05,ACTIVE-01,540,Namsang,24.61,13.26,114.8,7.19,kft-lbs,2377.0,895.0,9.01,9.1,0.07,% total gas,599.5,SYNTHETIC
2026-09-02 02:57:54,ACTIVE-01,541,Namsang,21.34,12.29,116.6,7.69,kft-lbs,2429.0,912.0,8.98,9.04,0.078,% total gas,600.0,SYNTHETIC
2026-09-02 03:00:32,ACTIVE-01,542,Namsang,22.69,14.15,117.5,6.84,kft-lbs,2330.0,899.0,8.99,9.05,0.107,% total gas,599.7,SYNTHETIC
2026-09-02 03:03:16,ACTIVE-01,543,Namsang,22.04,12.65,118.2,7.23,kft-lbs,2421.0,899.0,9.0,9.04,0.105,% total gas,600.3,SYNTHETIC
2026-09-02 03:05:51,ACTIVE-01,544,Namsang,23.24,13.5,118.0,6.91,kft-lbs,2332.0,912.0,8.99,9.06,0.125,% total gas,600.3,SYNTHETIC
2026-09-02 03:08:27,ACTIVE-01,545,Namsang,23.01,13.17,124.3,7.2,kft-lbs,2371.0,903.0,8.99,9.04,0.084,% total gas,599.8,SYNTHETIC
2026-09-02 03:11:42,ACTIVE-01,546,Namsang,18.42,12.76,116.8,7.13,kft-lbs,2338.0,904.0,9.03,9.1,0.116,% total gas,599.9,SYNTHETIC
2026-09-02 03:14:34,ACTIVE-01,547,Namsang,21.03,13.51,119.1,6.12,kft-lbs,2409.0,896.0,8.99,9.05,0.123,% total gas,600.6,SYNTHETIC
2026-09-02 03:17:20,ACTIVE-01,548,Namsang,21.59,11.73,115.9,7.13,kft-lbs,2417.0,890.0,9.02,9.07,0.105,% total gas,600.1,SYNTHETIC
2026-09-02 03:20:10,ACTIVE-01,549,Namsang,21.28,13.07,123.5,7.8,kft-lbs,2406.0,900.0,9.01,9.06,0.115,% total gas,599.4,SYNTHETIC
2026-09-02 03:22:40,ACTIVE-01,550,Namsang,23.88,13.07,120.9,6.63,kft-lbs,2410.0,907.0,9.0,9.07,0.148,% total gas,599.7,SYNTHETIC
2026-09-02 03:25:52,ACTIVE-01,551,Namsang,18.82,13.32,120.7,6.65,kft-lbs,2380.0,901.0,9.05,9.11,0.094,% total gas,599.6,SYNTHETIC
2026-09-02 03:28:52,ACTIVE-01,552,Namsang,19.96,12.38,117.3,6.61,kft-lbs,2400.0,880.0,8.98,9.05,0.115,% total gas,599.6,SYNTHETIC
2026-09-02 03:31:26,ACTIVE-01,553,Namsang,23.3,12.84,125.1,7.04,kft-lbs,2397.0,884.0,8.98,9.05,0.12,% total gas,599.2,SYNTHETIC
2026-09-02 03:34:04,ACTIVE-01,554,Namsang,22.84,13.51,120.3,7.14,kft-lbs,2315.0,909.0,9.0,9.07,0.148,% total gas,598.8,SYNTHETIC
2026-09-02 03:36:35,ACTIVE-01,555,Namsang,23.93,13.61,121.4,6.96,kft-lbs,2385.0,897.0,8.97,9.04,0.116,% total gas,599.1,SYNTHETIC
2026-09-02 03:39:37,ACTIVE-01,556,Namsang,19.71,12.96,119.4,7.53,kft-lbs,2357.0,886.0,9.02,9.07,0.13,% total gas,598.8,SYNTHETIC
2026-09-02 03:42:00,ACTIVE-01,557,Namsang,25.13,12.74,119.6,6.93,kft-lbs,2304.0,896.0,9.01,9.07,0.109,% total gas,598.5,SYNTHETIC
2026-09-02 03:44:52,ACTIVE-01,558,Namsang,20.97,11.24,119.1,7.34,kft-lbs,2380.0,905.0,9.0,9.07,0.113,% total gas,598.4,SYNTHETIC
2026-09-02 03:47:58,ACTIVE-01,559,Namsang,19.4,11.83,116.3,7.69,kft-lbs,2332.0,910.0,9.02,9.1,0.093,% total gas,598.4,SYNTHETIC
2026-09-02 03:50:59,ACTIVE-01,560,Namsang,19.9,13.06,122.9,7.57,kft-lbs,2384.0,903.0,8.99,9.06,0.097,% total gas,598.8,SYNTHETIC
2026-09-02 03:53:25,ACTIVE-01,561,Namsang,24.67,12.41,111.8,6.99,kft-lbs,2324.0,909.0,8.99,9.05,0.102,% total gas,599.2,SYNTHETIC
2026-09-02 03:55:44,ACTIVE-01,562,Namsang,25.81,13.58,118.1,7.04,kft-lbs,2357.0,892.0,8.97,9.03,0.074,% total gas,598.9,SYNTHETIC
2026-09-02 03:58:36,ACTIVE-01,563,Namsang,20.91,12.81,124.9,6.83,kft-lbs,2310.0,894.0,9.0,9.07,0.191,% total gas,599.3,SYNTHETIC
2026-09-02 04:01:25,ACTIVE-01,564,Namsang,21.31,13.8,118.9,7.37,kft-lbs,2334.0,884.0,8.99,9.07,0.084,% total gas,599.8,SYNTHETIC
2026-09-02 04:04:10,ACTIVE-01,565,Namsang,21.83,13.07,117.8,7.48,kft-lbs,2253.0,905.0,9.03,9.09,0.083,% total gas,599.9,SYNTHETIC
2026-09-02 04:07:05,ACTIVE-01,566,Namsang,20.6,15.1,115.6,7.03,kft-lbs,2363.0,892.0,8.98,9.05,0.089,% total gas,599.5,SYNTHETIC
2026-09-02 04:09:35,ACTIVE-01,567,Namsang,23.98,13.08,117.6,6.41,kft-lbs,2335.0,888.0,9.01,9.07,0.068,% total gas,599.4,SYNTHETIC
2026-09-02 04:12:10,ACTIVE-01,568,Namsang,23.25,14.24,121.4,7.33,kft-lbs,2325.0,906.0,8.95,9.01,0.09,% total gas,599.3,SYNTHETIC
2026-09-02 04:14:50,ACTIVE-01,569,Namsang,22.46,12.72,117.5,7.26,kft-lbs,2402.0,914.0,8.99,9.05,0.095,% total gas,599.6,SYNTHETIC
2026-09-02 04:17:28,ACTIVE-01,570,Namsang,22.78,11.91,124.1,7.41,kft-lbs,2360.0,913.0,9.01,9.08,0.125,% total gas,599.9,SYNTHETIC
2026-09-02 04:20:16,ACTIVE-01,571,Namsang,21.48,13.04,122.7,7.01,kft-lbs,2292.0,906.0,8.97,9.04,0.082,% total gas,599.1,SYNTHETIC
2026-09-02 04:22:44,ACTIVE-01,572,Namsang,24.34,13.1,117.0,7.15,kft-lbs,2374.0,906.0,9.04,9.11,0.109,% total gas,598.5,SYNTHETIC
2026-09-02 04:25:35,ACTIVE-01,573,Namsang,21.0,11.93,118.8,7.16,kft-lbs,2342.0,896.0,9.02,9.09,0.129,% total gas,598.3,SYNTHETIC
2026-09-02 04:28:10,ACTIVE-01,574,Namsang,23.29,12.26,119.8,7.23,kft-lbs,2384.0,879.0,8.99,9.06,0.137,% total gas,597.7,SYNTHETIC
2026-09-02 04:30:35,ACTIVE-01,575,Namsang,24.72,13.13,120.6,6.91,kft-lbs,2263.0,897.0,9.01,9.08,0.112,% total gas,597.4,SYNTHETIC
2026-09-02 04:32:59,ACTIVE-01,576,Namsang,25.06,13.47,128.1,7.15,kft-lbs,2366.0,885.0,9.0,9.07,0.144,% total gas,598.3,SYNTHETIC
2026-09-02 04:35:19,ACTIVE-01,577,Namsang,25.62,13.04,122.5,7.3,kft-lbs,2368.0,889.0,8.99,9.06,0.078,% total gas,598.4,SYNTHETIC
2026-09-02 04:37:55,ACTIVE-01,578,Namsang,23.19,12.82,122.8,7.26,kft-lbs,2381.0,883.0,9.01,9.07,0.061,% total gas,597.9,SYNTHETIC
2026-09-02 04:40:33,ACTIVE-01,579,Namsang,22.79,13.1,117.0,6.83,kft-lbs,2370.0,896.0,8.99,9.06,0.097,% total gas,597.7,SYNTHETIC
2026-09-02 04:43:18,ACTIVE-01,580,Namsang,21.76,11.73,121.7,7.44,kft-lbs,2361.0,902.0,9.02,9.08,0.102,% total gas,597.9,SYNTHETIC
2026-09-02 04:46:20,ACTIVE-01,581,Namsang,19.77,11.72,115.9,7.52,kft-lbs,2412.0,897.0,8.98,9.05,0.096,% total gas,597.6,SYNTHETIC
2026-09-02 04:49:15,ACTIVE-01,582,Namsang,20.53,12.92,118.3,6.99,kft-lbs,2406.0,894.0,9.03,9.1,0.091,% total gas,598.4,SYNTHETIC
2026-09-02 04:51:54,ACTIVE-01,583,Namsang,22.76,13.48,121.7,6.84,kft-lbs,2367.0,910.0,9.01,9.09,0.126,% total gas,598.6,SYNTHETIC
2026-09-02 04:54:33,ACTIVE-01,584,Namsang,22.53,13.25,115.2,7.17,kft-lbs,2439.0,911.0,9.01,9.09,0.145,% total gas,598.3,SYNTHETIC
2026-09-02 04:57:47,ACTIVE-01,585,Namsang,18.63,12.99,116.4,7.7,kft-lbs,2353.0,910.0,8.98,9.04,0.153,% total gas,598.6,SYNTHETIC
2026-09-02 05:00:44,ACTIVE-01,586,Namsang,20.25,13.43,117.8,7.17,kft-lbs,2428.0,912.0,9.01,9.08,0.094,% total gas,598.5,SYNTHETIC
2026-09-02 05:03:32,ACTIVE-01,587,Namsang,21.54,13.96,119.7,6.93,kft-lbs,2388.0,904.0,9.0,9.07,0.076,% total gas,599.1,SYNTHETIC
2026-09-02 05:06:04,ACTIVE-01,588,Namsang,23.57,13.0,125.8,6.97,kft-lbs,2401.0,906.0,8.97,9.03,0.132,% total gas,599.1,SYNTHETIC
2026-09-02 05:08:53,ACTIVE-01,589,Namsang,21.36,13.09,113.9,7.13,kft-lbs,2442.0,917.0,9.01,9.07,0.081,% total gas,599.2,SYNTHETIC
2026-09-02 05:11:52,ACTIVE-01,590,Namsang,20.08,12.86,121.8,7.08,kft-lbs,2390.0,906.0,8.96,9.04,0.102,% total gas,599.5,SYNTHETIC
2026-09-02 05:14:25,ACTIVE-01,591,Namsang,23.51,13.58,117.3,7.11,kft-lbs,2382.0,913.0,9.01,9.08,0.128,% total gas,599.7,SYNTHETIC
2026-09-02 05:16:59,ACTIVE-01,592,Namsang,23.44,13.64,114.4,6.85,kft-lbs,2329.0,895.0,8.99,9.06,0.137,% total gas,600.0,SYNTHETIC
2026-09-02 05:19:31,ACTIVE-01,593,Namsang,23.73,13.6,119.5,7.19,kft-lbs,2362.0,904.0,9.0,9.08,0.068,% total gas,600.3,SYNTHETIC
2026-09-02 05:22:18,ACTIVE-01,594,Namsang,21.51,12.88,113.0,6.45,kft-lbs,2398.0,896.0,8.97,9.04,0.13,% total gas,600.6,SYNTHETIC
2026-09-02 05:24:56,ACTIVE-01,595,Namsang,22.75,14.16,123.0,7.55,kft-lbs,2376.0,905.0,8.99,9.06,0.14,% total gas,600.7,SYNTHETIC
2026-09-02 05:27:43,ACTIVE-01,596,Namsang,21.62,12.1,118.0,7.01,kft-lbs,2392.0,886.0,9.01,9.09,0.099,% total gas,601.1,SYNTHETIC
2026-09-02 05:30:38,ACTIVE-01,597,Namsang,20.54,12.48,112.6,7.26,kft-lbs,2467.0,903.0,9.0,9.06,0.058,% total gas,601.0,SYNTHETIC
2026-09-02 05:33:19,ACTIVE-01,598,Namsang,22.31,12.92,121.2,7.07,kft-lbs,2409.0,902.0,9.0,9.09,0.086,% total gas,600.8,SYNTHETIC
2026-09-02 05:36:01,ACTIVE-01,599,Namsang,22.32,12.42,119.0,7.4,kft-lbs,2386.0,902.0,9.0,9.08,0.068,% total gas,600.7,SYNTHETIC
2026-09-02 05:38:21,ACTIVE-01,600,Namsang,25.61,13.72,118.1,7.25,kft-lbs,2340.0,904.0,9.03,9.07,0.104,% total gas,601.0,SYNTHETIC
2026-09-02 05:40:43,ACTIVE-01,601,Namsang,25.32,12.44,123.9,7.58,kft-lbs,2410.0,897.0,8.97,9.03,0.113,% total gas,600.2,SYNTHETIC
2026-09-02 05:43:37,ACTIVE-01,602,Namsang,20.78,12.86,116.4,7.08,kft-lbs,2445.0,905.0,9.05,9.11,0.083,% total gas,600.5,SYNTHETIC
2026-09-02 05:46:55,ACTIVE-01,603,Namsang,18.13,12.4,120.1,6.81,kft-lbs,2376.0,910.0,9.01,9.06,0.091,% total gas,601.3,SYNTHETIC
2026-09-02 05:49:56,ACTIVE-01,604,Namsang,19.91,13.64,120.6,7.12,kft-lbs,2468.0,903.0,8.99,9.06,0.1,% total gas,601.0,SYNTHETIC
2026-09-02 05:52:42,ACTIVE-01,605,Namsang,21.72,12.16,121.6,6.59,kft-lbs,2420.0,909.0,8.98,9.06,0.073,% total gas,601.5,SYNTHETIC
2026-09-02 05:55:27,ACTIVE-01,606,Namsang,21.74,12.63,124.0,7.4,kft-lbs,2400.0,882.0,8.95,9.01,0.078,% total gas,600.5,SYNTHETIC
2026-09-02 05:58:30,ACTIVE-01,607,Namsang,19.69,13.45,125.1,6.81,kft-lbs,2417.0,901.0,8.99,9.07,0.095,% total gas,600.0,SYNTHETIC
2026-09-02 06:01:40,ACTIVE-01,608,Namsang,19.0,13.72,117.4,7.24,kft-lbs,2407.0,896.0,8.95,9.03,0.108,% total gas,600.4,SYNTHETIC
2026-09-02 06:04:22,ACTIVE-01,609,Namsang,22.1,13.81,114.4,7.2,kft-lbs,2402.0,894.0,9.04,9.11,0.066,% total gas,600.3,SYNTHETIC
2026-09-02 06:06:48,ACTIVE-01,610,Namsang,24.77,12.85,110.7,7.68,kft-lbs,2464.0,905.0,9.01,9.09,0.094,% total gas,601.1,SYNTHETIC
2026-09-02 06:09:26,ACTIVE-01,611,Namsang,22.73,13.5,123.7,7.2,kft-lbs,2394.0,905.0,9.03,9.1,0.07,% total gas,601.1,SYNTHETIC
2026-09-02 06:12:13,ACTIVE-01,612,Namsang,21.53,12.9,120.8,7.24,kft-lbs,2417.0,899.0,9.0,9.08,0.125,% total gas,601.0,SYNTHETIC
2026-09-02 06:14:53,ACTIVE-01,613,Namsang,22.58,12.79,123.8,6.54,kft-lbs,2473.0,908.0,8.96,9.03,0.113,% total gas,601.3,SYNTHETIC
2026-09-02 06:17:40,ACTIVE-01,614,Namsang,21.49,12.77,124.6,6.74,kft-lbs,2397.0,901.0,9.04,9.1,0.176,% total gas,601.4,SYNTHETIC
2026-09-02 06:20:25,ACTIVE-01,615,Namsang,21.87,13.69,116.7,7.41,kft-lbs,2285.0,897.0,8.98,9.05,0.083,% total gas,601.6,SYNTHETIC
2026-09-02 06:23:19,ACTIVE-01,616,Namsang,20.65,13.15,119.5,7.22,kft-lbs,2439.0,905.0,9.0,9.08,0.084,% total gas,601.3,SYNTHETIC
2026-09-02 06:25:59,ACTIVE-01,617,Namsang,22.54,11.9,125.9,7.14,kft-lbs,2481.0,899.0,8.99,9.05,0.182,% total gas,600.8,SYNTHETIC
2026-09-02 06:28:54,ACTIVE-01,618,Namsang,20.59,12.41,126.2,7.29,kft-lbs,2392.0,898.0,9.01,9.06,0.093,% total gas,600.7,SYNTHETIC
2026-09-02 06:32:09,ACTIVE-01,619,Namsang,18.46,13.51,120.1,7.02,kft-lbs,2461.0,897.0,8.99,9.05,0.077,% total gas,601.1,SYNTHETIC
2026-09-02 06:34:55,ACTIVE-01,620,Namsang,21.71,13.44,118.4,7.18,kft-lbs,2325.0,894.0,8.96,9.01,0.094,% total gas,600.8,SYNTHETIC
2026-09-02 06:38:12,ACTIVE-01,621,Namsang,18.21,13.01,125.5,7.13,kft-lbs,2396.0,890.0,9.01,9.07,0.094,% total gas,600.4,SYNTHETIC
2026-09-02 06:41:21,ACTIVE-01,622,Namsang,19.13,13.76,118.5,7.69,kft-lbs,2379.0,895.0,9.01,9.08,0.139,% total gas,600.9,SYNTHETIC
2026-09-02 06:44:04,ACTIVE-01,623,Namsang,21.98,12.83,119.9,6.59,kft-lbs,2461.0,895.0,9.02,9.08,0.091,% total gas,600.9,SYNTHETIC
2026-09-02 06:46:40,ACTIVE-01,624,Namsang,23.14,13.68,121.1,7.3,kft-lbs,2359.0,898.0,8.99,9.09,0.107,% total gas,600.8,SYNTHETIC
2026-09-02 06:49:11,ACTIVE-01,625,Namsang,23.8,12.19,123.8,7.13,kft-lbs,2442.0,890.0,9.02,9.09,0.137,% total gas,600.6,SYNTHETIC
2026-09-02 06:51:59,ACTIVE-01,626,Namsang,21.5,12.39,123.4,7.01,kft-lbs,2460.0,909.0,9.01,9.09,0.097,% total gas,601.5,SYNTHETIC
2026-09-02 06:54:40,ACTIVE-01,627,Namsang,22.26,13.66,127.9,6.9,kft-lbs,2426.0,896.0,8.99,9.06,0.088,% total gas,601.4,SYNTHETIC
2026-09-02 06:57:45,ACTIVE-01,628,Namsang,19.45,13.07,114.6,6.44,kft-lbs,2476.0,913.0,9.02,9.1,0.097,% total gas,601.5,SYNTHETIC
2026-09-02 07:00:21,ACTIVE-01,629,Namsang,23.15,12.61,120.2,7.54,kft-lbs,2403.0,889.0,8.96,9.03,0.098,% total gas,601.1,SYNTHETIC
2026-09-02 07:02:56,ACTIVE-01,630,Namsang,23.28,13.08,127.8,7.31,kft-lbs,2411.0,895.0,9.0,9.05,0.219,% total gas,600.7,SYNTHETIC
2026-09-02 07:05:22,ACTIVE-01,631,Namsang,24.64,12.89,114.0,7.34,kft-lbs,2292.0,916.0,9.04,9.12,0.089,% total gas,600.6,SYNTHETIC
2026-09-02 07:08:25,ACTIVE-01,632,Namsang,19.61,12.78,120.5,7.13,kft-lbs,2424.0,904.0,9.01,9.1,0.08,% total gas,600.8,SYNTHETIC
2026-09-02 07:11:11,ACTIVE-01,633,Namsang,21.7,13.36,120.7,6.62,kft-lbs,2372.0,909.0,9.02,9.08,0.096,% total gas,600.5,SYNTHETIC
2026-09-02 07:14:06,ACTIVE-01,634,Namsang,20.59,13.33,115.0,6.71,kft-lbs,2445.0,901.0,8.99,9.08,0.111,% total gas,601.1,SYNTHETIC
2026-09-02 07:16:46,ACTIVE-01,635,Namsang,22.49,12.56,119.2,7.57,kft-lbs,2394.0,898.0,9.0,9.07,0.094,% total gas,601.4,SYNTHETIC
2026-09-02 07:19:14,ACTIVE-01,636,Namsang,24.35,12.78,123.9,6.78,kft-lbs,2467.0,891.0,9.02,9.08,0.105,% total gas,601.5,SYNTHETIC
2026-09-02 07:21:56,ACTIVE-01,637,Namsang,22.2,13.28,120.9,7.29,kft-lbs,2417.0,886.0,8.98,9.06,0.087,% total gas,601.1,SYNTHETIC
2026-09-02 07:24:53,ACTIVE-01,638,Namsang,20.32,12.47,116.3,6.33,kft-lbs,2431.0,904.0,9.02,9.09,0.097,% total gas,601.3,SYNTHETIC
2026-09-02 07:27:18,ACTIVE-01,639,Namsang,24.93,13.29,125.8,7.17,kft-lbs,2528.0,897.0,9.0,9.09,0.102,% total gas,601.2,SYNTHETIC
2026-09-02 07:29:58,ACTIVE-01,640,Namsang,22.39,13.92,118.9,7.04,kft-lbs,2437.0,902.0,8.98,9.06,0.093,% total gas,601.2,SYNTHETIC
2026-09-02 07:32:36,ACTIVE-01,641,Namsang,22.87,13.13,118.2,6.94,kft-lbs,2445.0,898.0,8.99,9.05,0.137,% total gas,601.2,SYNTHETIC
2026-09-02 07:35:28,ACTIVE-01,642,Namsang,20.97,14.11,116.3,7.87,kft-lbs,2368.0,887.0,9.01,9.09,0.103,% total gas,600.7,SYNTHETIC
2026-09-02 07:38:09,ACTIVE-01,643,Namsang,22.34,12.89,122.5,6.86,kft-lbs,2440.0,904.0,9.03,9.11,0.149,% total gas,601.2,SYNTHETIC
2026-09-02 07:41:31,ACTIVE-01,644,Namsang,17.77,12.5,115.6,7.58,kft-lbs,2468.0,895.0,9.0,9.07,0.117,% total gas,601.3,SYNTHETIC
2026-09-02 07:44:08,ACTIVE-01,645,Namsang,22.93,12.99,114.3,7.46,kft-lbs,2501.0,896.0,9.02,9.11,0.076,% total gas,600.2,SYNTHETIC
2026-09-02 07:46:48,ACTIVE-01,646,Namsang,22.52,12.03,118.3,7.09,kft-lbs,2475.0,898.0,9.01,9.09,0.101,% total gas,600.4,SYNTHETIC
2026-09-02 07:49:48,ACTIVE-01,647,Namsang,20.07,12.97,119.8,7.0,kft-lbs,2465.0,900.0,9.01,9.08,0.146,% total gas,600.2,SYNTHETIC
2026-09-02 07:52:27,ACTIVE-01,648,Namsang,22.52,12.95,124.2,7.34,kft-lbs,2476.0,902.0,9.06,9.13,0.135,% total gas,600.9,SYNTHETIC
2026-09-02 07:54:57,ACTIVE-01,649,Namsang,24.01,12.98,122.0,7.14,kft-lbs,2427.0,901.0,8.97,9.03,0.085,% total gas,601.0,SYNTHETIC
2026-09-02 07:57:47,ACTIVE-01,650,Namsang,21.18,13.01,118.1,7.35,kft-lbs,2411.0,910.0,8.95,9.03,0.084,% total gas,600.9,SYNTHETIC
2026-09-02 08:00:27,ACTIVE-01,651,Namsang,22.49,12.89,122.5,6.69,kft-lbs,2446.0,903.0,9.0,9.08,0.091,% total gas,600.3,SYNTHETIC
2026-09-02 08:03:01,ACTIVE-01,652,Namsang,23.43,13.03,123.0,7.34,kft-lbs,2422.0,894.0,9.02,9.09,0.07,% total gas,600.3,SYNTHETIC
2026-09-02 08:05:25,ACTIVE-01,653,Namsang,24.92,11.86,115.8,7.14,kft-lbs,2408.0,888.0,8.97,9.06,0.102,% total gas,599.9,SYNTHETIC
2026-09-02 08:08:10,ACTIVE-01,654,Namsang,21.87,12.87,122.0,7.0,kft-lbs,2461.0,899.0,8.97,9.04,0.081,% total gas,600.0,SYNTHETIC
2026-09-02 08:11:07,ACTIVE-01,655,Namsang,20.34,13.24,114.6,6.52,kft-lbs,2467.0,887.0,8.98,9.07,0.085,% total gas,600.3,SYNTHETIC
2026-09-02 08:13:32,ACTIVE-01,656,Namsang,24.88,14.06,128.1,6.57,kft-lbs,2417.0,897.0,9.01,9.1,0.116,% total gas,600.7,SYNTHETIC
2026-09-02 08:16:10,ACTIVE-01,657,Namsang,22.75,13.29,118.4,7.09,kft-lbs,2392.0,908.0,8.98,9.05,0.092,% total gas,600.6,SYNTHETIC
2026-09-02 08:18:58,ACTIVE-01,658,Namsang,21.47,13.5,121.8,7.2,kft-lbs,2419.0,897.0,9.01,9.09,0.088,% total gas,600.7,SYNTHETIC
2026-09-02 08:21:55,ACTIVE-01,659,Namsang,20.34,11.62,117.7,6.74,kft-lbs,2512.0,895.0,8.98,9.06,0.066,% total gas,601.1,SYNTHETIC
2026-09-02 08:25:07,ACTIVE-01,660,Namsang,18.74,14.15,123.3,7.38,kft-lbs,2409.0,918.0,9.0,9.07,0.133,% total gas,601.2,SYNTHETIC
2026-09-02 08:27:37,ACTIVE-01,661,Namsang,23.97,14.43,121.0,7.27,kft-lbs,2484.0,897.0,8.99,9.06,0.094,% total gas,600.6,SYNTHETIC
2026-09-02 08:29:59,ACTIVE-01,662,Namsang,25.29,13.84,126.5,7.68,kft-lbs,2448.0,901.0,9.0,9.09,0.119,% total gas,600.4,SYNTHETIC
2026-09-02 08:32:32,ACTIVE-01,663,Namsang,23.56,12.84,118.0,6.87,kft-lbs,2455.0,905.0,9.02,9.09,0.095,% total gas,601.0,SYNTHETIC
2026-09-02 08:35:09,ACTIVE-01,664,Namsang,22.88,12.36,116.9,7.24,kft-lbs,2394.0,913.0,8.99,9.08,0.088,% total gas,600.9,SYNTHETIC
2026-09-02 08:37:43,ACTIVE-01,665,Namsang,23.51,13.28,116.6,6.91,kft-lbs,2406.0,881.0,9.01,9.09,0.121,% total gas,601.0,SYNTHETIC
2026-09-02 08:40:32,ACTIVE-01,666,Namsang,21.26,12.43,120.9,6.75,kft-lbs,2414.0,901.0,9.01,9.1,0.106,% total gas,601.4,SYNTHETIC
2026-09-02 08:43:52,ACTIVE-01,667,Namsang,18.0,13.34,118.5,7.24,kft-lbs,2498.0,896.0,9.01,9.08,0.103,% total gas,601.9,SYNTHETIC
2026-09-02 08:46:30,ACTIVE-01,668,Namsang,22.78,11.63,116.2,7.29,kft-lbs,2414.0,913.0,9.05,9.13,0.086,% total gas,602.0,SYNTHETIC
2026-09-02 08:48:56,ACTIVE-01,669,Namsang,24.62,12.28,123.8,7.2,kft-lbs,2498.0,905.0,9.0,9.08,0.078,% total gas,602.1,SYNTHETIC
2026-09-02 08:51:57,ACTIVE-01,670,Namsang,19.95,12.81,120.2,7.68,kft-lbs,2408.0,897.0,8.99,9.08,0.073,% total gas,601.9,SYNTHETIC
2026-09-02 08:54:32,ACTIVE-01,671,Namsang,23.14,12.85,116.9,6.98,kft-lbs,2383.0,903.0,9.01,9.08,0.093,% total gas,602.0,SYNTHETIC
2026-09-02 08:57:16,ACTIVE-01,672,Namsang,21.99,12.38,123.0,6.84,kft-lbs,2519.0,898.0,8.99,9.07,0.077,% total gas,602.1,SYNTHETIC
2026-09-02 08:59:40,ACTIVE-01,673,Namsang,25.03,13.44,122.5,6.97,kft-lbs,2503.0,885.0,8.97,9.05,0.087,% total gas,602.3,SYNTHETIC
2026-09-02 09:02:27,ACTIVE-01,674,Namsang,21.58,13.25,121.7,8.09,kft-lbs,2526.0,879.0,9.01,9.09,0.08,% total gas,602.3,SYNTHETIC
2026-09-02 09:05:10,ACTIVE-01,675,Namsang,21.98,13.37,115.9,6.78,kft-lbs,2562.0,902.0,9.02,9.13,0.124,% total gas,601.5,SYNTHETIC
2026-09-02 09:07:56,ACTIVE-01,676,Namsang,21.71,12.22,121.0,7.14,kft-lbs,2561.0,907.0,9.0,9.08,0.107,% total gas,601.1,SYNTHETIC
2026-09-02 09:10:57,ACTIVE-01,677,Namsang,19.91,12.53,121.4,6.73,kft-lbs,2405.0,910.0,9.03,9.12,0.089,% total gas,601.6,SYNTHETIC
2026-09-02 09:13:46,ACTIVE-01,678,Namsang,21.29,12.98,119.3,6.11,kft-lbs,2460.0,892.0,9.0,9.08,0.122,% total gas,600.8,SYNTHETIC
2026-09-02 09:16:10,ACTIVE-01,679,Namsang,25.0,12.82,119.1,7.18,kft-lbs,2459.0,897.0,9.02,9.08,0.172,% total gas,601.0,SYNTHETIC
2026-09-02 09:18:47,ACTIVE-01,680,Namsang,22.9,13.89,119.0,6.55,kft-lbs,2469.0,888.0,8.97,9.03,0.07,% total gas,600.7,SYNTHETIC
2026-09-02 09:21:28,ACTIVE-01,681,Namsang,22.44,12.16,123.5,7.28,kft-lbs,2440.0,903.0,9.02,9.09,0.137,% total gas,600.2,SYNTHETIC
2026-09-02 09:23:54,ACTIVE-01,682,Namsang,24.66,12.67,125.1,7.23,kft-lbs,2497.0,902.0,9.04,9.12,0.106,% total gas,599.9,SYNTHETIC
2026-09-02 09:26:35,ACTIVE-01,683,Namsang,22.38,13.53,124.7,7.27,kft-lbs,2407.0,913.0,8.96,9.04,0.12,% total gas,599.3,SYNTHETIC
2026-09-02 09:29:09,ACTIVE-01,684,Namsang,23.37,13.68,125.6,7.41,kft-lbs,2438.0,895.0,9.0,9.07,0.163,% total gas,599.5,SYNTHETIC
2026-09-02 09:31:45,ACTIVE-01,685,Namsang,23.05,12.63,120.3,7.05,kft-lbs,2438.0,891.0,8.96,9.03,0.125,% total gas,599.2,SYNTHETIC
2026-09-02 09:34:21,ACTIVE-01,686,Namsang,23.02,14.07,121.5,7.23,kft-lbs,2410.0,881.0,8.99,9.05,0.096,% total gas,599.0,SYNTHETIC
2026-09-02 09:37:07,ACTIVE-01,687,Namsang,21.76,12.25,120.4,7.33,kft-lbs,2378.0,881.0,9.01,9.08,0.118,% total gas,598.6,SYNTHETIC
2026-09-02 09:39:37,ACTIVE-01,688,Namsang,24.01,12.93,116.4,7.12,kft-lbs,2398.0,909.0,9.0,9.08,0.096,% total gas,598.5,SYNTHETIC
2026-09-02 09:42:32,ACTIVE-01,689,Namsang,20.48,14.18,124.2,7.33,kft-lbs,2371.0,898.0,9.02,9.1,0.073,% total gas,598.6,SYNTHETIC
2026-09-02 09:45:12,ACTIVE-01,690,Namsang,22.55,13.18,123.0,7.0,kft-lbs,2416.0,892.0,9.0,9.07,0.114,% total gas,599.1,SYNTHETIC
2026-09-02 09:48:12,ACTIVE-01,691,Namsang,19.97,12.76,120.1,7.58,kft-lbs,2553.0,914.0,8.99,9.08,0.108,% total gas,599.2,SYNTHETIC
2026-09-02 09:50:49,ACTIVE-01,692,Namsang,22.92,12.74,122.7,7.26,kft-lbs,2406.0,882.0,9.01,9.08,0.146,% total gas,600.1,SYNTHETIC
2026-09-02 09:54:08,ACTIVE-01,693,Namsang,18.08,12.54,121.8,6.27,kft-lbs,2403.0,895.0,9.01,9.08,0.103,% total gas,600.3,SYNTHETIC
2026-09-02 09:57:18,ACTIVE-01,694,Namsang,19.01,12.03,120.4,7.26,kft-lbs,2488.0,894.0,9.0,9.07,0.096,% total gas,600.6,SYNTHETIC
2026-09-02 10:00:13,ACTIVE-01,695,Namsang,20.55,12.05,114.6,7.14,kft-lbs,2489.0,883.0,9.01,9.08,0.121,% total gas,599.7,SYNTHETIC
2026-09-02 10:02:49,ACTIVE-01,696,Namsang,23.09,10.91,117.3,7.08,kft-lbs,2473.0,898.0,9.0,9.07,0.108,% total gas,599.0,SYNTHETIC
2026-09-02 10:05:28,ACTIVE-01,697,Namsang,22.63,11.92,119.6,7.46,kft-lbs,2438.0,903.0,8.98,9.06,0.121,% total gas,599.4,SYNTHETIC
2026-09-02 10:08:26,ACTIVE-01,698,Namsang,20.2,12.56,121.0,7.14,kft-lbs,2412.0,894.0,9.02,9.1,0.116,% total gas,599.8,SYNTHETIC
2026-09-02 10:11:04,ACTIVE-01,699,Namsang,22.81,13.61,123.5,6.89,kft-lbs,2589.0,906.0,8.99,9.07,0.086,% total gas,599.8,SYNTHETIC
2026-09-02 10:13:38,ACTIVE-01,700,Namsang,23.34,11.64,123.3,6.82,kft-lbs,2428.0,916.0,8.96,9.04,0.055,% total gas,599.6,SYNTHETIC
2026-09-02 10:16:32,ACTIVE-01,701,Namsang,20.73,12.97,118.2,7.31,kft-lbs,2472.0,892.0,9.0,9.08,0.069,% total gas,599.5,SYNTHETIC
2026-09-02 10:19:13,ACTIVE-01,702,Namsang,22.35,12.1,119.0,7.17,kft-lbs,2381.0,907.0,9.0,9.09,0.081,% total gas,599.3,SYNTHETIC
2026-09-02 10:21:52,ACTIVE-01,703,Namsang,22.66,12.84,120.6,7.73,kft-lbs,2457.0,893.0,9.01,9.09,0.061,% total gas,599.9,SYNTHETIC
2026-09-02 10:25:25,ACTIVE-01,704,Namsang,16.87,12.82,122.9,7.17,kft-lbs,2512.0,896.0,8.99,9.06,0.094,% total gas,600.3,SYNTHETIC
2026-09-02 10:28:07,ACTIVE-01,705,Namsang,22.32,12.37,123.5,7.76,kft-lbs,2441.0,900.0,8.97,9.04,0.151,% total gas,599.7,SYNTHETIC
2026-09-02 10:30:53,ACTIVE-01,706,Namsang,21.67,12.22,117.6,7.32,kft-lbs,2404.0,910.0,9.0,9.09,0.106,% total gas,599.6,SYNTHETIC
2026-09-02 10:33:17,ACTIVE-01,707,Namsang,24.93,14.44,121.5,6.82,kft-lbs,2519.0,896.0,8.97,9.05,0.099,% total gas,599.4,SYNTHETIC
2026-09-02 10:36:36,ACTIVE-01,708,Namsang,18.11,13.24,120.2,7.4,kft-lbs,2594.0,910.0,9.01,9.09,0.086,% total gas,600.1,SYNTHETIC
2026-09-02 10:39:14,ACTIVE-01,709,Namsang,22.74,12.48,114.0,7.4,kft-lbs,2400.0,899.0,8.99,9.07,0.126,% total gas,599.8,SYNTHETIC
2026-09-02 10:41:57,ACTIVE-01,710,Namsang,22.07,12.63,123.8,7.45,kft-lbs,2530.0,892.0,9.03,9.1,0.108,% total gas,600.1,SYNTHETIC
2026-09-02 10:44:46,ACTIVE-01,711,Namsang,21.33,13.03,124.0,6.95,kft-lbs,2478.0,890.0,9.03,9.11,0.078,% total gas,600.2,SYNTHETIC
2026-09-02 10:47:10,ACTIVE-01,712,Namsang,24.97,13.86,126.6,6.91,kft-lbs,2474.0,887.0,9.0,9.09,0.114,% total gas,600.0,SYNTHETIC
2026-09-02 10:49:55,ACTIVE-01,713,Namsang,21.87,11.68,121.2,7.06,kft-lbs,2455.0,899.0,9.0,9.1,0.074,% total gas,600.4,SYNTHETIC
2026-09-02 10:52:48,ACTIVE-01,714,Namsang,20.81,12.86,113.0,7.46,kft-lbs,2415.0,911.0,8.96,9.05,0.117,% total gas,600.6,SYNTHETIC
2026-09-02 10:55:19,ACTIVE-01,715,Namsang,23.75,13.07,119.7,6.94,kft-lbs,2524.0,898.0,9.0,9.09,0.106,% total gas,600.4,SYNTHETIC
2026-09-02 10:57:58,ACTIVE-01,716,Namsang,22.65,13.35,121.0,7.2,kft-lbs,2528.0,895.0,9.03,9.11,0.077,% total gas,600.1,SYNTHETIC
2026-09-02 11:00:45,ACTIVE-01,717,Namsang,21.64,12.76,122.9,6.93,kft-lbs,2445.0,909.0,9.01,9.1,0.123,% total gas,600.2,SYNTHETIC
2026-09-02 11:03:27,ACTIVE-01,718,Namsang,22.13,13.69,121.6,7.3,kft-lbs,2519.0,906.0,8.99,9.06,0.064,% total gas,599.7,SYNTHETIC
2026-09-02 11:05:58,ACTIVE-01,719,Namsang,23.88,12.63,121.9,7.2,kft-lbs,2536.0,891.0,8.99,9.08,0.09,% total gas,600.3,SYNTHETIC
2026-09-02 11:08:42,ACTIVE-01,720,Namsang,21.96,13.65,119.4,7.24,kft-lbs,2430.0,885.0,8.97,9.06,0.138,% total gas,599.8,SYNTHETIC
2026-09-02 11:11:19,ACTIVE-01,721,Namsang,22.95,12.08,123.0,7.69,kft-lbs,2516.0,906.0,9.0,9.09,0.081,% total gas,600.3,SYNTHETIC
2026-09-02 11:14:34,ACTIVE-01,722,Namsang,18.44,13.07,120.6,7.31,kft-lbs,2522.0,890.0,9.0,9.09,0.069,% total gas,600.1,SYNTHETIC
2026-09-02 11:17:39,ACTIVE-01,723,Namsang,19.5,12.73,117.3,7.02,kft-lbs,2443.0,913.0,8.97,9.06,0.075,% total gas,600.5,SYNTHETIC
2026-09-02 11:20:28,ACTIVE-01,724,Namsang,21.26,13.38,123.5,7.9,kft-lbs,2484.0,897.0,9.03,9.1,0.095,% total gas,601.1,SYNTHETIC
2026-09-02 11:23:39,ACTIVE-01,725,Namsang,18.81,13.42,125.7,7.02,kft-lbs,2502.0,884.0,9.0,9.05,0.058,% total gas,601.5,SYNTHETIC
2026-09-02 11:26:37,ACTIVE-01,726,Namsang,20.23,11.61,118.3,6.99,kft-lbs,2557.0,901.0,9.0,9.1,0.113,% total gas,601.4,SYNTHETIC
2026-09-02 11:28:56,ACTIVE-01,727,Namsang,26.06,12.22,114.1,7.15,kft-lbs,2585.0,898.0,8.98,9.07,0.082,% total gas,601.3,SYNTHETIC
2026-09-02 11:31:18,ACTIVE-01,728,Namsang,25.36,14.05,119.3,7.71,kft-lbs,2514.0,909.0,9.02,9.12,0.074,% total gas,601.1,SYNTHETIC
2026-09-02 11:33:52,ACTIVE-01,729,Namsang,23.24,12.98,119.7,6.59,kft-lbs,2497.0,888.0,8.96,9.03,0.071,% total gas,601.3,SYNTHETIC
2026-09-02 11:36:53,ACTIVE-01,730,Namsang,19.96,13.3,114.8,6.9,kft-lbs,2515.0,901.0,9.0,9.08,0.08,% total gas,601.3,SYNTHETIC
2026-09-02 11:39:42,ACTIVE-01,731,Namsang,21.24,13.95,121.7,6.83,kft-lbs,2494.0,905.0,9.03,9.09,0.072,% total gas,601.5,SYNTHETIC
2026-09-02 11:42:43,ACTIVE-01,732,Namsang,19.88,12.54,125.6,6.69,kft-lbs,2485.0,896.0,9.02,9.1,0.071,% total gas,601.5,SYNTHETIC
2026-09-02 11:45:18,ACTIVE-01,733,Namsang,23.25,13.31,112.9,7.69,kft-lbs,2417.0,891.0,8.99,9.09,0.106,% total gas,601.5,SYNTHETIC
2026-09-02 11:48:01,ACTIVE-01,734,Namsang,22.06,12.31,122.4,7.18,kft-lbs,2488.0,900.0,9.0,9.09,0.143,% total gas,601.0,SYNTHETIC
2026-09-02 11:50:27,ACTIVE-01,735,Namsang,24.69,12.74,119.7,6.63,kft-lbs,2483.0,900.0,9.02,9.11,0.088,% total gas,600.6,SYNTHETIC
2026-09-02 11:53:36,ACTIVE-01,736,Namsang,19.08,12.83,117.0,7.35,kft-lbs,2530.0,905.0,9.04,9.13,0.071,% total gas,600.4,SYNTHETIC
2026-09-02 11:56:42,ACTIVE-01,737,Namsang,19.31,13.51,117.1,7.52,kft-lbs,2586.0,918.0,8.98,9.08,0.086,% total gas,600.6,SYNTHETIC
2026-09-02 11:59:36,ACTIVE-01,738,Namsang,20.69,13.87,120.7,6.95,kft-lbs,2490.0,898.0,9.0,9.07,0.136,% total gas,599.9,SYNTHETIC
2026-09-02 12:02:01,ACTIVE-01,739,Namsang,24.84,12.72,121.4,7.25,kft-lbs,2493.0,897.0,8.95,9.03,0.137,% total gas,599.6,SYNTHETIC
2026-09-02 12:04:50,ACTIVE-01,740,Namsang,21.3,13.23,120.7,7.14,kft-lbs,2385.0,903.0,9.02,9.1,0.12,% total gas,599.5,SYNTHETIC
2026-09-02 12:07:35,ACTIVE-01,741,Namsang,21.86,13.61,119.6,6.96,kft-lbs,2555.0,914.0,9.0,9.09,0.122,% total gas,598.8,SYNTHETIC
2026-09-02 12:09:55,ACTIVE-01,742,Namsang,25.73,12.35,119.3,7.19,kft-lbs,2518.0,902.0,9.01,9.08,0.101,% total gas,599.1,SYNTHETIC
2026-09-02 12:12:25,ACTIVE-01,743,Namsang,23.94,12.76,120.0,7.32,kft-lbs,2533.0,908.0,9.0,9.09,0.08,% total gas,599.4,SYNTHETIC
2026-09-02 12:15:10,ACTIVE-01,744,Namsang,21.82,13.37,116.0,7.08,kft-lbs,2547.0,908.0,8.99,9.09,0.117,% total gas,598.9,SYNTHETIC
2026-09-02 12:18:09,ACTIVE-01,745,Namsang,20.19,12.77,112.7,7.57,kft-lbs,2434.0,901.0,8.99,9.1,0.061,% total gas,599.5,SYNTHETIC
2026-09-02 12:20:36,ACTIVE-01,746,Namsang,24.35,13.21,114.9,7.21,kft-lbs,2468.0,896.0,9.0,9.09,0.174,% total gas,599.6,SYNTHETIC
2026-09-02 12:23:11,ACTIVE-01,747,Namsang,23.22,12.99,120.8,7.02,kft-lbs,2475.0,888.0,8.98,9.07,0.082,% total gas,599.7,SYNTHETIC
2026-09-02 12:25:55,ACTIVE-01,748,Namsang,21.96,12.1,123.4,7.26,kft-lbs,2476.0,895.0,9.03,9.11,0.108,% total gas,600.1,SYNTHETIC
2026-09-02 12:28:40,ACTIVE-01,749,Namsang,21.84,12.06,118.0,7.14,kft-lbs,2465.0,896.0,9.0,9.08,0.158,% total gas,599.7,SYNTHETIC
2026-09-02 12:31:08,ACTIVE-01,750,Namsang,24.42,12.12,117.0,6.73,kft-lbs,2554.0,896.0,8.98,9.08,0.096,% total gas,600.2,SYNTHETIC
2026-09-02 12:34:01,ACTIVE-01,751,Namsang,20.81,13.02,124.6,7.27,kft-lbs,2559.0,890.0,9.03,9.12,0.08,% total gas,600.7,SYNTHETIC
2026-09-02 12:36:46,ACTIVE-01,752,Namsang,21.77,13.3,121.5,6.84,kft-lbs,2539.0,911.0,9.01,9.1,0.124,% total gas,601.1,SYNTHETIC
2026-09-02 12:39:24,ACTIVE-01,753,Namsang,22.83,12.71,124.1,7.54,kft-lbs,2549.0,922.0,9.0,9.08,0.12,% total gas,601.2,SYNTHETIC
2026-09-02 12:41:52,ACTIVE-01,754,Namsang,24.25,13.05,122.1,7.65,kft-lbs,2514.0,900.0,8.98,9.07,0.116,% total gas,600.8,SYNTHETIC
2026-09-02 12:45:04,ACTIVE-01,755,Namsang,18.77,12.59,118.8,7.08,kft-lbs,2594.0,899.0,8.99,9.09,0.112,% total gas,601.6,SYNTHETIC
2026-09-02 12:47:33,ACTIVE-01,756,Namsang,24.11,13.2,119.8,7.66,kft-lbs,2484.0,925.0,8.95,9.04,0.092,% total gas,601.0,SYNTHETIC
2026-09-02 12:50:06,ACTIVE-01,757,Namsang,23.52,13.17,120.9,7.23,kft-lbs,2580.0,905.0,9.01,9.08,0.11,% total gas,600.6,SYNTHETIC
2026-09-02 12:52:40,ACTIVE-01,758,Namsang,23.43,13.0,116.9,6.98,kft-lbs,2509.0,909.0,8.99,9.07,0.079,% total gas,601.1,SYNTHETIC
2026-09-02 12:55:32,ACTIVE-01,759,Namsang,20.9,11.66,121.7,6.9,kft-lbs,2553.0,896.0,9.02,9.11,0.092,% total gas,601.9,SYNTHETIC
2026-09-02 12:58:23,ACTIVE-01,760,Namsang,21.09,12.39,125.0,7.04,kft-lbs,2482.0,895.0,9.02,9.11,0.134,% total gas,601.3,SYNTHETIC
2026-09-02 13:01:18,ACTIVE-01,761,Namsang,20.57,14.2,117.1,7.17,kft-lbs,2462.0,906.0,8.99,9.07,0.181,% total gas,602.1,SYNTHETIC
2026-09-02 13:03:57,ACTIVE-01,762,Namsang,22.6,13.21,118.9,6.78,kft-lbs,2544.0,892.0,9.04,9.12,0.123,% total gas,601.7,SYNTHETIC
2026-09-02 13:07:05,ACTIVE-01,763,Namsang,19.18,13.76,113.7,7.45,kft-lbs,2546.0,896.0,9.0,9.07,0.061,% total gas,601.1,SYNTHETIC
2026-09-02 13:09:45,ACTIVE-01,764,Namsang,22.47,14.14,115.1,7.11,kft-lbs,2607.0,905.0,9.01,9.1,0.074,% total gas,601.5,SYNTHETIC
2026-09-02 13:12:59,ACTIVE-01,765,Namsang,18.53,12.87,114.5,7.19,kft-lbs,2552.0,908.0,9.01,9.1,0.095,% total gas,601.5,SYNTHETIC
2026-09-02 13:15:44,ACTIVE-01,766,Namsang,21.86,14.05,122.7,7.47,kft-lbs,2565.0,906.0,9.0,9.09,0.075,% total gas,601.8,SYNTHETIC
2026-09-02 13:18:30,ACTIVE-01,767,Namsang,21.68,13.32,119.5,6.99,kft-lbs,2506.0,899.0,8.98,9.08,0.052,% total gas,602.0,SYNTHETIC
2026-09-02 13:21:03,ACTIVE-01,768,Namsang,23.61,13.88,118.2,7.36,kft-lbs,2522.0,913.0,8.98,9.07,0.104,% total gas,602.0,SYNTHETIC
2026-09-02 13:23:47,ACTIVE-01,769,Namsang,21.84,12.87,123.8,7.63,kft-lbs,2608.0,885.0,8.99,9.08,0.075,% total gas,602.2,SYNTHETIC
2026-09-02 13:26:33,ACTIVE-01,770,Namsang,21.71,13.63,114.7,7.21,kft-lbs,2567.0,900.0,8.99,9.09,0.103,% total gas,602.2,SYNTHETIC
2026-09-02 13:29:16,ACTIVE-01,771,Namsang,22.13,12.86,126.6,7.15,kft-lbs,2530.0,888.0,8.98,9.06,0.058,% total gas,602.1,SYNTHETIC
2026-09-02 13:31:49,ACTIVE-01,772,Namsang,23.51,13.35,122.3,7.17,kft-lbs,2521.0,892.0,9.02,9.11,0.083,% total gas,603.2,SYNTHETIC
2026-09-02 13:34:31,ACTIVE-01,773,Namsang,22.17,14.19,121.9,7.63,kft-lbs,2492.0,883.0,9.0,9.09,0.125,% total gas,603.8,SYNTHETIC
2026-09-02 13:37:18,ACTIVE-01,774,Namsang,21.56,13.02,118.2,7.02,kft-lbs,2574.0,873.0,9.02,9.11,0.078,% total gas,604.2,SYNTHETIC
2026-09-02 13:39:54,ACTIVE-01,775,Namsang,23.08,14.21,124.1,7.34,kft-lbs,2572.0,900.0,9.0,9.09,0.099,% total gas,604.0,SYNTHETIC
2026-09-02 13:42:26,ACTIVE-01,776,Namsang,23.75,13.2,116.8,7.04,kft-lbs,2527.0,908.0,9.01,9.11,0.113,% total gas,604.0,SYNTHETIC
2026-09-02 13:45:17,ACTIVE-01,777,Namsang,21.08,12.44,121.4,7.2,kft-lbs,2548.0,896.0,9.02,9.12,0.163,% total gas,603.8,SYNTHETIC
2026-09-02 13:48:05,ACTIVE-01,778,Namsang,21.41,12.72,125.2,7.7,kft-lbs,2559.0,902.0,9.0,9.08,0.12,% total gas,603.7,SYNTHETIC
2026-09-02 13:50:33,ACTIVE-01,779,Namsang,24.29,12.56,119.6,7.74,kft-lbs,2546.0,900.0,9.01,9.12,0.114,% total gas,602.4,SYNTHETIC
2026-09-02 13:53:15,ACTIVE-01,780,Namsang,22.28,12.11,121.2,7.03,kft-lbs,2529.0,891.0,9.02,9.09,0.18,% total gas,602.1,SYNTHETIC
2026-09-02 13:56:01,ACTIVE-01,781,Namsang,21.66,13.16,119.9,7.23,kft-lbs,2539.0,900.0,9.02,9.11,0.104,% total gas,601.4,SYNTHETIC
2026-09-02 13:58:37,ACTIVE-01,782,Namsang,23.11,13.51,123.2,7.39,kft-lbs,2534.0,883.0,9.0,9.09,0.083,% total gas,601.5,SYNTHETIC
2026-09-02 14:01:30,ACTIVE-01,783,Namsang,20.75,13.54,116.6,6.58,kft-lbs,2560.0,892.0,9.04,9.13,0.068,% total gas,601.1,SYNTHETIC
2026-09-02 14:04:06,ACTIVE-01,784,Namsang,23.14,12.68,120.7,7.57,kft-lbs,2553.0,902.0,9.01,9.1,0.104,% total gas,601.0,SYNTHETIC
2026-09-02 14:07:12,ACTIVE-01,785,Namsang,19.32,12.86,121.1,7.22,kft-lbs,2598.0,885.0,8.99,9.11,0.077,% total gas,601.1,SYNTHETIC
2026-09-02 14:09:48,ACTIVE-01,786,Namsang,23.15,13.18,119.9,7.42,kft-lbs,2509.0,920.0,8.99,9.09,0.136,% total gas,601.2,SYNTHETIC
2026-09-02 14:12:10,ACTIVE-01,787,Namsang,25.22,13.21,129.2,7.64,kft-lbs,2444.0,892.0,9.04,9.12,0.075,% total gas,601.4,SYNTHETIC
2026-09-02 14:14:52,ACTIVE-01,788,Namsang,22.3,12.56,116.3,6.89,kft-lbs,2499.0,918.0,9.02,9.11,0.068,% total gas,601.0,SYNTHETIC
2026-09-02 14:17:19,ACTIVE-01,789,Namsang,24.53,13.67,121.9,7.66,kft-lbs,2620.0,919.0,9.0,9.09,0.088,% total gas,601.2,SYNTHETIC
2026-09-02 14:19:42,ACTIVE-01,790,Namsang,25.08,13.54,123.5,6.43,kft-lbs,2548.0,907.0,9.03,9.12,0.126,% total gas,601.5,SYNTHETIC
2026-09-02 14:22:46,ACTIVE-01,791,Namsang,19.57,11.94,118.6,7.53,kft-lbs,2483.0,909.0,8.99,9.09,0.08,% total gas,600.6,SYNTHETIC
2026-09-02 14:25:31,ACTIVE-01,792,Namsang,21.77,13.67,121.1,7.01,kft-lbs,2587.0,895.0,9.0,9.08,0.138,% total gas,601.0,SYNTHETIC
2026-09-02 14:28:05,ACTIVE-01,793,Namsang,23.41,12.67,110.9,7.39,kft-lbs,2547.0,894.0,8.99,9.06,0.076,% total gas,600.5,SYNTHETIC
2026-09-02 14:31:05,ACTIVE-01,794,Namsang,20.05,12.74,126.8,7.61,kft-lbs,2639.0,900.0,9.0,9.08,0.115,% total gas,600.8,SYNTHETIC
2026-09-02 14:33:46,ACTIVE-01,795,Namsang,22.36,13.89,119.8,7.22,kft-lbs,2537.0,906.0,9.04,9.14,0.099,% total gas,600.9,SYNTHETIC
2026-09-02 14:36:43,ACTIVE-01,796,Namsang,20.26,13.09,120.4,7.15,kft-lbs,2552.0,898.0,9.02,9.11,0.104,% total gas,600.9,SYNTHETIC
2026-09-02 14:39:31,ACTIVE-01,797,Namsang,21.43,13.32,118.9,7.55,kft-lbs,2538.0,905.0,8.95,9.05,0.066,% total gas,601.2,SYNTHETIC
2026-09-02 14:42:46,ACTIVE-01,798,Namsang,18.47,12.13,117.6,6.9,kft-lbs,2618.0,906.0,8.98,9.06,0.072,% total gas,600.6,SYNTHETIC
2026-09-02 14:45:50,ACTIVE-01,799,Namsang,19.62,13.12,118.7,7.1,kft-lbs,2503.0,892.0,9.01,9.1,0.114,% total gas,600.5,SYNTHETIC
2026-09-02 14:48:20,ACTIVE-01,800,Namsang,23.97,13.73,119.8,7.36,kft-lbs,1778.0,755.0,9.62,9.68,0.104,% total gas,600.0,SYNTHETIC
2026-09-02 14:51:02,ACTIVE-01,801,Namsang,22.27,13.13,123.9,7.35,kft-lbs,1834.0,759.0,9.61,9.67,0.11,% total gas,600.6,SYNTHETIC
2026-09-02 14:54:12,ACTIVE-01,802,Namsang,18.94,13.68,121.0,6.85,kft-lbs,1860.0,754.0,9.63,9.7,0.142,% total gas,601.3,SYNTHETIC
2026-09-02 14:56:41,ACTIVE-01,803,Namsang,24.11,13.4,122.2,7.05,kft-lbs,1848.0,739.0,9.62,9.67,0.112,% total gas,601.9,SYNTHETIC
2026-09-02 14:59:24,ACTIVE-01,804,Namsang,22.06,13.09,120.7,6.94,kft-lbs,1788.0,756.0,9.61,9.67,0.108,% total gas,601.9,SYNTHETIC
2026-09-02 15:02:18,ACTIVE-01,805,Namsang,20.73,12.85,123.5,7.4,kft-lbs,1828.0,755.0,9.59,9.66,0.093,% total gas,601.5,SYNTHETIC
2026-09-02 15:05:14,ACTIVE-01,806,Namsang,20.4,13.01,121.9,6.78,kft-lbs,1833.0,751.0,9.56,9.64,0.095,% total gas,600.9,SYNTHETIC
2026-09-02 15:07:58,ACTIVE-01,807,Namsang,21.98,12.81,119.6,7.67,kft-lbs,1943.0,751.0,9.63,9.69,0.089,% total gas,601.2,SYNTHETIC
2026-09-02 15:10:43,ACTIVE-01,808,Namsang,21.89,13.21,120.8,7.16,kft-lbs,1821.0,743.0,9.57,9.63,0.164,% total gas,600.5,SYNTHETIC
2026-09-02 15:13:34,ACTIVE-01,809,Namsang,21.05,12.77,121.0,7.22,kft-lbs,1820.0,748.0,9.55,9.62,0.12,% total gas,600.5,SYNTHETIC
2026-09-02 15:16:16,ACTIVE-01,810,Namsang,22.22,12.7,120.4,7.32,kft-lbs,1883.0,751.0,9.59,9.65,0.072,% total gas,600.6,SYNTHETIC
2026-09-02 15:19:07,ACTIVE-01,811,Namsang,21.0,11.97,118.2,7.33,kft-lbs,1860.0,748.0,9.6,9.64,0.125,% total gas,600.2,SYNTHETIC
2026-09-02 15:21:45,ACTIVE-01,812,Namsang,22.82,13.6,122.1,7.43,kft-lbs,1828.0,750.0,9.61,9.69,0.117,% total gas,600.8,SYNTHETIC
2026-09-02 15:24:08,ACTIVE-01,813,Namsang,25.15,12.67,122.0,7.42,kft-lbs,1834.0,751.0,9.63,9.7,0.084,% total gas,600.6,SYNTHETIC
2026-09-02 15:27:12,ACTIVE-01,814,Namsang,19.57,13.44,121.4,6.74,kft-lbs,1920.0,755.0,9.6,9.66,0.094,% total gas,601.1,SYNTHETIC
2026-09-02 15:29:53,ACTIVE-01,815,Namsang,22.39,12.45,126.1,7.13,kft-lbs,1819.0,744.0,9.65,9.72,0.134,% total gas,601.7,SYNTHETIC
2026-09-02 15:32:35,ACTIVE-01,816,Namsang,22.15,14.05,124.0,7.22,kft-lbs,1865.0,749.0,9.59,9.64,0.131,% total gas,601.1,SYNTHETIC
2026-09-02 15:35:07,ACTIVE-01,817,Namsang,23.72,13.05,119.0,7.04,kft-lbs,1827.0,753.0,9.62,9.69,0.096,% total gas,601.1,SYNTHETIC
2026-09-02 15:37:26,ACTIVE-01,818,Namsang,25.83,13.19,121.2,7.64,kft-lbs,1828.0,744.0,9.58,9.65,0.102,% total gas,601.6,SYNTHETIC
2026-09-02 15:39:59,ACTIVE-01,819,Namsang,23.6,12.5,121.7,7.08,kft-lbs,1833.0,751.0,9.58,9.67,0.134,% total gas,601.2,SYNTHETIC
2026-09-02 15:42:26,ACTIVE-01,820,Namsang,24.44,13.93,119.6,6.99,kft-lbs,1779.0,750.0,9.55,9.61,0.112,% total gas,601.5,SYNTHETIC
2026-09-02 15:45:01,ACTIVE-01,821,Namsang,23.27,11.95,119.0,6.96,kft-lbs,1870.0,750.0,9.6,9.66,0.091,% total gas,601.5,SYNTHETIC
2026-09-02 15:47:42,ACTIVE-01,822,Namsang,22.28,12.86,120.3,7.51,kft-lbs,1862.0,754.0,9.63,9.72,0.077,% total gas,601.5,SYNTHETIC
2026-09-02 15:50:32,ACTIVE-01,823,Namsang,21.29,12.12,124.0,6.75,kft-lbs,1924.0,739.0,9.62,9.68,0.099,% total gas,600.9,SYNTHETIC
2026-09-02 15:53:20,ACTIVE-01,824,Namsang,21.41,13.82,119.1,7.36,kft-lbs,1822.0,740.0,9.61,9.68,0.12,% total gas,600.6,SYNTHETIC
2026-09-02 15:56:10,ACTIVE-01,825,Namsang,21.2,13.37,119.0,7.2,kft-lbs,1789.0,755.0,9.6,9.67,0.096,% total gas,600.6,SYNTHETIC
2026-09-02 15:58:45,ACTIVE-01,826,Namsang,23.1,12.65,124.4,7.61,kft-lbs,1886.0,758.0,9.64,9.69,0.084,% total gas,601.2,SYNTHETIC
2026-09-02 16:01:30,ACTIVE-01,827,Namsang,21.81,11.88,120.9,7.07,kft-lbs,1879.0,758.0,9.61,9.68,0.098,% total gas,601.3,SYNTHETIC
2026-09-02 16:04:08,ACTIVE-01,828,Namsang,22.87,12.67,118.2,6.99,kft-lbs,1821.0,748.0,9.56,9.62,0.069,% total gas,600.6,SYNTHETIC
2026-09-02 16:06:30,ACTIVE-01,829,Namsang,25.41,12.1,117.8,7.68,kft-lbs,1885.0,757.0,9.64,9.73,0.126,% total gas,600.7,SYNTHETIC
2026-09-02 16:09:21,ACTIVE-01,830,Namsang,20.97,12.41,123.5,7.12,kft-lbs,1877.0,761.0,9.59,9.64,0.086,% total gas,600.4,SYNTHETIC
2026-09-02 16:12:13,ACTIVE-01,831,Namsang,21.0,13.7,122.0,7.07,kft-lbs,1859.0,749.0,9.62,9.69,0.071,% total gas,600.2,SYNTHETIC
2026-09-02 16:14:51,ACTIVE-01,832,Namsang,22.71,13.6,120.8,8.21,kft-lbs,1842.0,748.0,9.59,9.68,0.086,% total gas,599.9,SYNTHETIC
2026-09-02 16:18:10,ACTIVE-01,833,Namsang,18.12,13.19,118.2,7.56,kft-lbs,1886.0,742.0,9.59,9.65,0.119,% total gas,599.9,SYNTHETIC
2026-09-02 16:20:46,ACTIVE-01,834,Namsang,23.0,12.52,120.5,7.32,kft-lbs,1887.0,745.0,9.59,9.66,0.15,% total gas,599.8,SYNTHETIC
2026-09-02 16:23:44,ACTIVE-01,835,Namsang,20.22,13.5,118.0,7.22,kft-lbs,1823.0,748.0,9.61,9.68,0.077,% total gas,599.6,SYNTHETIC
2026-09-02 16:26:38,ACTIVE-01,836,Namsang,20.78,12.98,120.6,7.5,kft-lbs,1887.0,766.0,9.6,9.66,0.127,% total gas,598.9,SYNTHETIC
2026-09-02 16:29:18,ACTIVE-01,837,Namsang,22.49,13.3,121.7,6.87,kft-lbs,1776.0,740.0,9.63,9.71,0.112,% total gas,598.8,SYNTHETIC
2026-09-02 16:32:15,ACTIVE-01,838,Namsang,20.33,13.92,115.1,7.25,kft-lbs,1888.0,743.0,9.6,9.66,0.064,% total gas,598.7,SYNTHETIC
2026-09-02 16:35:05,ACTIVE-01,839,Namsang,21.18,14.24,123.3,7.96,kft-lbs,1854.0,744.0,9.58,9.65,0.08,% total gas,598.2,SYNTHETIC
2026-09-02 16:37:38,ACTIVE-01,840,Namsang,23.43,14.13,119.8,6.83,kft-lbs,1947.0,749.0,9.59,9.68,0.077,% total gas,598.1,SYNTHETIC
2026-09-02 16:39:55,ACTIVE-01,841,Namsang,26.34,13.42,108.0,6.62,kft-lbs,1846.0,756.0,9.6,9.66,0.099,% total gas,599.0,SYNTHETIC
2026-09-02 16:42:46,ACTIVE-01,842,Namsang,21.09,13.16,118.2,7.79,kft-lbs,1841.0,761.0,9.58,9.66,0.15,% total gas,598.9,SYNTHETIC
2026-09-02 16:45:30,ACTIVE-01,843,Namsang,21.92,13.89,123.3,6.97,kft-lbs,1834.0,744.0,9.62,9.69,0.08,% total gas,599.2,SYNTHETIC
2026-09-02 16:48:38,ACTIVE-01,844,Namsang,19.18,12.21,120.9,7.48,kft-lbs,1911.0,752.0,9.57,9.65,0.115,% total gas,599.4,SYNTHETIC
2026-09-02 16:51:07,ACTIVE-01,845,Namsang,24.15,13.21,126.3,7.27,kft-lbs,1841.0,750.0,9.59,9.65,0.097,% total gas,599.3,SYNTHETIC
2026-09-02 16:53:55,ACTIVE-01,846,Namsang,21.36,13.06,125.1,7.37,kft-lbs,1891.0,755.0,9.58,9.63,0.083,% total gas,599.7,SYNTHETIC
2026-09-02 16:56:43,ACTIVE-01,847,Namsang,21.47,13.05,120.3,7.93,kft-lbs,1859.0,749.0,9.61,9.67,0.081,% total gas,599.4,SYNTHETIC
2026-09-02 16:59:29,ACTIVE-01,848,Namsang,21.67,13.92,121.5,7.14,kft-lbs,1890.0,746.0,9.58,9.64,0.104,% total gas,599.4,SYNTHETIC
2026-09-02 17:02:04,ACTIVE-01,849,Namsang,23.31,13.43,121.1,7.43,kft-lbs,1837.0,759.0,9.6,9.67,0.08,% total gas,599.6,SYNTHETIC
2026-09-02 17:04:28,ACTIVE-01,850,Namsang,25.0,13.08,121.5,7.42,kft-lbs,1870.0,741.0,9.6,9.67,0.098,% total gas,599.9,SYNTHETIC
2026-09-02 17:07:18,ACTIVE-01,851,Namsang,21.14,13.51,118.4,7.43,kft-lbs,1869.0,753.0,9.6,9.66,0.1,% total gas,600.3,SYNTHETIC
2026-09-02 17:10:16,ACTIVE-01,852,Namsang,20.16,13.24,119.1,7.5,kft-lbs,1849.0,747.0,9.6,9.67,0.13,% total gas,600.6,SYNTHETIC
2026-09-02 17:12:53,ACTIVE-01,853,Namsang,22.92,12.98,120.1,7.58,kft-lbs,1852.0,739.0,9.6,9.66,0.126,% total gas,600.3,SYNTHETIC
2026-09-02 17:15:55,ACTIVE-01,854,Namsang,19.82,12.03,123.7,7.5,kft-lbs,1900.0,748.0,9.6,9.68,0.08,% total gas,600.5,SYNTHETIC
2026-09-02 17:18:46,ACTIVE-01,855,Namsang,21.12,12.77,129.1,7.52,kft-lbs,1931.0,759.0,9.62,9.7,0.108,% total gas,601.1,SYNTHETIC
2026-09-02 17:21:38,ACTIVE-01,856,Namsang,20.87,13.74,117.0,7.5,kft-lbs,1874.0,756.0,9.63,9.71,0.139,% total gas,600.9,SYNTHETIC
2026-09-02 17:24:26,ACTIVE-01,857,Namsang,21.4,12.57,116.1,7.85,kft-lbs,1863.0,749.0,9.62,9.7,0.089,% total gas,600.7,SYNTHETIC
2026-09-02 17:27:07,ACTIVE-01,858,Namsang,22.36,12.4,116.2,7.74,kft-lbs,1873.0,775.0,9.61,9.68,0.127,% total gas,600.7,SYNTHETIC
2026-09-02 17:29:38,ACTIVE-01,859,Namsang,23.86,13.33,120.0,7.16,kft-lbs,1871.0,759.0,9.61,9.68,0.105,% total gas,600.5,SYNTHETIC
2026-09-02 17:32:27,ACTIVE-01,860,Namsang,21.3,13.94,117.9,7.38,kft-lbs,1833.0,741.0,9.6,9.67,0.091,% total gas,600.9,SYNTHETIC
2026-09-02 17:35:16,ACTIVE-01,861,Namsang,21.32,13.57,121.0,6.91,kft-lbs,1886.0,738.0,9.57,9.64,0.109,% total gas,600.7,SYNTHETIC
2026-09-02 17:38:16,ACTIVE-01,862,Namsang,19.95,13.15,125.0,7.25,kft-lbs,1846.0,770.0,9.61,9.69,0.103,% total gas,600.3,SYNTHETIC
2026-09-02 17:40:33,ACTIVE-01,863,Namsang,26.35,13.18,121.3,6.49,kft-lbs,1805.0,744.0,9.6,9.69,0.074,% total gas,600.5,SYNTHETIC
2026-09-02 17:43:09,ACTIVE-01,864,Namsang,23.16,12.84,123.7,7.1,kft-lbs,1785.0,752.0,9.64,9.71,0.088,% total gas,601.0,SYNTHETIC
2026-09-02 17:45:51,ACTIVE-01,865,Namsang,22.2,12.87,117.3,7.77,kft-lbs,1914.0,749.0,9.63,9.72,0.105,% total gas,600.9,SYNTHETIC
2026-09-02 17:48:48,ACTIVE-01,866,Namsang,20.35,13.12,122.3,7.82,kft-lbs,1917.0,742.0,9.58,9.64,0.121,% total gas,600.9,SYNTHETIC
2026-09-02 17:51:05,ACTIVE-01,867,Namsang,26.23,12.52,113.8,7.34,kft-lbs,1803.0,759.0,9.6,9.69,0.199,% total gas,600.9,SYNTHETIC
2026-09-02 17:53:54,ACTIVE-01,868,Namsang,21.34,13.46,127.9,7.16,kft-lbs,1937.0,744.0,9.63,9.72,0.128,% total gas,601.5,SYNTHETIC
2026-09-02 17:56:45,ACTIVE-01,869,Namsang,20.94,13.63,120.2,7.52,kft-lbs,1851.0,749.0,9.62,9.71,0.13,% total gas,601.2,SYNTHETIC
2026-09-02 17:59:17,ACTIVE-01,870,Namsang,23.72,12.96,127.2,7.08,kft-lbs,1862.0,747.0,9.64,9.71,0.11,% total gas,600.8,SYNTHETIC
2026-09-02 18:02:33,ACTIVE-01,871,Namsang,18.37,12.37,116.4,7.37,kft-lbs,1870.0,760.0,9.61,9.71,0.145,% total gas,600.3,SYNTHETIC
2026-09-02 18:05:11,ACTIVE-01,872,Namsang,22.79,12.38,117.1,7.76,kft-lbs,1898.0,759.0,9.61,9.69,0.087,% total gas,601.0,SYNTHETIC
2026-09-02 18:07:55,ACTIVE-01,873,Namsang,21.97,12.28,118.7,6.99,kft-lbs,1936.0,760.0,9.57,9.63,0.113,% total gas,601.3,SYNTHETIC
2026-09-02 18:10:48,ACTIVE-01,874,Namsang,20.82,12.95,118.8,7.64,kft-lbs,1871.0,766.0,9.6,9.67,0.085,% total gas,601.9,SYNTHETIC
2026-09-02 18:13:29,ACTIVE-01,875,Namsang,22.32,13.63,117.0,7.11,kft-lbs,1860.0,754.0,9.59,9.67,0.111,% total gas,602.2,SYNTHETIC
2026-09-02 18:16:08,ACTIVE-01,876,Namsang,22.72,13.27,124.7,7.49,kft-lbs,1866.0,743.0,9.59,9.66,0.133,% total gas,602.0,SYNTHETIC
2026-09-02 18:18:54,ACTIVE-01,877,Namsang,21.63,14.27,123.1,7.72,kft-lbs,1864.0,747.0,9.61,9.68,0.072,% total gas,602.2,SYNTHETIC
2026-09-02 18:21:25,ACTIVE-01,878,Namsang,23.9,13.91,115.8,7.56,kft-lbs,1935.0,749.0,9.64,9.72,0.071,% total gas,603.3,SYNTHETIC
2026-09-02 18:24:03,ACTIVE-01,879,Namsang,22.69,13.61,121.3,7.34,kft-lbs,1896.0,751.0,9.6,9.67,0.178,% total gas,602.4,SYNTHETIC
2026-09-02 18:26:49,ACTIVE-01,880,Namsang,21.78,12.96,114.1,7.67,kft-lbs,1902.0,746.0,9.62,9.68,0.092,% total gas,602.6,SYNTHETIC
2026-09-02 18:29:20,ACTIVE-01,881,Namsang,23.72,11.76,118.8,7.64,kft-lbs,1915.0,765.0,9.61,9.71,0.137,% total gas,603.0,SYNTHETIC
2026-09-02 18:32:02,ACTIVE-01,882,Namsang,22.25,13.58,121.3,7.3,kft-lbs,1847.0,763.0,9.6,9.67,0.082,% total gas,602.8,SYNTHETIC
2026-09-02 18:34:35,ACTIVE-01,883,Namsang,23.54,11.93,115.8,7.79,kft-lbs,1872.0,753.0,9.59,9.69,0.087,% total gas,602.6,SYNTHETIC
2026-09-02 18:37:06,ACTIVE-01,884,Namsang,23.89,13.3,120.8,7.31,kft-lbs,1903.0,749.0,9.62,9.69,0.138,% total gas,602.5,SYNTHETIC
2026-09-02 18:40:12,ACTIVE-01,885,Namsang,19.3,13.78,120.3,7.99,kft-lbs,1954.0,756.0,9.65,9.72,0.074,% total gas,601.9,SYNTHETIC
2026-09-02 18:43:08,ACTIVE-01,886,Namsang,20.54,14.69,120.0,6.96,kft-lbs,1870.0,746.0,9.6,9.68,0.084,% total gas,602.1,SYNTHETIC
2026-09-02 18:46:01,ACTIVE-01,887,Namsang,20.79,13.15,120.3,7.53,kft-lbs,1932.0,760.0,9.57,9.66,0.102,% total gas,601.8,SYNTHETIC
2026-09-02 18:48:57,ACTIVE-01,888,Namsang,20.49,13.23,117.3,7.72,kft-lbs,1891.0,726.0,9.64,9.73,0.093,% total gas,602.4,SYNTHETIC
2026-09-02 18:51:31,ACTIVE-01,889,Namsang,23.36,12.22,114.6,7.63,kft-lbs,1940.0,763.0,9.58,9.64,0.122,% total gas,602.9,SYNTHETIC
2026-09-02 18:54:19,ACTIVE-01,890,Namsang,21.36,13.71,120.1,7.26,kft-lbs,1852.0,751.0,9.6,9.69,0.138,% total gas,603.2,SYNTHETIC
2026-09-02 18:57:16,ACTIVE-01,891,Namsang,20.4,12.54,117.8,7.92,kft-lbs,1866.0,749.0,9.6,9.66,0.071,% total gas,602.8,SYNTHETIC
2026-09-02 18:59:40,ACTIVE-01,892,Namsang,25.03,12.7,116.1,7.31,kft-lbs,1921.0,736.0,9.56,9.62,0.152,% total gas,602.9,SYNTHETIC
2026-09-02 19:02:21,ACTIVE-01,893,Namsang,22.36,14.38,114.9,7.96,kft-lbs,1872.0,747.0,9.59,9.65,0.145,% total gas,602.9,SYNTHETIC
2026-09-02 19:05:12,ACTIVE-01,894,Namsang,20.94,11.99,119.4,6.92,kft-lbs,1936.0,753.0,9.61,9.69,0.088,% total gas,601.7,SYNTHETIC
2026-09-02 19:07:56,ACTIVE-01,895,Namsang,21.99,13.18,121.6,7.57,kft-lbs,1863.0,739.0,9.6,9.68,0.086,% total gas,601.4,SYNTHETIC
2026-09-02 19:11:02,ACTIVE-01,896,Namsang,19.37,12.41,117.3,7.22,kft-lbs,1975.0,735.0,9.63,9.69,0.064,% total gas,601.6,SYNTHETIC
2026-09-02 19:13:37,ACTIVE-01,897,Namsang,23.23,12.81,119.3,7.19,kft-lbs,1875.0,746.0,9.64,9.72,0.199,% total gas,601.4,SYNTHETIC
2026-09-02 19:16:04,ACTIVE-01,898,Namsang,24.5,11.71,118.9,7.31,kft-lbs,1939.0,756.0,9.6,9.67,0.133,% total gas,600.9,SYNTHETIC
2026-09-02 19:20:19,ACTIVE-01,899,Girujan,14.11,19.06,93.1,9.98,kft-lbs,1894.0,760.0,9.6,9.69,0.248,% total gas,600.9,SYNTHETIC
2026-09-02 19:25:01,ACTIVE-01,900,Girujan,12.78,17.54,95.9,9.09,kft-lbs,1823.0,753.0,9.61,9.69,0.157,% total gas,600.0,SYNTHETIC
2026-09-02 19:29:06,ACTIVE-01,901,Girujan,14.66,18.38,96.7,9.97,kft-lbs,1813.0,750.0,9.61,9.69,0.221,% total gas,600.3,SYNTHETIC
2026-09-02 19:34:03,ACTIVE-01,902,Girujan,12.14,17.38,102.0,10.2,kft-lbs,1922.0,750.0,9.6,9.66,0.414,% total gas,600.3,SYNTHETIC
2026-09-02 19:38:34,ACTIVE-01,903,Girujan,13.29,17.85,98.2,9.59,kft-lbs,1941.0,772.0,9.57,9.64,0.219,% total gas,601.0,SYNTHETIC
2026-09-02 19:43:20,ACTIVE-01,904,Girujan,12.56,16.46,97.2,9.31,kft-lbs,1887.0,753.0,9.59,9.69,0.171,% total gas,601.7,SYNTHETIC
2026-09-02 19:48:07,ACTIVE-01,905,Girujan,12.58,17.04,96.6,9.75,kft-lbs,1857.0,750.0,9.59,9.66,0.174,% total gas,601.5,SYNTHETIC
2026-09-02 19:52:21,ACTIVE-01,906,Girujan,14.17,17.42,104.7,9.46,kft-lbs,1887.0,742.0,9.61,9.68,0.22,% total gas,602.1,SYNTHETIC
2026-09-02 19:56:49,ACTIVE-01,907,Girujan,13.41,17.07,100.6,8.78,kft-lbs,1920.0,742.0,9.6,9.67,0.281,% total gas,602.0,SYNTHETIC
2026-09-02 20:01:30,ACTIVE-01,908,Girujan,12.82,18.12,102.7,9.34,kft-lbs,1945.0,744.0,9.63,9.69,0.215,% total gas,602.4,SYNTHETIC
2026-09-02 20:06:32,ACTIVE-01,909,Girujan,11.92,17.86,98.6,8.8,kft-lbs,1907.0,752.0,9.6,9.69,0.161,% total gas,602.7,SYNTHETIC
2026-09-02 20:11:13,ACTIVE-01,910,Girujan,12.8,16.47,94.8,10.2,kft-lbs,1861.0,742.0,9.61,9.69,0.143,% total gas,602.9,SYNTHETIC
2026-09-02 20:15:52,ACTIVE-01,911,Girujan,12.9,19.69,103.1,9.85,kft-lbs,1903.0,750.0,9.61,9.69,0.276,% total gas,602.6,SYNTHETIC
2026-09-02 20:20:29,ACTIVE-01,912,Girujan,13.0,16.26,103.7,9.93,kft-lbs,1913.0,754.0,9.58,9.65,0.243,% total gas,602.6,SYNTHETIC
2026-09-02 20:25:18,ACTIVE-01,913,Girujan,12.44,18.63,102.6,10.51,kft-lbs,1902.0,754.0,9.57,9.64,0.207,% total gas,602.5,SYNTHETIC
2026-09-02 20:29:55,ACTIVE-01,914,Girujan,13.02,17.17,95.2,10.41,kft-lbs,1945.0,750.0,9.64,9.72,0.326,% total gas,602.2,SYNTHETIC
2026-09-02 20:34:44,ACTIVE-01,915,Girujan,12.46,17.96,99.9,10.3,kft-lbs,1926.0,741.0,9.58,9.66,0.18,% total gas,601.7,SYNTHETIC
2026-09-02 20:39:55,ACTIVE-01,916,Girujan,11.58,19.9,101.8,10.21,kft-lbs,1855.0,748.0,9.6,9.66,0.221,% total gas,601.9,SYNTHETIC
2026-09-02 20:44:29,ACTIVE-01,917,Girujan,13.15,18.1,102.0,9.96,kft-lbs,1911.0,750.0,9.62,9.7,0.233,% total gas,601.6,SYNTHETIC
2026-09-02 20:48:56,ACTIVE-01,918,Girujan,13.47,18.87,102.4,9.85,kft-lbs,1928.0,748.0,9.61,9.7,0.239,% total gas,601.7,SYNTHETIC
2026-09-02 20:53:14,ACTIVE-01,919,Girujan,13.95,19.57,100.2,9.6,kft-lbs,1920.0,753.0,9.6,9.68,0.255,% total gas,600.8,SYNTHETIC
2026-09-02 20:57:15,ACTIVE-01,920,Girujan,14.9,19.08,101.0,9.56,kft-lbs,1954.0,761.0,9.6,9.67,0.124,% total gas,600.7,SYNTHETIC
2026-09-02 21:01:04,ACTIVE-01,921,Girujan,15.76,17.25,103.1,10.71,kft-lbs,1880.0,743.0,9.62,9.67,0.139,% total gas,600.9,SYNTHETIC
2026-09-02 21:05:30,ACTIVE-01,922,Girujan,13.52,17.24,99.6,9.26,kft-lbs,1953.0,748.0,9.59,9.66,0.294,% total gas,600.9,SYNTHETIC
2026-09-02 21:10:04,ACTIVE-01,923,Girujan,13.14,18.93,101.9,10.17,kft-lbs,1842.0,744.0,9.59,9.67,0.158,% total gas,601.2,SYNTHETIC
2026-09-02 21:14:36,ACTIVE-01,924,Girujan,13.25,18.87,97.5,10.12,kft-lbs,1929.0,738.0,9.6,9.67,0.211,% total gas,601.3,SYNTHETIC
2026-09-02 21:19:30,ACTIVE-01,925,Girujan,12.25,17.88,97.2,9.57,kft-lbs,1897.0,748.0,9.59,9.68,0.184,% total gas,601.8,SYNTHETIC
2026-09-02 21:24:16,ACTIVE-01,926,Girujan,12.58,17.94,101.6,9.09,kft-lbs,1895.0,760.0,9.59,9.67,0.238,% total gas,601.8,SYNTHETIC
2026-09-02 21:29:19,ACTIVE-01,927,Girujan,11.86,17.88,99.1,10.09,kft-lbs,1948.0,739.0,9.59,9.66,0.167,% total gas,601.8,SYNTHETIC
2026-09-02 21:34:17,ACTIVE-01,928,Girujan,12.1,17.95,96.9,9.66,kft-lbs,1896.0,761.0,9.62,9.71,0.18,% total gas,601.8,SYNTHETIC
2026-09-02 21:38:55,ACTIVE-01,929,Girujan,12.96,19.27,96.8,10.34,kft-lbs,1936.0,746.0,9.6,9.67,0.117,% total gas,601.1,SYNTHETIC
2026-09-02 21:43:50,ACTIVE-01,930,Girujan,12.18,17.87,99.6,9.74,kft-lbs,1892.0,752.0,9.59,9.66,0.227,% total gas,601.4,SYNTHETIC
2026-09-02 21:48:09,ACTIVE-01,931,Girujan,13.89,19.28,99.0,9.99,kft-lbs,1943.0,749.0,9.62,9.69,0.218,% total gas,601.1,SYNTHETIC
2026-09-02 21:52:26,ACTIVE-01,932,Girujan,14.06,19.46,98.8,9.98,kft-lbs,1963.0,752.0,9.6,9.67,0.194,% total gas,600.8,SYNTHETIC
2026-09-02 21:56:58,ACTIVE-01,933,Girujan,13.21,18.41,102.5,10.2,kft-lbs,1915.0,751.0,9.59,9.65,0.163,% total gas,601.3,SYNTHETIC
2026-09-02 22:01:15,ACTIVE-01,934,Girujan,14.02,18.83,97.7,9.69,kft-lbs,1805.0,755.0,9.59,9.66,0.159,% total gas,601.1,SYNTHETIC
2026-09-02 22:06:30,ACTIVE-01,935,Girujan,11.42,18.51,95.6,9.34,kft-lbs,1893.0,744.0,9.6,9.68,0.228,% total gas,600.7,SYNTHETIC
2026-09-02 22:11:21,ACTIVE-01,936,Girujan,12.36,16.39,98.6,9.89,kft-lbs,1853.0,744.0,9.58,9.65,0.317,% total gas,600.8,SYNTHETIC
2026-09-02 22:15:24,ACTIVE-01,937,Girujan,14.85,16.9,97.7,10.07,kft-lbs,1821.0,757.0,9.59,9.67,0.235,% total gas,601.6,SYNTHETIC
2026-09-02 22:20:20,ACTIVE-01,938,Girujan,12.17,18.23,103.4,9.97,kft-lbs,1856.0,762.0,9.59,9.66,0.182,% total gas,601.6,SYNTHETIC
2026-09-02 22:25:31,ACTIVE-01,939,Girujan,11.56,17.14,97.5,10.66,kft-lbs,1916.0,758.0,9.62,9.7,0.159,% total gas,601.0,SYNTHETIC
2026-09-02 22:30:06,ACTIVE-01,940,Girujan,13.08,19.5,100.5,10.66,kft-lbs,1884.0,748.0,9.58,9.64,0.214,% total gas,601.7,SYNTHETIC
2026-09-02 22:34:03,ACTIVE-01,941,Girujan,15.22,18.94,101.2,9.61,kft-lbs,1950.0,750.0,9.58,9.65,0.172,% total gas,601.5,SYNTHETIC
2026-09-02 22:38:55,ACTIVE-01,942,Girujan,12.32,18.17,102.1,9.64,kft-lbs,1894.0,753.0,9.59,9.68,0.146,% total gas,601.5,SYNTHETIC
2026-09-02 22:43:53,ACTIVE-01,943,Girujan,12.06,18.77,102.9,9.51,kft-lbs,1895.0,751.0,9.57,9.64,0.165,% total gas,601.5,SYNTHETIC
2026-09-02 22:48:24,ACTIVE-01,944,Girujan,13.31,18.08,101.8,9.33,kft-lbs,1920.0,740.0,9.61,9.7,0.163,% total gas,601.3,SYNTHETIC
2026-09-02 22:52:49,ACTIVE-01,945,Girujan,13.58,16.85,101.8,9.63,kft-lbs,1891.0,742.0,9.6,9.67,0.266,% total gas,601.6,SYNTHETIC
2026-09-02 22:57:16,ACTIVE-01,946,Girujan,13.48,18.48,96.2,9.48,kft-lbs,1936.0,747.0,9.55,9.63,0.215,% total gas,601.5,SYNTHETIC
2026-09-02 23:01:44,ACTIVE-01,947,Girujan,13.46,18.64,102.4,9.97,kft-lbs,1946.0,746.0,9.62,9.7,0.167,% total gas,601.8,SYNTHETIC
2026-09-02 23:06:07,ACTIVE-01,948,Girujan,13.66,18.29,98.6,9.59,kft-lbs,1928.0,748.0,9.61,9.69,0.119,% total gas,601.7,SYNTHETIC
2026-09-02 23:11:09,ACTIVE-01,949,Girujan,11.92,17.27,95.0,10.28,kft-lbs,1894.0,738.0,9.61,9.7,0.225,% total gas,601.8,SYNTHETIC
2026-09-02 23:16:13,ACTIVE-01,950,Girujan,11.83,18.87,107.6,9.82,kft-lbs,1971.0,739.0,9.58,9.66,0.168,% total gas,601.3,SYNTHETIC
2026-09-02 23:20:49,ACTIVE-01,951,Girujan,13.07,17.24,99.0,8.88,kft-lbs,1925.0,758.0,9.58,9.64,0.193,% total gas,601.8,SYNTHETIC
2026-09-02 23:25:21,ACTIVE-01,952,Girujan,13.25,16.67,96.0,10.46,kft-lbs,1973.0,741.0,9.59,9.68,0.15,% total gas,602.2,SYNTHETIC
2026-09-02 23:29:21,ACTIVE-01,953,Girujan,14.95,18.06,98.9,10.73,kft-lbs,2014.0,760.0,9.57,9.65,0.202,% total gas,603.1,SYNTHETIC
2026-09-02 23:33:38,ACTIVE-01,954,Girujan,14.05,18.09,101.8,10.23,kft-lbs,1892.0,752.0,9.62,9.69,0.193,% total gas,602.6,SYNTHETIC
2026-09-02 23:38:43,ACTIVE-01,955,Girujan,11.77,18.18,103.6,11.06,kft-lbs,1914.0,752.0,9.6,9.69,0.196,% total gas,601.6,SYNTHETIC
2026-09-02 23:43:05,ACTIVE-01,956,Girujan,13.77,17.81,101.6,10.33,kft-lbs,1948.0,753.0,9.61,9.7,0.255,% total gas,602.0,SYNTHETIC
2026-09-02 23:47:42,ACTIVE-01,957,Girujan,12.97,16.49,96.5,10.02,kft-lbs,1917.0,743.0,9.59,9.66,0.202,% total gas,602.0,SYNTHETIC
2026-09-02 23:52:19,ACTIVE-01,958,Girujan,13.0,19.14,96.7,10.04,kft-lbs,1944.0,738.0,9.6,9.68,0.13,% total gas,602.8,SYNTHETIC
2026-09-02 23:56:45,ACTIVE-01,959,Girujan,13.54,17.87,99.0,10.37,kft-lbs,1958.0,761.0,9.59,9.67,0.213,% total gas,602.5,SYNTHETIC
2026-09-03 00:01:10,ACTIVE-01,960,Girujan,13.58,17.08,100.1,9.79,kft-lbs,1929.0,750.0,9.61,9.67,0.174,% total gas,602.6,SYNTHETIC
2026-09-03 00:05:24,ACTIVE-01,961,Girujan,14.21,18.17,99.7,10.42,kft-lbs,2021.0,749.0,9.58,9.66,0.237,% total gas,602.5,SYNTHETIC
2026-09-03 00:09:38,ACTIVE-01,962,Girujan,14.16,18.84,102.6,9.69,kft-lbs,1945.0,747.0,9.59,9.64,0.189,% total gas,601.9,SYNTHETIC
2026-09-03 00:14:14,ACTIVE-01,963,Girujan,13.06,17.01,98.2,9.86,kft-lbs,1926.0,758.0,9.6,9.69,0.203,% total gas,601.4,SYNTHETIC
2026-09-03 00:18:39,ACTIVE-01,964,Girujan,13.54,17.42,102.0,9.76,kft-lbs,1927.0,753.0,9.59,9.68,0.221,% total gas,601.4,SYNTHETIC
2026-09-03 00:22:46,ACTIVE-01,965,Girujan,14.61,17.67,101.0,10.48,kft-lbs,1869.0,757.0,9.6,9.67,0.2,% total gas,600.6,SYNTHETIC
2026-09-03 00:26:53,ACTIVE-01,966,Girujan,14.55,17.44,103.3,9.85,kft-lbs,1922.0,757.0,9.59,9.67,0.123,% total gas,600.3,SYNTHETIC
2026-09-03 00:31:12,ACTIVE-01,967,Girujan,13.93,18.24,104.1,9.47,kft-lbs,1925.0,752.0,9.62,9.71,0.218,% total gas,600.2,SYNTHETIC
2026-09-03 00:35:11,ACTIVE-01,968,Girujan,15.04,18.72,100.8,9.8,kft-lbs,1877.0,749.0,9.59,9.69,0.225,% total gas,600.3,SYNTHETIC
2026-09-03 00:39:42,ACTIVE-01,969,Girujan,13.27,18.28,96.5,9.8,kft-lbs,1967.0,761.0,9.6,9.67,0.163,% total gas,599.6,SYNTHETIC
2026-09-03 00:44:18,ACTIVE-01,970,Girujan,13.04,17.81,105.5,10.29,kft-lbs,1927.0,746.0,9.62,9.71,0.178,% total gas,599.6,SYNTHETIC
2026-09-03 00:49:16,ACTIVE-01,971,Girujan,12.09,18.96,100.7,9.37,kft-lbs,1924.0,756.0,9.57,9.65,0.126,% total gas,599.3,SYNTHETIC
2026-09-03 00:53:57,ACTIVE-01,972,Girujan,12.83,17.21,102.4,9.75,kft-lbs,1924.0,744.0,9.6,9.68,0.297,% total gas,599.6,SYNTHETIC
2026-09-03 00:58:51,ACTIVE-01,973,Girujan,12.22,18.77,97.4,9.93,kft-lbs,1962.0,758.0,9.59,9.66,0.235,% total gas,599.4,SYNTHETIC
2026-09-03 01:04:45,ACTIVE-01,974,Girujan,10.17,17.28,104.6,9.52,kft-lbs,1952.0,745.0,9.57,9.65,0.195,% total gas,600.4,SYNTHETIC
2026-09-03 01:09:19,ACTIVE-01,975,Girujan,13.15,18.74,97.1,10.12,kft-lbs,1945.0,752.0,9.62,9.69,0.23,% total gas,599.8,SYNTHETIC
2026-09-03 01:13:21,ACTIVE-01,976,Girujan,14.91,17.71,102.2,9.66,kft-lbs,1954.0,744.0,9.59,9.66,0.153,% total gas,599.7,SYNTHETIC
2026-09-03 01:18:43,ACTIVE-01,977,Girujan,11.15,18.35,100.7,9.95,kft-lbs,1976.0,752.0,9.63,9.72,0.316,% total gas,599.0,SYNTHETIC
2026-09-03 01:23:30,ACTIVE-01,978,Girujan,12.56,19.14,100.2,10.84,kft-lbs,1950.0,751.0,9.61,9.69,0.167,% total gas,599.1,SYNTHETIC
2026-09-03 01:28:08,ACTIVE-01,979,Girujan,12.97,18.93,95.1,9.56,kft-lbs,1973.0,753.0,9.65,9.74,0.201,% total gas,598.7,SYNTHETIC
2026-09-03 01:32:20,ACTIVE-01,980,Girujan,14.24,17.72,97.4,10.15,kft-lbs,1984.0,734.0,9.58,9.65,0.199,% total gas,599.0,SYNTHETIC
2026-09-03 01:37:17,ACTIVE-01,981,Girujan,12.14,17.2,98.3,10.37,kft-lbs,1895.0,755.0,9.6,9.69,0.182,% total gas,598.6,SYNTHETIC
2026-09-03 01:42:06,ACTIVE-01,982,Girujan,12.44,16.65,97.5,9.95,kft-lbs,1981.0,744.0,9.57,9.64,0.19,% total gas,598.9,SYNTHETIC
2026-09-03 01:46:41,ACTIVE-01,983,Girujan,13.13,17.38,99.1,10.73,kft-lbs,1938.0,763.0,9.61,9.67,0.159,% total gas,599.1,SYNTHETIC
2026-09-03 01:51:14,ACTIVE-01,984,Girujan,13.15,17.25,95.8,10.11,kft-lbs,1937.0,772.0,9.6,9.68,0.162,% total gas,599.7,SYNTHETIC
2026-09-03 01:55:33,ACTIVE-01,985,Girujan,13.92,19.6,102.3,9.67,kft-lbs,1927.0,761.0,9.63,9.71,0.218,% total gas,599.4,SYNTHETIC
2026-09-03 02:00:22,ACTIVE-01,986,Girujan,12.44,19.47,100.4,9.68,kft-lbs,1942.0,754.0,9.58,9.64,0.172,% total gas,599.1,SYNTHETIC
2026-09-03 02:05:31,ACTIVE-01,987,Girujan,11.65,17.67,99.2,10.22,kft-lbs,1971.0,757.0,9.6,9.68,0.239,% total gas,599.7,SYNTHETIC
2026-09-03 02:10:30,ACTIVE-01,988,Girujan,12.06,17.49,104.1,9.24,kft-lbs,1976.0,752.0,9.65,9.73,0.261,% total gas,599.8,SYNTHETIC
2026-09-03 02:15:06,ACTIVE-01,989,Girujan,13.04,19.1,100.7,9.54,kft-lbs,1953.0,758.0,9.64,9.71,0.191,% total gas,599.9,SYNTHETIC
2026-09-03 02:19:14,ACTIVE-01,990,Girujan,14.51,17.16,94.9,9.49,kft-lbs,1892.0,749.0,9.56,9.66,0.139,% total gas,599.1,SYNTHETIC
2026-09-03 02:24:30,ACTIVE-01,991,Girujan,11.39,18.32,101.5,10.28,kft-lbs,1906.0,753.0,9.61,9.71,0.226,% total gas,599.1,SYNTHETIC
2026-09-03 02:30:07,ACTIVE-01,992,Girujan,10.69,17.57,103.4,9.81,kft-lbs,1975.0,750.0,9.62,9.7,0.116,% total gas,599.1,SYNTHETIC
2026-09-03 02:34:02,ACTIVE-01,993,Girujan,15.34,19.29,100.3,9.82,kft-lbs,1904.0,741.0,9.59,9.68,0.2,% total gas,599.6,SYNTHETIC
2026-09-03 02:38:53,ACTIVE-01,994,Girujan,12.34,18.67,99.7,11.12,kft-lbs,1910.0,749.0,9.58,9.66,0.129,% total gas,599.6,SYNTHETIC
2026-09-03 02:44:04,ACTIVE-01,995,Girujan,11.6,17.93,103.6,10.37,kft-lbs,1932.0,731.0,9.62,9.7,0.216,% total gas,599.0,SYNTHETIC
2026-09-03 02:48:51,ACTIVE-01,996,Girujan,12.51,18.42,100.0,9.96,kft-lbs,2012.0,747.0,9.61,9.7,0.188,% total gas,599.6,SYNTHETIC
2026-09-03 02:53:30,ACTIVE-01,997,Girujan,12.9,18.59,103.0,10.04,kft-lbs,1946.0,733.0,9.63,9.72,0.174,% total gas,599.4,SYNTHETIC
2026-09-03 02:58:41,ACTIVE-01,998,Girujan,11.6,17.32,105.3,8.84,kft-lbs,1969.0,749.0,9.58,9.64,0.197,% total gas,599.7,SYNTHETIC
2026-09-03 03:03:01,ACTIVE-01,999,Girujan,13.86,17.87,102.7,9.72,kft-lbs,1983.0,742.0,9.6,9.67,0.2,% total gas,599.9,SYNTHETIC
2026-09-03 03:07:11,ACTIVE-01,1000,Girujan,14.38,17.97,105.0,10.27,kft-lbs,1878.0,738.0,9.59,9.67,0.148,% total gas,600.4,SYNTHETIC
2026-09-03 03:11:46,ACTIVE-01,1001,Girujan,13.11,16.76,96.3,9.54,kft-lbs,1898.0,753.0,9.58,9.66,0.196,% total gas,600.4,SYNTHETIC
2026-09-03 03:17:19,ACTIVE-01,1002,Girujan,10.81,17.94,96.1,10.43,kft-lbs,1973.0,763.0,9.59,9.67,0.185,% total gas,600.1,SYNTHETIC
2026-09-03 03:22:13,ACTIVE-01,1003,Girujan,12.23,18.02,103.7,10.43,kft-lbs,1908.0,752.0,9.59,9.68,0.331,% total gas,600.4,SYNTHETIC
2026-09-03 03:26:24,ACTIVE-01,1004,Girujan,14.33,18.39,100.0,10.75,kft-lbs,1945.0,749.0,9.58,9.66,0.213,% total gas,599.9,SYNTHETIC
2026-09-03 03:31:45,ACTIVE-01,1005,Girujan,11.21,18.79,97.3,9.41,kft-lbs,1965.0,749.0,9.63,9.71,0.202,% total gas,600.1,SYNTHETIC
2026-09-03 03:36:08,ACTIVE-01,1006,Girujan,13.72,17.86,98.9,10.82,kft-lbs,1952.0,749.0,9.63,9.71,0.148,% total gas,600.6,SYNTHETIC
2026-09-03 03:40:45,ACTIVE-01,1007,Girujan,12.98,18.86,97.2,9.87,kft-lbs,1931.0,743.0,9.61,9.69,0.195,% total gas,600.5,SYNTHETIC
2026-09-03 03:45:36,ACTIVE-01,1008,Girujan,12.35,17.78,101.0,10.39,kft-lbs,1927.0,748.0,9.6,9.67,0.273,% total gas,600.1,SYNTHETIC
2026-09-03 03:50:16,ACTIVE-01,1009,Girujan,12.88,17.2,100.1,10.49,kft-lbs,1969.0,749.0,9.6,9.68,0.303,% total gas,599.9,SYNTHETIC
2026-09-03 03:55:36,ACTIVE-01,1010,Girujan,11.26,18.09,97.9,10.22,kft-lbs,1958.0,749.0,9.61,9.71,0.213,% total gas,599.9,SYNTHETIC
2026-09-03 04:01:16,ACTIVE-01,1011,Girujan,10.57,18.14,103.4,9.58,kft-lbs,1905.0,762.0,9.56,9.66,0.279,% total gas,599.7,SYNTHETIC
2026-09-03 04:06:14,ACTIVE-01,1012,Girujan,12.08,18.61,96.9,10.26,kft-lbs,1964.0,737.0,9.61,9.7,0.171,% total gas,599.9,SYNTHETIC
2026-09-03 04:10:35,ACTIVE-01,1013,Girujan,13.81,17.6,100.4,10.74,kft-lbs,2007.0,736.0,9.62,9.69,0.188,% total gas,600.0,SYNTHETIC
2026-09-03 04:15:33,ACTIVE-01,1014,Girujan,12.1,18.54,98.9,9.13,kft-lbs,2064.0,752.0,9.62,9.7,0.219,% total gas,600.1,SYNTHETIC
2026-09-03 04:20:08,ACTIVE-01,1015,Girujan,13.07,18.77,99.3,10.87,kft-lbs,1904.0,740.0,9.59,9.66,0.185,% total gas,599.7,SYNTHETIC
2026-09-03 04:24:51,ACTIVE-01,1016,Girujan,12.74,18.86,99.2,9.94,kft-lbs,1977.0,754.0,9.61,9.69,0.192,% total gas,599.6,SYNTHETIC
2026-09-03 04:29:15,ACTIVE-01,1017,Girujan,13.63,16.93,98.6,9.32,kft-lbs,1936.0,746.0,9.58,9.66,0.18,% total gas,600.2,SYNTHETIC
2026-09-03 04:33:28,ACTIVE-01,1018,Girujan,14.22,16.87,95.9,10.48,kft-lbs,1975.0,752.0,9.6,9.68,0.209,% total gas,600.8,SYNTHETIC
2026-09-03 04:38:30,ACTIVE-01,1019,Girujan,11.92,17.59,100.4,10.31,kft-lbs,1933.0,752.0,9.62,9.71,0.188,% total gas,601.2,SYNTHETIC
2026-09-03 04:43:01,ACTIVE-01,1020,Girujan,13.27,18.93,101.8,10.77,kft-lbs,2004.0,746.0,9.56,9.63,0.133,% total gas,601.3,SYNTHETIC
2026-09-03 04:47:53,ACTIVE-01,1021,Girujan,12.34,18.42,98.8,9.79,kft-lbs,1977.0,761.0,9.59,9.68,0.279,% total gas,602.2,SYNTHETIC
2026-09-03 04:52:39,ACTIVE-01,1022,Girujan,12.58,18.13,101.0,9.54,kft-lbs,1971.0,751.0,9.61,9.7,0.218,% total gas,601.5,SYNTHETIC
2026-09-03 04:56:34,ACTIVE-01,1023,Girujan,15.3,17.94,101.6,9.94,kft-lbs,1954.0,751.0,9.6,9.69,0.21,% total gas,601.6,SYNTHETIC
2026-09-03 05:01:14,ACTIVE-01,1024,Girujan,12.85,17.57,96.2,10.04,kft-lbs,1968.0,752.0,9.6,9.7,0.154,% total gas,601.2,SYNTHETIC
2026-09-03 05:05:28,ACTIVE-01,1025,Girujan,14.2,18.18,99.9,9.56,kft-lbs,1944.0,753.0,9.62,9.7,0.127,% total gas,601.8,SYNTHETIC
2026-09-03 05:09:49,ACTIVE-01,1026,Girujan,13.77,18.48,99.0,10.73,kft-lbs,2027.0,753.0,9.6,9.69,0.121,% total gas,602.3,SYNTHETIC
2026-09-03 05:14:16,ACTIVE-01,1027,Girujan,13.49,17.89,97.9,9.2,kft-lbs,1963.0,749.0,9.58,9.67,0.15,% total gas,602.6,SYNTHETIC
2026-09-03 05:18:56,ACTIVE-01,1028,Girujan,12.89,18.55,97.5,10.07,kft-lbs,2011.0,757.0,9.59,9.69,0.218,% total gas,602.2,SYNTHETIC
2026-09-03 05:22:59,ACTIVE-01,1029,Girujan,14.79,18.35,101.1,9.77,kft-lbs,1958.0,752.0,9.61,9.71,0.146,% total gas,602.7,SYNTHETIC
2026-09-03 05:27:16,ACTIVE-01,1030,Girujan,14.01,16.87,104.3,10.67,kft-lbs,1924.0,759.0,9.61,9.7,0.137,% total gas,602.6,SYNTHETIC
2026-09-03 05:32:03,ACTIVE-01,1031,Girujan,12.52,16.92,101.2,9.84,kft-lbs,1983.0,766.0,9.61,9.7,0.132,% total gas,602.0,SYNTHETIC
2026-09-03 05:36:39,ACTIVE-01,1032,Girujan,13.09,17.67,98.4,9.8,kft-lbs,1936.0,750.0,9.61,9.7,0.213,% total gas,602.4,SYNTHETIC
2026-09-03 05:41:40,ACTIVE-01,1033,Girujan,11.94,18.04,103.4,10.05,kft-lbs,1990.0,748.0,9.59,9.67,0.148,% total gas,603.0,SYNTHETIC
2026-09-03 05:45:58,ACTIVE-01,1034,Girujan,13.94,17.45,98.6,9.3,kft-lbs,1992.0,747.0,9.6,9.7,0.2,% total gas,603.0,SYNTHETIC
2026-09-03 05:50:18,ACTIVE-01,1035,Girujan,13.87,16.24,102.2,9.78,kft-lbs,1974.0,748.0,9.63,9.72,0.19,% total gas,602.5,SYNTHETIC
2026-09-03 05:54:54,ACTIVE-01,1036,Girujan,13.05,17.92,94.7,10.05,kft-lbs,1948.0,744.0,9.57,9.65,0.196,% total gas,602.5,SYNTHETIC
2026-09-03 05:59:39,ACTIVE-01,1037,Girujan,12.6,18.83,95.2,10.13,kft-lbs,1934.0,743.0,9.62,9.68,0.201,% total gas,601.3,SYNTHETIC
2026-09-03 06:03:59,ACTIVE-01,1038,Girujan,13.88,17.75,98.3,9.8,kft-lbs,1952.0,747.0,9.59,9.65,0.125,% total gas,601.5,SYNTHETIC
2026-09-03 06:09:02,ACTIVE-01,1039,Girujan,11.87,17.39,101.8,10.7,kft-lbs,1955.0,755.0,9.61,9.7,0.134,% total gas,601.9,SYNTHETIC
2026-09-03 06:13:37,ACTIVE-01,1040,Girujan,13.08,17.41,95.2,10.07,kft-lbs,2019.0,756.0,9.62,9.72,0.236,% total gas,601.4,SYNTHETIC
2026-09-03 06:18:59,ACTIVE-01,1041,Girujan,11.19,17.1,96.5,9.77,kft-lbs,1980.0,755.0,9.61,9.68,0.162,% total gas,601.7,SYNTHETIC
2026-09-03 06:23:59,ACTIVE-01,1042,Girujan,11.98,17.31,99.8,10.0,kft-lbs,1982.0,743.0,9.59,9.68,0.247,% total gas,601.6,SYNTHETIC
2026-09-03 06:28:13,ACTIVE-01,1043,Girujan,14.18,18.48,103.8,9.58,kft-lbs,1936.0,744.0,9.58,9.68,0.179,% total gas,601.6,SYNTHETIC
2026-09-03 06:32:37,ACTIVE-01,1044,Girujan,13.63,18.55,94.0,10.6,kft-lbs,1990.0,748.0,9.6,9.68,0.21,% total gas,601.3,SYNTHETIC
2026-09-03 06:37:08,ACTIVE-01,1045,Girujan,13.29,18.04,99.9,10.45,kft-lbs,1975.0,759.0,9.58,9.67,0.269,% total gas,601.0,SYNTHETIC
2026-09-03 06:41:23,ACTIVE-01,1046,Girujan,14.12,16.88,96.5,10.23,kft-lbs,1992.0,753.0,9.61,9.69,0.204,% total gas,600.9,SYNTHETIC
2026-09-03 06:46:45,ACTIVE-01,1047,Girujan,11.2,19.01,108.2,10.71,kft-lbs,1941.0,753.0,9.59,9.67,0.23,% total gas,601.0,SYNTHETIC
2026-09-03 06:50:44,ACTIVE-01,1048,Girujan,15.05,18.57,102.0,10.17,kft-lbs,1940.0,746.0,9.58,9.68,0.254,% total gas,601.2,SYNTHETIC
2026-09-03 06:55:13,ACTIVE-01,1049,Girujan,13.36,16.05,95.6,10.03,kft-lbs,2001.0,759.0,9.61,9.71,0.19,% total gas,600.8,SYNTHETIC
2026-09-03 06:59:34,ACTIVE-01,1050,Girujan,13.82,18.24,98.6,9.86,kft-lbs,1968.0,757.0,9.6,9.68,0.167,% total gas,600.9,SYNTHETIC
2026-09-03 07:04:16,ACTIVE-01,1051,Girujan,12.78,18.58,98.7,10.27,kft-lbs,1980.0,748.0,9.61,9.7,0.17,% total gas,601.3,SYNTHETIC
2026-09-03 07:08:40,ACTIVE-01,1052,Girujan,13.63,16.76,103.0,10.52,kft-lbs,1904.0,737.0,9.61,9.71,0.19,% total gas,601.2,SYNTHETIC
2026-09-03 07:14:04,ACTIVE-01,1053,Girujan,11.1,17.81,105.7,9.53,kft-lbs,1951.0,748.0,9.58,9.66,0.159,% total gas,601.2,SYNTHETIC
2026-09-03 07:18:55,ACTIVE-01,1054,Girujan,12.37,17.34,100.3,10.52,kft-lbs,1951.0,749.0,9.58,9.67,0.121,% total gas,601.4,SYNTHETIC
2026-09-03 07:23:17,ACTIVE-01,1055,Girujan,13.75,18.21,102.3,10.37,kft-lbs,2013.0,748.0,9.59,9.67,0.308,% total gas,601.7,SYNTHETIC
2026-09-03 07:27:48,ACTIVE-01,1056,Girujan,13.28,19.76,96.6,10.14,kft-lbs,1972.0,745.0,9.62,9.71,0.149,% total gas,602.1,SYNTHETIC
2026-09-03 07:32:25,ACTIVE-01,1057,Girujan,12.98,17.77,97.5,10.55,kft-lbs,1970.0,750.0,9.6,9.68,0.248,% total gas,601.7,SYNTHETIC
2026-09-03 07:37:06,ACTIVE-01,1058,Girujan,12.82,18.32,98.7,10.3,kft-lbs,1948.0,764.0,9.59,9.67,0.147,% total gas,602.1,SYNTHETIC
2026-09-03 07:41:42,ACTIVE-01,1059,Girujan,13.05,18.27,98.9,9.9,kft-lbs,1990.0,754.0,9.62,9.71,0.176,% total gas,602.1,SYNTHETIC
2026-09-03 07:46:35,ACTIVE-01,1060,Girujan,12.28,17.6,101.0,10.45,kft-lbs,1972.0,740.0,9.58,9.67,0.251,% total gas,602.2,SYNTHETIC
2026-09-03 07:51:31,ACTIVE-01,1061,Girujan,12.18,17.74,99.2,10.51,kft-lbs,1965.0,733.0,9.6,9.7,0.216,% total gas,602.3,SYNTHETIC
2026-09-03 07:55:57,ACTIVE-01,1062,Girujan,13.5,17.81,97.1,9.56,kft-lbs,1979.0,757.0,9.57,9.65,0.129,% total gas,601.9,SYNTHETIC
2026-09-03 08:00:45,ACTIVE-01,1063,Girujan,12.52,18.88,95.5,9.55,kft-lbs,1935.0,762.0,9.57,9.65,0.252,% total gas,601.3,SYNTHETIC
2026-09-03 08:05:50,ACTIVE-01,1064,Girujan,11.8,16.99,100.2,9.74,kft-lbs,2044.0,736.0,9.62,9.71,0.276,% total gas,601.5,SYNTHETIC
2026-09-03 08:10:31,ACTIVE-01,1065,Girujan,12.83,18.07,100.4,9.39,kft-lbs,2017.0,744.0,9.63,9.72,0.259,% total gas,600.8,SYNTHETIC
2026-09-03 08:15:13,ACTIVE-01,1066,Girujan,12.75,18.57,102.0,10.13,kft-lbs,2021.0,749.0,9.6,9.7,0.157,% total gas,600.4,SYNTHETIC
2026-09-03 08:20:41,ACTIVE-01,1067,Girujan,10.97,17.33,98.2,10.04,kft-lbs,2052.0,756.0,9.61,9.7,0.193,% total gas,600.0,SYNTHETIC
2026-09-03 08:25:41,ACTIVE-01,1068,Girujan,12.0,17.45,100.7,10.38,kft-lbs,1955.0,755.0,9.61,9.71,0.152,% total gas,600.1,SYNTHETIC
2026-09-03 08:29:56,ACTIVE-01,1069,Girujan,14.14,17.83,101.2,9.61,kft-lbs,1990.0,749.0,9.58,9.69,0.195,% total gas,600.2,SYNTHETIC
2026-09-03 08:33:59,ACTIVE-01,1070,Girujan,14.8,17.32,97.1,9.48,kft-lbs,1967.0,747.0,9.61,9.7,0.229,% total gas,599.6,SYNTHETIC
2026-09-03 08:38:49,ACTIVE-01,1071,Girujan,12.42,19.07,98.1,10.88,kft-lbs,1964.0,753.0,9.58,9.69,0.189,% total gas,599.6,SYNTHETIC
2026-09-03 08:43:23,ACTIVE-01,1072,Girujan,13.11,17.72,97.9,9.76,kft-lbs,1969.0,742.0,9.59,9.67,0.248,% total gas,599.4,SYNTHETIC
2026-09-03 08:47:26,ACTIVE-01,1073,Girujan,14.85,16.85,101.0,10.7,kft-lbs,1992.0,746.0,9.59,9.67,0.151,% total gas,599.0,SYNTHETIC
2026-09-03 08:52:21,ACTIVE-01,1074,Girujan,12.2,17.43,103.2,10.01,kft-lbs,2034.0,737.0,9.58,9.67,0.21,% total gas,599.8,SYNTHETIC
2026-09-03 08:58:12,ACTIVE-01,1075,Girujan,10.24,17.71,98.4,10.34,kft-lbs,2007.0,739.0,9.62,9.71,0.208,% total gas,599.0,SYNTHETIC
2026-09-03 09:02:25,ACTIVE-01,1076,Girujan,14.24,17.28,107.4,9.99,kft-lbs,2031.0,754.0,9.61,9.7,0.248,% total gas,599.3,SYNTHETIC
2026-09-03 09:07:01,ACTIVE-01,1077,Girujan,13.05,19.58,101.0,9.6,kft-lbs,1961.0,749.0,9.6,9.69,0.292,% total gas,600.0,SYNTHETIC
2026-09-03 09:11:53,ACTIVE-01,1078,Girujan,12.33,18.4,96.6,10.83,kft-lbs,2041.0,749.0,9.6,9.68,0.186,% total gas,600.0,SYNTHETIC
2026-09-03 09:16:44,ACTIVE-01,1079,Girujan,12.36,16.84,95.9,9.82,kft-lbs,2060.0,745.0,9.6,9.69,0.18,% total gas,600.0,SYNTHETIC
2026-09-03 09:21:02,ACTIVE-01,1080,Girujan,13.98,17.81,98.3,10.71,kft-lbs,1986.0,756.0,9.63,9.72,0.258,% total gas,600.3,SYNTHETIC
2026-09-03 09:26:00,ACTIVE-01,1081,Girujan,12.09,17.84,101.0,10.61,kft-lbs,2028.0,748.0,9.61,9.69,0.219,% total gas,599.4,SYNTHETIC
2026-09-03 09:30:56,ACTIVE-01,1082,Girujan,12.13,16.66,106.5,9.78,kft-lbs,1998.0,744.0,9.56,9.64,0.281,% total gas,599.1,SYNTHETIC
2026-09-03 09:35:18,ACTIVE-01,1083,Girujan,13.79,18.46,99.1,10.57,kft-lbs,1988.0,746.0,9.64,9.73,0.147,% total gas,598.9,SYNTHETIC
2026-09-03 09:39:31,ACTIVE-01,1084,Girujan,14.2,17.6,95.3,9.76,kft-lbs,2000.0,756.0,9.57,9.65,0.221,% total gas,598.7,SYNTHETIC
2026-09-03 09:44:15,ACTIVE-01,1085,Girujan,12.66,17.75,98.5,9.85,kft-lbs,2010.0,732.0,9.59,9.67,0.199,% total gas,598.6,SYNTHETIC
2026-09-03 09:48:56,ACTIVE-01,1086,Girujan,12.81,17.47,99.5,9.79,kft-lbs,2004.0,749.0,9.62,9.72,0.29,% total gas,599.1,SYNTHETIC
2026-09-03 09:53:17,ACTIVE-01,1087,Girujan,13.81,19.31,99.7,10.25,kft-lbs,1961.0,745.0,9.6,9.67,0.187,% total gas,599.5,SYNTHETIC
2026-09-03 09:58:06,ACTIVE-01,1088,Girujan,12.47,16.51,103.3,9.92,kft-lbs,1971.0,747.0,9.62,9.69,0.211,% total gas,599.1,SYNTHETIC
2026-09-03 10:03:07,ACTIVE-01,1089,Girujan,11.96,18.32,101.1,9.33,kft-lbs,1930.0,767.0,9.58,9.66,0.248,% total gas,599.3,SYNTHETIC
2026-09-03 10:07:42,ACTIVE-01,1090,Girujan,13.06,18.16,106.9,10.31,kft-lbs,1955.0,750.0,9.6,9.7,0.186,% total gas,599.1,SYNTHETIC
2026-09-03 10:11:48,ACTIVE-01,1091,Girujan,14.68,17.55,100.1,9.82,kft-lbs,1975.0,754.0,9.61,9.68,0.129,% total gas,598.5,SYNTHETIC
2026-09-03 10:15:52,ACTIVE-01,1092,Girujan,14.74,17.58,99.4,10.37,kft-lbs,1952.0,764.0,9.64,9.73,0.19,% total gas,598.2,SYNTHETIC
2026-09-03 10:20:44,ACTIVE-01,1093,Girujan,12.31,16.25,102.6,9.94,kft-lbs,2044.0,749.0,9.61,9.71,0.16,% total gas,598.2,SYNTHETIC
2026-09-03 10:25:05,ACTIVE-01,1094,Girujan,13.82,18.18,104.2,10.3,kft-lbs,2049.0,741.0,9.57,9.65,0.149,% total gas,598.2,SYNTHETIC
2026-09-03 10:29:39,ACTIVE-01,1095,Girujan,13.12,17.87,104.0,9.85,kft-lbs,1973.0,749.0,9.61,9.7,0.254,% total gas,598.9,SYNTHETIC
2026-09-03 10:34:17,ACTIVE-01,1096,Girujan,12.96,17.44,97.8,10.74,kft-lbs,2025.0,745.0,9.63,9.7,0.205,% total gas,599.1,SYNTHETIC
2026-09-03 10:38:52,ACTIVE-01,1097,Girujan,13.07,17.7,101.9,10.62,kft-lbs,2014.0,763.0,9.59,9.7,0.286,% total gas,598.9,SYNTHETIC
2026-09-03 10:43:28,ACTIVE-01,1098,Girujan,13.07,16.64,101.1,11.02,kft-lbs,2013.0,734.0,9.61,9.71,0.123,% total gas,598.8,SYNTHETIC
2026-09-03 10:48:04,ACTIVE-01,1099,Girujan,13.04,18.17,99.3,10.11,kft-lbs,2083.0,753.0,9.62,9.72,0.151,% total gas,599.0,SYNTHETIC
2026-09-03 10:52:11,ACTIVE-01,1100,Girujan,14.56,18.83,92.9,10.29,kft-lbs,1969.0,748.0,9.62,9.72,0.166,% total gas,598.4,SYNTHETIC
2026-09-03 10:56:55,ACTIVE-01,1101,Girujan,12.68,16.57,103.3,10.46,kft-lbs,2027.0,752.0,9.63,9.73,0.092,% total gas,598.5,SYNTHETIC
2026-09-03 11:00:51,ACTIVE-01,1102,Girujan,15.24,19.47,97.6,10.47,kft-lbs,2038.0,745.0,9.63,9.73,0.161,% total gas,598.5,SYNTHETIC
2026-09-03 11:05:35,ACTIVE-01,1103,Girujan,12.68,18.33,104.7,9.93,kft-lbs,2005.0,755.0,9.61,9.69,0.19,% total gas,598.3,SYNTHETIC
2026-09-03 11:10:54,ACTIVE-01,1104,Girujan,11.31,18.83,98.8,10.29,kft-lbs,1942.0,755.0,9.61,9.7,0.264,% total gas,598.3,SYNTHETIC
2026-09-03 11:15:15,ACTIVE-01,1105,Girujan,13.78,17.88,100.5,9.58,kft-lbs,2018.0,752.0,9.6,9.7,0.123,% total gas,598.0,SYNTHETIC
2026-09-03 11:19:41,ACTIVE-01,1106,Girujan,13.51,17.59,103.0,10.39,kft-lbs,1998.0,739.0,9.62,9.71,0.364,% total gas,598.0,SYNTHETIC
2026-09-03 11:24:26,ACTIVE-01,1107,Girujan,12.64,17.67,98.2,9.97,kft-lbs,1997.0,742.0,9.59,9.67,0.296,% total gas,597.9,SYNTHETIC
2026-09-03 11:28:53,ACTIVE-01,1108,Girujan,13.51,19.21,101.9,10.3,kft-lbs,1993.0,754.0,9.6,9.71,0.224,% total gas,598.3,SYNTHETIC
2026-09-03 11:33:32,ACTIVE-01,1109,Girujan,12.89,18.84,96.6,9.78,kft-lbs,2045.0,742.0,9.6,9.68,0.248,% total gas,598.1,SYNTHETIC
2026-09-03 11:38:08,ACTIVE-01,1110,Girujan,13.03,17.68,101.2,9.64,kft-lbs,2025.0,753.0,9.61,9.7,0.161,% total gas,598.2,SYNTHETIC
2026-09-03 11:42:49,ACTIVE-01,1111,Girujan,12.83,16.62,99.8,9.96,kft-lbs,2121.0,737.0,9.59,9.67,0.203,% total gas,598.0,SYNTHETIC
2026-09-03 11:48:32,ACTIVE-01,1112,Girujan,10.49,17.66,101.7,10.54,kft-lbs,2025.0,751.0,9.58,9.67,0.235,% total gas,598.5,SYNTHETIC
2026-09-03 11:53:11,ACTIVE-01,1113,Girujan,12.92,19.17,97.9,9.39,kft-lbs,1973.0,750.0,9.62,9.72,0.094,% total gas,599.1,SYNTHETIC
2026-09-03 11:58:06,ACTIVE-01,1114,Girujan,12.2,16.44,104.0,10.19,kft-lbs,2029.0,740.0,9.59,9.69,0.173,% total gas,599.4,SYNTHETIC
2026-09-03 12:02:50,ACTIVE-01,1115,Girujan,12.67,17.71,100.0,10.29,kft-lbs,2018.0,753.0,9.58,9.67,0.16,% total gas,599.1,SYNTHETIC
2026-09-03 12:07:25,ACTIVE-01,1116,Girujan,13.08,17.53,101.9,10.01,kft-lbs,1973.0,743.0,9.59,9.68,0.204,% total gas,598.8,SYNTHETIC
2026-09-03 12:11:44,ACTIVE-01,1117,Girujan,13.88,17.32,102.2,9.94,kft-lbs,2010.0,748.0,9.55,9.65,0.165,% total gas,598.4,SYNTHETIC
2026-09-03 12:16:29,ACTIVE-01,1118,Girujan,12.65,17.52,105.7,10.46,kft-lbs,2009.0,746.0,9.58,9.67,0.268,% total gas,598.0,SYNTHETIC
2026-09-03 12:21:49,ACTIVE-01,1119,Girujan,11.24,18.12,93.9,9.83,kft-lbs,2037.0,741.0,9.58,9.67,0.247,% total gas,598.0,SYNTHETIC
2026-09-03 12:26:27,ACTIVE-01,1120,Girujan,12.95,17.08,96.1,9.48,kft-lbs,1974.0,760.0,9.6,9.7,0.327,% total gas,597.6,SYNTHETIC
2026-09-03 12:31:00,ACTIVE-01,1121,Girujan,13.18,17.07,96.4,9.79,kft-lbs,2022.0,748.0,9.59,9.68,0.2,% total gas,597.3,SYNTHETIC
2026-09-03 12:35:40,ACTIVE-01,1122,Girujan,12.86,19.04,94.5,9.73,kft-lbs,2040.0,752.0,9.58,9.69,0.261,% total gas,596.8,SYNTHETIC
2026-09-03 12:40:37,ACTIVE-01,1123,Girujan,12.14,18.59,98.3,10.97,kft-lbs,2067.0,751.0,9.61,9.7,0.287,% total gas,596.7,SYNTHETIC
2026-09-03 12:44:53,ACTIVE-01,1124,Girujan,14.06,17.88,101.1,9.06,kft-lbs,2089.0,757.0,9.63,9.73,0.284,% total gas,596.8,SYNTHETIC
2026-09-03 12:50:24,ACTIVE-01,1125,Girujan,10.87,18.32,97.4,9.94,kft-lbs,1963.0,750.0,9.6,9.68,0.205,% total gas,596.5,SYNTHETIC
2026-09-03 12:55:00,ACTIVE-01,1126,Girujan,13.06,16.85,95.6,10.22,kft-lbs,2074.0,758.0,9.61,9.7,0.197,% total gas,596.7,SYNTHETIC
2026-09-03 12:59:51,ACTIVE-01,1127,Girujan,12.38,18.59,104.4,10.17,kft-lbs,2027.0,752.0,9.6,9.68,0.215,% total gas,596.4,SYNTHETIC
2026-09-03 13:04:33,ACTIVE-01,1128,Girujan,12.73,18.21,98.9,9.94,kft-lbs,1988.0,741.0,9.61,9.69,0.258,% total gas,596.0,SYNTHETIC
2026-09-03 13:08:50,ACTIVE-01,1129,Girujan,14.02,18.61,100.2,10.29,kft-lbs,2015.0,761.0,9.6,9.69,0.144,% total gas,596.3,SYNTHETIC
2026-09-03 13:13:17,ACTIVE-01,1130,Girujan,13.48,16.7,103.1,9.42,kft-lbs,1938.0,748.0,9.6,9.7,0.198,% total gas,596.1,SYNTHETIC
2026-09-03 13:17:55,ACTIVE-01,1131,Girujan,12.96,17.18,101.2,10.18,kft-lbs,2039.0,747.0,9.6,9.68,0.162,% total gas,595.6,SYNTHETIC
2026-09-03 13:22:26,ACTIVE-01,1132,Girujan,13.3,17.04,99.7,10.02,kft-lbs,2102.0,739.0,9.61,9.71,0.176,% total gas,594.9,SYNTHETIC
2026-09-03 13:26:57,ACTIVE-01,1133,Girujan,13.27,17.14,106.3,9.83,kft-lbs,2002.0,757.0,9.61,9.69,0.214,% total gas,594.8,SYNTHETIC
2026-09-03 13:31:45,ACTIVE-01,1134,Girujan,12.49,18.61,100.4,9.44,kft-lbs,2057.0,754.0,9.62,9.72,0.161,% total gas,596.1,SYNTHETIC
2026-09-03 13:36:28,ACTIVE-01,1135,Girujan,12.74,18.56,102.2,10.22,kft-lbs,1982.0,749.0,9.62,9.73,0.251,% total gas,596.5,SYNTHETIC
2026-09-03 13:40:19,ACTIVE-01,1136,Girujan,15.56,17.55,100.4,10.19,kft-lbs,2088.0,751.0,9.62,9.71,0.233,% total gas,596.5,SYNTHETIC
2026-09-03 13:45:14,ACTIVE-01,1137,Girujan,12.2,18.15,98.3,10.37,kft-lbs,1986.0,753.0,9.6,9.7,0.252,% total gas,596.3,SYNTHETIC
2026-09-03 13:49:52,ACTIVE-01,1138,Girujan,12.94,18.34,100.7,9.69,kft-lbs,2009.0,765.0,9.6,9.69,0.327,% total gas,596.3,SYNTHETIC
2026-09-03 13:54:10,ACTIVE-01,1139,Girujan,14.0,17.31,99.9,10.03,kft-lbs,1991.0,749.0,9.61,9.7,0.148,% total gas,597.0,SYNTHETIC
2026-09-03 13:59:19,ACTIVE-01,1140,Girujan,11.65,17.47,99.0,10.45,kft-lbs,2053.0,753.0,9.59,9.7,0.17,% total gas,597.5,SYNTHETIC
2026-09-03 14:04:14,ACTIVE-01,1141,Girujan,12.19,17.94,104.7,9.77,kft-lbs,2001.0,753.0,9.61,9.72,0.245,% total gas,597.5,SYNTHETIC
2026-09-03 14:08:38,ACTIVE-01,1142,Girujan,13.65,19.26,97.9,9.54,kft-lbs,2035.0,745.0,9.6,9.7,0.252,% total gas,597.7,SYNTHETIC
2026-09-03 14:13:49,ACTIVE-01,1143,Girujan,11.56,20.0,98.1,10.47,kft-lbs,2035.0,751.0,9.59,9.68,0.189,% total gas,597.5,SYNTHETIC
2026-09-03 14:18:59,ACTIVE-01,1144,Girujan,11.61,18.05,104.1,11.06,kft-lbs,1982.0,756.0,9.63,9.74,0.286,% total gas,597.8,SYNTHETIC
2026-09-03 14:23:23,ACTIVE-01,1145,Girujan,13.65,18.31,99.3,10.47,kft-lbs,2083.0,748.0,9.59,9.68,0.178,% total gas,598.1,SYNTHETIC
2026-09-03 14:28:01,ACTIVE-01,1146,Girujan,12.96,18.94,104.1,10.15,kft-lbs,2019.0,746.0,9.6,9.69,0.147,% total gas,597.5,SYNTHETIC
2026-09-03 14:32:16,ACTIVE-01,1147,Girujan,14.12,17.67,101.0,10.26,kft-lbs,2068.0,749.0,9.59,9.67,0.202,% total gas,598.2,SYNTHETIC
2026-09-03 14:36:48,ACTIVE-01,1148,Girujan,13.19,17.85,100.9,10.37,kft-lbs,2044.0,756.0,9.6,9.7,0.229,% total gas,598.4,SYNTHETIC
2026-09-03 14:42:39,ACTIVE-01,1149,Girujan,10.27,17.53,98.9,10.05,kft-lbs,2046.0,751.0,9.59,9.69,0.16,% total gas,598.6,SYNTHETIC
2026-09-03 14:47:08,ACTIVE-01,1150,Girujan,13.38,17.33,99.5,9.9,kft-lbs,2064.0,737.0,9.6,9.69,0.142,% total gas,598.7,SYNTHETIC
2026-09-03 14:52:21,ACTIVE-01,1151,Girujan,11.49,18.94,101.2,10.81,kft-lbs,2046.0,748.0,9.64,9.73,0.187,% total gas,599.8,SYNTHETIC
2026-09-03 14:57:08,ACTIVE-01,1152,Girujan,12.54,19.12,99.7,10.59,kft-lbs,2009.0,745.0,9.61,9.72,0.221,% total gas,600.4,SYNTHETIC
2026-09-03 15:02:03,ACTIVE-01,1153,Girujan,12.24,18.25,102.2,9.99,kft-lbs,2054.0,749.0,9.58,9.68,0.182,% total gas,600.7,SYNTHETIC
2026-09-03 15:06:09,ACTIVE-01,1154,Girujan,14.6,18.37,99.5,10.38,kft-lbs,2101.0,746.0,9.59,9.68,0.201,% total gas,600.2,SYNTHETIC
2026-09-03 15:10:46,ACTIVE-01,1155,Girujan,13.02,18.28,95.7,10.32,kft-lbs,2059.0,732.0,9.61,9.7,0.228,% total gas,600.3,SYNTHETIC
2026-09-03 15:15:55,ACTIVE-01,1156,Girujan,11.63,17.07,99.4,10.54,kft-lbs,2077.0,737.0,9.6,9.7,0.215,% total gas,599.9,SYNTHETIC
2026-09-03 15:20:33,ACTIVE-01,1157,Girujan,12.94,19.34,98.4,9.79,kft-lbs,2076.0,747.0,9.61,9.71,0.19,% total gas,599.2,SYNTHETIC
2026-09-03 15:25:22,ACTIVE-01,1158,Girujan,12.49,16.31,102.2,9.89,kft-lbs,2039.0,760.0,9.62,9.72,0.253,% total gas,599.0,SYNTHETIC
2026-09-03 15:29:45,ACTIVE-01,1159,Girujan,13.68,17.21,100.4,10.48,kft-lbs,2071.0,760.0,9.63,9.73,0.112,% total gas,599.5,SYNTHETIC
2026-09-03 15:34:20,ACTIVE-01,1160,Girujan,13.09,17.38,95.8,10.63,kft-lbs,2045.0,756.0,9.65,9.75,0.175,% total gas,598.9,SYNTHETIC
2026-09-03 15:38:23,ACTIVE-01,1161,Girujan,14.79,19.03,101.0,9.33,kft-lbs,1921.0,747.0,9.63,9.73,0.242,% total gas,598.9,SYNTHETIC
2026-09-03 15:42:58,ACTIVE-01,1162,Girujan,13.12,17.26,103.3,10.28,kft-lbs,2041.0,752.0,9.62,9.73,0.285,% total gas,599.5,SYNTHETIC
2026-09-03 15:48:02,ACTIVE-01,1163,Girujan,11.83,17.76,95.9,9.58,kft-lbs,2049.0,760.0,9.58,9.7,0.154,% total gas,600.2,SYNTHETIC
2026-09-03 15:52:32,ACTIVE-01,1164,Girujan,13.35,19.22,99.9,11.46,kft-lbs,2042.0,749.0,9.61,9.69,0.191,% total gas,600.4,SYNTHETIC
2026-09-03 15:57:23,ACTIVE-01,1165,Girujan,12.35,18.08,97.2,10.52,kft-lbs,1985.0,757.0,9.62,9.71,0.181,% total gas,600.2,SYNTHETIC
2026-09-03 16:02:00,ACTIVE-01,1166,Girujan,12.99,18.89,96.7,10.23,kft-lbs,2031.0,753.0,9.61,9.71,0.398,% total gas,600.9,SYNTHETIC
2026-09-03 16:06:19,ACTIVE-01,1167,Girujan,13.91,18.67,102.0,10.31,kft-lbs,2096.0,749.0,9.62,9.72,0.162,% total gas,600.7,SYNTHETIC
2026-09-03 16:11:42,ACTIVE-01,1168,Girujan,11.14,19.04,101.9,9.51,kft-lbs,2044.0,742.0,9.63,9.72,0.218,% total gas,600.7,SYNTHETIC
2026-09-03 16:16:13,ACTIVE-01,1169,Girujan,13.3,18.35,97.4,10.01,kft-lbs,2017.0,758.0,9.58,9.69,0.356,% total gas,600.8,SYNTHETIC
2026-09-03 16:20:23,ACTIVE-01,1170,Girujan,14.37,18.55,98.7,10.67,kft-lbs,2088.0,763.0,9.63,9.71,0.263,% total gas,600.4,SYNTHETIC
2026-09-03 16:25:03,ACTIVE-01,1171,Girujan,12.88,15.87,103.2,9.52,kft-lbs,1993.0,759.0,9.58,9.68,0.235,% total gas,600.7,SYNTHETIC
2026-09-03 16:30:28,ACTIVE-01,1172,Girujan,11.08,16.17,100.2,9.9,kft-lbs,2086.0,754.0,9.58,9.68,0.26,% total gas,600.7,SYNTHETIC
2026-09-03 16:34:42,ACTIVE-01,1173,Girujan,14.16,18.19,103.3,9.91,kft-lbs,2104.0,748.0,9.6,9.68,0.351,% total gas,600.8,SYNTHETIC
2026-09-03 16:39:48,ACTIVE-01,1174,Girujan,11.78,18.45,102.2,9.81,kft-lbs,2074.0,754.0,9.59,9.69,0.311,% total gas,600.9,SYNTHETIC
2026-09-03 16:44:23,ACTIVE-01,1175,Girujan,13.08,17.89,101.0,10.11,kft-lbs,2064.0,760.0,9.58,9.68,0.249,% total gas,601.8,SYNTHETIC
2026-09-03 16:49:14,ACTIVE-01,1176,Girujan,12.38,18.0,98.3,9.94,kft-lbs,2070.0,762.0,9.62,9.72,0.193,% total gas,601.6,SYNTHETIC
2026-09-03 16:54:36,ACTIVE-01,1177,Girujan,11.18,18.14,98.6,10.48,kft-lbs,2046.0,760.0,9.61,9.69,0.26,% total gas,601.7,SYNTHETIC
2026-09-03 16:59:03,ACTIVE-01,1178,Girujan,13.49,16.98,99.2,10.29,kft-lbs,2082.0,744.0,9.63,9.73,0.32,% total gas,601.9,SYNTHETIC
2026-09-03 17:03:37,ACTIVE-01,1179,Girujan,13.13,21.02,100.0,10.58,kft-lbs,2012.0,746.0,9.58,9.68,0.176,% total gas,600.8,SYNTHETIC
2026-09-03 17:08:35,ACTIVE-01,1180,Girujan,12.05,17.47,103.3,10.04,kft-lbs,2039.0,744.0,9.57,9.67,0.165,% total gas,600.4,SYNTHETIC
2026-09-03 17:12:58,ACTIVE-01,1181,Girujan,13.73,17.95,103.2,9.46,kft-lbs,2083.0,753.0,9.59,9.66,0.271,% total gas,599.8,SYNTHETIC
2026-09-03 17:17:17,ACTIVE-01,1182,Girujan,13.87,16.78,104.1,9.74,kft-lbs,2066.0,747.0,9.6,9.7,0.196,% total gas,599.4,SYNTHETIC
2026-09-03 17:21:48,ACTIVE-01,1183,Girujan,13.29,17.89,102.5,10.84,kft-lbs,1991.0,752.0,9.65,9.73,0.34,% total gas,599.4,SYNTHETIC
2026-09-03 17:25:57,ACTIVE-01,1184,Girujan,14.45,18.28,96.6,9.38,kft-lbs,2006.0,748.0,9.61,9.71,0.225,% total gas,599.7,SYNTHETIC
2026-09-03 17:30:30,ACTIVE-01,1185,Girujan,13.22,18.66,94.9,10.15,kft-lbs,2066.0,757.0,9.63,9.72,0.19,% total gas,599.5,SYNTHETIC
2026-09-03 17:34:33,ACTIVE-01,1186,Girujan,14.78,17.77,91.8,10.76,kft-lbs,2059.0,743.0,9.59,9.68,0.206,% total gas,599.6,SYNTHETIC
2026-09-03 17:39:09,ACTIVE-01,1187,Girujan,13.05,18.1,96.2,9.5,kft-lbs,2103.0,753.0,9.59,9.69,0.239,% total gas,598.9,SYNTHETIC
2026-09-03 17:43:49,ACTIVE-01,1188,Girujan,12.86,18.77,102.1,10.08,kft-lbs,2093.0,751.0,9.6,9.7,0.189,% total gas,599.2,SYNTHETIC
2026-09-03 17:47:59,ACTIVE-01,1189,Girujan,14.42,17.93,96.6,9.74,kft-lbs,2058.0,753.0,9.57,9.69,0.168,% total gas,598.4,SYNTHETIC
2026-09-03 17:53:07,ACTIVE-01,1190,Girujan,11.69,18.68,102.2,9.54,kft-lbs,2091.0,744.0,9.6,9.71,0.218,% total gas,598.4,SYNTHETIC
2026-09-03 17:57:57,ACTIVE-01,1191,Girujan,12.41,17.82,102.0,10.18,kft-lbs,2076.0,756.0,9.59,9.69,0.24,% total gas,598.6,SYNTHETIC
2026-09-03 18:03:19,ACTIVE-01,1192,Girujan,11.17,16.32,101.5,9.77,kft-lbs,2021.0,753.0,9.58,9.68,0.213,% total gas,598.2,SYNTHETIC
2026-09-03 18:08:13,ACTIVE-01,1193,Girujan,12.23,17.58,103.5,10.78,kft-lbs,2108.0,770.0,9.59,9.68,0.169,% total gas,598.8,SYNTHETIC
2026-09-03 18:12:40,ACTIVE-01,1194,Girujan,13.49,17.77,97.4,8.92,kft-lbs,2040.0,739.0,9.6,9.69,0.188,% total gas,599.2,SYNTHETIC
2026-09-03 18:17:29,ACTIVE-01,1195,Girujan,12.46,19.42,103.6,10.51,kft-lbs,2043.0,744.0,9.6,9.68,0.218,% total gas,599.7,SYNTHETIC
2026-09-03 18:22:25,ACTIVE-01,1196,Girujan,12.15,17.23,105.3,10.21,kft-lbs,2049.0,750.0,9.62,9.72,0.258,% total gas,598.7,SYNTHETIC
2026-09-03 18:26:47,ACTIVE-01,1197,Girujan,13.76,18.66,103.0,10.15,kft-lbs,2047.0,747.0,9.62,9.72,0.172,% total gas,599.0,SYNTHETIC
2026-09-03 18:31:19,ACTIVE-01,1198,Girujan,13.23,18.18,98.9,10.85,kft-lbs,2058.0,760.0,9.62,9.72,0.224,% total gas,599.5,SYNTHETIC
2026-09-03 18:36:13,ACTIVE-01,1199,Girujan,12.23,19.36,102.7,10.03,kft-lbs,2073.0,756.0,9.58,9.67,0.207,% total gas,598.7,SYNTHETIC
2026-09-03 18:40:15,ACTIVE-01,1200,Girujan,14.93,19.59,101.2,9.7,kft-lbs,2036.0,756.0,9.56,9.66,0.263,% total gas,597.8,SYNTHETIC
2026-09-03 18:44:35,ACTIVE-01,1201,Girujan,13.84,19.79,107.5,11.17,kft-lbs,2060.0,740.0,9.62,9.7,0.203,% total gas,598.0,SYNTHETIC
2026-09-03 18:49:02,ACTIVE-01,1202,Girujan,13.46,18.25,101.3,9.48,kft-lbs,1996.0,758.0,9.56,9.65,0.182,% total gas,597.9,SYNTHETIC
2026-09-03 18:53:15,ACTIVE-01,1203,Girujan,14.25,17.5,99.0,10.18,kft-lbs,2132.0,750.0,9.62,9.71,0.226,% total gas,597.5,SYNTHETIC
2026-09-03 18:58:04,ACTIVE-01,1204,Girujan,12.46,17.56,97.3,9.49,kft-lbs,2055.0,752.0,9.61,9.7,0.22,% total gas,597.5,SYNTHETIC
2026-09-03 19:02:19,ACTIVE-01,1205,Girujan,14.12,18.66,104.2,10.34,kft-lbs,2095.0,740.0,9.6,9.72,0.135,% total gas,597.7,SYNTHETIC
2026-09-03 19:06:27,ACTIVE-01,1206,Girujan,14.47,17.64,94.8,9.82,kft-lbs,2080.0,762.0,9.6,9.73,0.209,% total gas,597.6,SYNTHETIC
2026-09-03 19:10:55,ACTIVE-01,1207,Girujan,13.45,16.6,96.6,10.06,kft-lbs,2012.0,748.0,9.63,9.74,0.124,% total gas,597.7,SYNTHETIC
2026-09-03 19:15:35,ACTIVE-01,1208,Girujan,12.85,18.69,101.0,10.05,kft-lbs,2133.0,748.0,9.58,9.67,0.234,% total gas,597.6,SYNTHETIC
2026-09-03 19:20:33,ACTIVE-01,1209,Girujan,12.08,18.51,100.2,10.12,kft-lbs,2089.0,764.0,9.58,9.69,0.271,% total gas,597.6,SYNTHETIC
2026-09-03 19:26:08,ACTIVE-01,1210,Girujan,10.74,17.54,106.2,10.06,kft-lbs,2149.0,758.0,9.61,9.72,0.168,% total gas,597.5,SYNTHETIC
2026-09-03 19:31:10,ACTIVE-01,1211,Girujan,11.95,18.19,104.5,10.0,kft-lbs,2109.0,747.0,9.57,9.69,0.204,% total gas,597.6,SYNTHETIC
2026-09-03 19:36:04,ACTIVE-01,1212,Girujan,12.23,17.92,103.5,9.97,kft-lbs,2106.0,751.0,9.57,9.67,0.243,% total gas,597.2,SYNTHETIC
2026-09-03 19:40:28,ACTIVE-01,1213,Girujan,13.65,17.62,104.3,9.76,kft-lbs,2000.0,753.0,9.59,9.7,0.17,% total gas,597.1,SYNTHETIC
2026-09-03 19:45:25,ACTIVE-01,1214,Girujan,12.13,17.79,99.4,9.68,kft-lbs,2144.0,756.0,9.59,9.7,0.166,% total gas,596.4,SYNTHETIC
2026-09-03 19:49:34,ACTIVE-01,1215,Girujan,14.42,18.78,95.8,9.3,kft-lbs,2024.0,744.0,9.62,9.73,0.223,% total gas,596.3,SYNTHETIC
2026-09-03 19:53:49,ACTIVE-01,1216,Girujan,14.13,18.75,101.6,10.34,kft-lbs,2105.0,736.0,9.6,9.7,0.209,% total gas,596.6,SYNTHETIC
2026-09-03 19:59:31,ACTIVE-01,1217,Girujan,10.52,18.63,102.0,9.87,kft-lbs,2075.0,753.0,9.58,9.68,0.238,% total gas,596.6,SYNTHETIC
2026-09-03 20:04:00,ACTIVE-01,1218,Girujan,13.42,17.11,101.0,9.59,kft-lbs,2065.0,746.0,9.59,9.69,0.197,% total gas,596.2,SYNTHETIC
2026-09-03 20:08:57,ACTIVE-01,1219,Girujan,12.12,18.31,96.3,9.73,kft-lbs,2088.0,756.0,9.61,9.7,0.143,% total gas,596.2,SYNTHETIC
2026-09-03 20:12:38,ACTIVE-01,1220,Girujan,16.23,18.4,96.3,10.29,kft-lbs,2075.0,750.0,9.59,9.71,0.119,% total gas,596.4,SYNTHETIC
2026-09-03 20:17:28,ACTIVE-01,1221,Girujan,12.41,18.08,94.1,9.66,kft-lbs,2085.0,754.0,9.59,9.7,0.164,% total gas,596.7,SYNTHETIC
2026-09-03 20:22:33,ACTIVE-01,1222,Girujan,11.81,18.96,99.4,10.21,kft-lbs,2093.0,750.0,9.62,9.73,0.217,% total gas,597.2,SYNTHETIC
2026-09-03 20:26:41,ACTIVE-01,1223,Girujan,14.53,17.52,101.1,10.76,kft-lbs,2102.0,742.0,9.6,9.7,0.207,% total gas,598.0,SYNTHETIC
2026-09-03 20:31:28,ACTIVE-01,1224,Girujan,12.54,18.83,95.1,9.78,kft-lbs,2076.0,746.0,9.58,9.69,0.173,% total gas,597.9,SYNTHETIC
2026-09-03 20:36:08,ACTIVE-01,1225,Girujan,12.87,17.55,97.7,10.87,kft-lbs,2084.0,750.0,9.62,9.74,0.183,% total gas,597.4,SYNTHETIC
2026-09-03 20:40:42,ACTIVE-01,1226,Girujan,13.12,17.25,97.9,9.63,kft-lbs,2029.0,756.0,9.63,9.73,0.163,% total gas,597.3,SYNTHETIC
2026-09-03 20:45:06,ACTIVE-01,1227,Girujan,13.65,18.03,97.7,10.02,kft-lbs,2031.0,747.0,9.65,9.75,0.177,% total gas,597.0,SYNTHETIC
2026-09-03 20:49:44,ACTIVE-01,1228,Girujan,12.95,17.3,97.5,10.11,kft-lbs,2067.0,751.0,9.58,9.68,0.223,% total gas,596.8,SYNTHETIC
2026-09-03 20:54:41,ACTIVE-01,1229,Girujan,12.13,18.89,100.2,10.23,kft-lbs,2048.0,752.0,9.54,9.63,0.202,% total gas,596.5,SYNTHETIC
2026-09-03 20:59:33,ACTIVE-01,1230,Girujan,12.32,17.35,104.6,9.94,kft-lbs,2038.0,750.0,9.59,9.67,0.221,% total gas,597.2,SYNTHETIC
2026-09-03 21:03:57,ACTIVE-01,1231,Girujan,13.63,19.11,101.8,10.51,kft-lbs,2077.0,741.0,9.62,9.74,0.302,% total gas,597.2,SYNTHETIC
2026-09-03 21:08:44,ACTIVE-01,1232,Girujan,12.54,17.73,102.9,10.38,kft-lbs,2063.0,754.0,9.56,9.66,0.156,% total gas,597.2,SYNTHETIC
2026-09-03 21:13:25,ACTIVE-01,1233,Girujan,12.84,16.68,100.4,9.87,kft-lbs,2039.0,739.0,9.59,9.69,0.139,% total gas,597.4,SYNTHETIC
2026-09-03 21:17:40,ACTIVE-01,1234,Girujan,14.07,18.36,96.2,9.71,kft-lbs,2064.0,743.0,9.64,9.74,0.247,% total gas,597.6,SYNTHETIC
2026-09-03 21:22:27,ACTIVE-01,1235,Girujan,12.55,17.76,98.0,9.52,kft-lbs,2184.0,755.0,9.59,9.69,0.325,% total gas,598.0,SYNTHETIC
2026-09-03 21:26:43,ACTIVE-01,1236,Girujan,14.06,17.75,96.5,11.21,kft-lbs,2112.0,750.0,9.61,9.71,0.137,% total gas,598.0,SYNTHETIC
2026-09-03 21:31:42,ACTIVE-01,1237,Girujan,12.05,17.24,98.8,10.31,kft-lbs,2060.0,743.0,9.61,9.72,0.206,% total gas,597.7,SYNTHETIC
2026-09-03 21:36:24,ACTIVE-01,1238,Girujan,12.79,18.45,103.5,11.37,kft-lbs,2102.0,762.0,9.61,9.72,0.246,% total gas,597.9,SYNTHETIC
2026-09-03 21:40:51,ACTIVE-01,1239,Girujan,13.44,17.46,97.6,10.8,kft-lbs,2004.0,754.0,9.62,9.74,0.243,% total gas,598.0,SYNTHETIC
2026-09-03 21:45:30,ACTIVE-01,1240,Girujan,12.91,19.06,98.8,10.62,kft-lbs,2057.0,751.0,9.63,9.74,0.166,% total gas,598.1,SYNTHETIC
2026-09-03 21:49:16,ACTIVE-01,1241,Girujan,15.96,18.82,106.7,10.95,kft-lbs,2138.0,739.0,9.59,9.68,0.223,% total gas,598.1,SYNTHETIC
2026-09-03 21:53:44,ACTIVE-01,1242,Girujan,13.43,17.7,94.1,10.16,kft-lbs,2170.0,749.0,9.59,9.68,0.263,% total gas,597.6,SYNTHETIC
2026-09-03 21:58:03,ACTIVE-01,1243,Girujan,13.87,17.93,100.3,10.19,kft-lbs,2114.0,743.0,9.6,9.7,0.156,% total gas,597.9,SYNTHETIC
2026-09-03 22:02:47,ACTIVE-01,1244,Girujan,12.7,17.54,98.2,10.12,kft-lbs,2110.0,753.0,9.63,9.74,0.296,% total gas,598.3,SYNTHETIC
2026-09-03 22:07:10,ACTIVE-01,1245,Girujan,13.68,18.06,99.8,10.74,kft-lbs,2056.0,762.0,9.61,9.72,0.23,% total gas,597.6,SYNTHETIC
2026-09-03 22:12:00,ACTIVE-01,1246,Girujan,12.4,17.69,100.6,10.46,kft-lbs,1915.0,747.0,9.59,9.7,0.232,% total gas,598.0,SYNTHETIC
2026-09-03 22:17:34,ACTIVE-01,1247,Girujan,10.78,15.35,97.7,10.34,kft-lbs,2133.0,764.0,9.58,9.69,0.369,% total gas,597.9,SYNTHETIC
2026-09-03 22:21:33,ACTIVE-01,1248,Girujan,15.06,18.13,105.2,9.94,kft-lbs,2120.0,746.0,9.6,9.7,0.404,% total gas,597.9,SYNTHETIC
2026-09-03 22:26:11,ACTIVE-01,1249,Girujan,12.98,20.16,101.1,11.27,kft-lbs,2146.0,749.0,9.58,9.68,0.161,% total gas,599.1,SYNTHETIC
2026-09-03 22:30:46,ACTIVE-01,1250,Girujan,13.06,17.07,103.4,10.66,kft-lbs,2155.0,757.0,9.6,9.7,0.206,% total gas,598.8,SYNTHETIC
2026-09-03 22:35:01,ACTIVE-01,1251,Girujan,14.11,17.97,105.2,10.43,kft-lbs,2131.0,752.0,9.58,9.67,0.181,% total gas,598.5,SYNTHETIC
2026-09-03 22:40:44,ACTIVE-01,1252,Girujan,10.52,17.43,101.4,9.66,kft-lbs,2049.0,757.0,9.6,9.7,0.311,% total gas,598.2,SYNTHETIC
2026-09-03 22:45:03,ACTIVE-01,1253,Girujan,13.88,17.58,102.9,10.17,kft-lbs,2072.0,756.0,9.58,9.68,0.179,% total gas,598.4,SYNTHETIC
2026-09-03 22:49:18,ACTIVE-01,1254,Girujan,14.12,17.5,99.2,10.35,kft-lbs,2135.0,750.0,9.61,9.73,0.247,% total gas,598.6,SYNTHETIC
2026-09-03 22:54:24,ACTIVE-01,1255,Girujan,11.76,18.62,101.2,10.24,kft-lbs,2033.0,736.0,9.6,9.71,0.133,% total gas,599.2,SYNTHETIC
2026-09-03 22:58:37,ACTIVE-01,1256,Girujan,14.21,17.48,103.3,9.73,kft-lbs,2089.0,766.0,9.6,9.7,0.198,% total gas,599.5,SYNTHETIC
2026-09-03 23:03:53,ACTIVE-01,1257,Girujan,11.41,16.71,99.0,9.66,kft-lbs,2065.0,751.0,9.6,9.71,0.22,% total gas,599.7,SYNTHETIC
2026-09-03 23:08:34,ACTIVE-01,1258,Girujan,12.81,16.44,95.0,10.84,kft-lbs,2178.0,740.0,9.59,9.71,0.309,% total gas,599.6,SYNTHETIC
2026-09-03 23:13:18,ACTIVE-01,1259,Girujan,12.68,16.75,100.5,10.28,kft-lbs,2125.0,765.0,9.57,9.68,0.227,% total gas,599.5,SYNTHETIC
2026-09-03 23:17:33,ACTIVE-01,1260,Girujan,14.1,18.96,94.9,10.85,kft-lbs,2008.0,751.0,9.58,9.69,0.244,% total gas,599.7,SYNTHETIC
2026-09-03 23:22:21,ACTIVE-01,1261,Girujan,12.53,19.26,98.5,10.97,kft-lbs,2098.0,761.0,9.59,9.7,0.177,% total gas,599.8,SYNTHETIC
2026-09-03 23:27:25,ACTIVE-01,1262,Girujan,11.84,16.94,99.1,9.6,kft-lbs,2060.0,751.0,9.61,9.71,0.15,% total gas,599.0,SYNTHETIC
2026-09-03 23:31:52,ACTIVE-01,1263,Girujan,13.47,18.02,102.6,10.35,kft-lbs,2083.0,734.0,9.59,9.68,0.201,% total gas,599.6,SYNTHETIC
2026-09-03 23:36:03,ACTIVE-01,1264,Girujan,14.34,17.77,109.1,10.47,kft-lbs,2092.0,756.0,9.58,9.67,0.155,% total gas,599.4,SYNTHETIC
2026-09-03 23:40:22,ACTIVE-01,1265,Girujan,13.9,18.18,94.3,10.3,kft-lbs,2080.0,748.0,9.59,9.68,0.278,% total gas,599.5,SYNTHETIC
2026-09-03 23:44:29,ACTIVE-01,1266,Girujan,14.55,18.05,99.1,10.22,kft-lbs,2070.0,744.0,9.62,9.72,0.207,% total gas,599.3,SYNTHETIC
2026-09-03 23:49:00,ACTIVE-01,1267,Girujan,13.3,18.11,98.0,9.81,kft-lbs,2065.0,752.0,9.59,9.7,0.188,% total gas,599.2,SYNTHETIC
2026-09-03 23:53:26,ACTIVE-01,1268,Girujan,13.53,18.14,96.4,10.75,kft-lbs,2119.0,748.0,9.6,9.69,0.235,% total gas,599.7,SYNTHETIC
2026-09-03 23:57:22,ACTIVE-01,1269,Girujan,15.26,16.97,101.5,10.4,kft-lbs,2119.0,748.0,9.58,9.69,0.219,% total gas,599.7,SYNTHETIC
2026-09-04 00:01:36,ACTIVE-01,1270,Girujan,14.16,18.35,98.9,9.34,kft-lbs,2110.0,738.0,9.55,9.66,0.263,% total gas,599.8,SYNTHETIC
2026-09-04 00:06:03,ACTIVE-01,1271,Girujan,13.52,17.48,99.1,9.99,kft-lbs,2079.0,752.0,9.59,9.7,0.275,% total gas,600.1,SYNTHETIC
2026-09-04 00:10:57,ACTIVE-01,1272,Girujan,12.23,18.68,102.1,10.19,kft-lbs,2113.0,742.0,9.6,9.71,0.206,% total gas,599.4,SYNTHETIC
2026-09-04 00:15:49,ACTIVE-01,1273,Girujan,12.32,17.66,102.5,9.66,kft-lbs,2125.0,748.0,9.61,9.71,0.211,% total gas,599.7,SYNTHETIC
2026-09-04 00:20:25,ACTIVE-01,1274,Girujan,13.07,17.59,101.7,10.11,kft-lbs,2119.0,753.0,9.58,9.68,0.277,% total gas,600.1,SYNTHETIC
2026-09-04 00:25:35,ACTIVE-01,1275,Girujan,11.6,18.37,97.3,9.55,kft-lbs,2195.0,730.0,9.58,9.67,0.212,% total gas,599.8,SYNTHETIC
2026-09-04 00:30:35,ACTIVE-01,1276,Girujan,11.98,18.38,100.1,10.33,kft-lbs,2124.0,754.0,9.61,9.73,0.241,% total gas,599.2,SYNTHETIC
2026-09-04 00:34:51,ACTIVE-01,1277,Girujan,14.06,17.98,98.8,9.81,kft-lbs,2066.0,744.0,9.59,9.71,0.224,% total gas,598.8,SYNTHETIC
2026-09-04 00:39:45,ACTIVE-01,1278,Girujan,12.26,18.74,102.4,9.91,kft-lbs,2093.0,745.0,9.6,9.71,0.269,% total gas,599.0,SYNTHETIC
2026-09-04 00:45:29,ACTIVE-01,1279,Girujan,10.46,17.92,96.1,10.85,kft-lbs,2098.0,748.0,9.59,9.7,0.281,% total gas,599.2,SYNTHETIC
2026-09-04 00:49:55,ACTIVE-01,1280,Girujan,13.54,19.1,97.0,10.46,kft-lbs,2155.0,734.0,9.59,9.68,0.245,% total gas,599.5,SYNTHETIC
2026-09-04 00:54:57,ACTIVE-01,1281,Girujan,11.91,17.68,97.2,10.52,kft-lbs,2090.0,746.0,9.58,9.68,0.119,% total gas,599.3,SYNTHETIC
2026-09-04 00:59:32,ACTIVE-01,1282,Girujan,13.13,17.54,99.0,9.11,kft-lbs,2109.0,754.0,9.58,9.69,0.222,% total gas,598.6,SYNTHETIC
2026-09-04 01:03:38,ACTIVE-01,1283,Girujan,14.62,19.08,99.3,8.97,kft-lbs,2070.0,744.0,9.6,9.71,0.29,% total gas,598.4,SYNTHETIC
2026-09-04 01:08:44,ACTIVE-01,1284,Girujan,11.76,18.5,100.3,10.69,kft-lbs,2081.0,753.0,9.61,9.72,0.149,% total gas,598.8,SYNTHETIC
2026-09-04 01:13:15,ACTIVE-01,1285,Girujan,13.28,17.0,96.2,10.6,kft-lbs,2140.0,738.0,9.59,9.69,0.232,% total gas,599.1,SYNTHETIC
2026-09-04 01:18:16,ACTIVE-01,1286,Girujan,11.95,17.28,95.5,11.06,kft-lbs,2122.0,747.0,9.61,9.73,0.222,% total gas,599.8,SYNTHETIC
2026-09-04 01:22:43,ACTIVE-01,1287,Girujan,13.51,16.93,97.7,10.16,kft-lbs,2169.0,758.0,9.61,9.73,0.191,% total gas,599.2,SYNTHETIC
2026-09-04 01:27:02,ACTIVE-01,1288,Girujan,13.91,17.65,96.9,10.1,kft-lbs,2010.0,756.0,9.59,9.69,0.191,% total gas,599.1,SYNTHETIC
2026-09-04 01:31:10,ACTIVE-01,1289,Girujan,14.5,18.31,97.9,10.41,kft-lbs,2143.0,750.0,9.61,9.71,0.192,% total gas,599.1,SYNTHETIC
2026-09-04 01:37:05,ACTIVE-01,1290,Girujan,10.14,18.13,96.2,10.35,kft-lbs,2107.0,744.0,9.61,9.7,0.258,% total gas,599.0,SYNTHETIC
2026-09-04 01:41:45,ACTIVE-01,1291,Girujan,12.85,17.92,100.4,9.89,kft-lbs,2071.0,754.0,9.61,9.72,0.14,% total gas,598.9,SYNTHETIC
2026-09-04 01:46:23,ACTIVE-01,1292,Girujan,12.95,17.73,106.3,10.33,kft-lbs,2054.0,768.0,9.56,9.67,0.177,% total gas,599.1,SYNTHETIC
2026-09-04 01:51:23,ACTIVE-01,1293,Girujan,12.01,18.72,102.0,10.04,kft-lbs,2220.0,753.0,9.58,9.7,0.182,% total gas,598.9,SYNTHETIC
2026-09-04 01:55:34,ACTIVE-01,1294,Girujan,14.33,17.59,99.6,9.81,kft-lbs,2059.0,757.0,9.57,9.68,0.22,% total gas,599.0,SYNTHETIC
2026-09-04 02:00:02,ACTIVE-01,1295,Girujan,13.42,19.36,100.5,10.57,kft-lbs,2151.0,748.0,9.61,9.71,0.23,% total gas,599.5,SYNTHETIC
2026-09-04 02:04:10,ACTIVE-01,1296,Girujan,14.54,18.84,103.9,10.26,kft-lbs,2057.0,751.0,9.62,9.71,0.227,% total gas,599.7,SYNTHETIC
2026-09-04 02:08:41,ACTIVE-01,1297,Girujan,13.27,18.33,105.7,10.82,kft-lbs,2021.0,765.0,9.58,9.69,0.204,% total gas,600.1,SYNTHETIC
2026-09-04 02:13:51,ACTIVE-01,1298,Girujan,11.63,16.77,95.8,10.65,kft-lbs,2135.0,750.0,9.62,9.74,0.169,% total gas,600.0,SYNTHETIC
2026-09-04 02:18:45,ACTIVE-01,1299,Girujan,12.21,17.63,98.7,10.12,kft-lbs,2183.0,744.0,9.6,9.71,0.189,% total gas,600.0,SYNTHETIC
2026-09-04 02:23:00,ACTIVE-01,1300,Girujan,14.12,16.59,102.1,9.8,kft-lbs,2064.0,746.0,9.6,9.71,0.119,% total gas,599.4,SYNTHETIC
2026-09-04 02:27:43,ACTIVE-01,1301,Girujan,12.75,18.16,99.9,10.58,kft-lbs,2120.0,760.0,9.58,9.68,0.273,% total gas,600.1,SYNTHETIC
2026-09-04 02:32:11,ACTIVE-01,1302,Girujan,13.42,18.52,104.1,9.6,kft-lbs,2112.0,756.0,9.62,9.74,0.183,% total gas,600.3,SYNTHETIC
2026-09-04 02:36:30,ACTIVE-01,1303,Girujan,13.88,18.39,100.9,9.95,kft-lbs,2155.0,740.0,9.62,9.74,0.179,% total gas,600.3,SYNTHETIC
2026-09-04 02:41:36,ACTIVE-01,1304,Girujan,11.78,16.84,100.5,9.72,kft-lbs,2128.0,738.0,9.56,9.68,0.243,% total gas,600.6,SYNTHETIC
2026-09-04 02:46:27,ACTIVE-01,1305,Girujan,12.39,17.66,97.2,10.15,kft-lbs,2138.0,745.0,9.62,9.72,0.229,% total gas,600.2,SYNTHETIC
2026-09-04 02:51:23,ACTIVE-01,1306,Girujan,12.13,17.4,101.9,9.96,kft-lbs,2103.0,759.0,9.62,9.73,0.172,% total gas,600.2,SYNTHETIC
2026-09-04 02:55:29,ACTIVE-01,1307,Girujan,14.63,18.14,101.7,10.59,kft-lbs,2092.0,747.0,9.62,9.73,0.138,% total gas,599.9,SYNTHETIC
2026-09-04 02:59:44,ACTIVE-01,1308,Girujan,14.12,17.36,102.6,11.32,kft-lbs,2073.0,757.0,9.6,9.72,0.123,% total gas,600.7,SYNTHETIC
2026-09-04 03:04:45,ACTIVE-01,1309,Girujan,11.96,17.38,101.5,10.2,kft-lbs,2114.0,748.0,9.61,9.72,0.275,% total gas,600.8,SYNTHETIC
2026-09-04 03:09:39,ACTIVE-01,1310,Girujan,12.28,19.04,96.1,10.4,kft-lbs,2105.0,755.0,9.59,9.71,0.163,% total gas,601.2,SYNTHETIC
2026-09-04 03:14:00,ACTIVE-01,1311,Girujan,13.75,18.78,98.8,10.69,kft-lbs,2079.0,746.0,9.6,9.71,0.235,% total gas,600.7,SYNTHETIC
2026-09-04 03:18:24,ACTIVE-01,1312,Girujan,13.68,18.77,96.3,9.75,kft-lbs,2033.0,756.0,9.62,9.74,0.183,% total gas,600.3,SYNTHETIC
2026-09-04 03:23:00,ACTIVE-01,1313,Girujan,13.04,17.64,99.2,10.91,kft-lbs,2119.0,731.0,9.58,9.69,0.198,% total gas,600.7,SYNTHETIC
2026-09-04 03:27:49,ACTIVE-01,1314,Girujan,12.45,18.5,106.4,9.99,kft-lbs,2186.0,752.0,9.58,9.68,0.103,% total gas,601.5,SYNTHETIC
2026-09-04 03:33:31,ACTIVE-01,1315,Girujan,10.53,17.82,97.8,10.52,kft-lbs,2053.0,741.0,9.55,9.65,0.222,% total gas,602.1,SYNTHETIC
2026-09-04 03:38:43,ACTIVE-01,1316,Girujan,11.53,18.23,95.2,11.07,kft-lbs,2119.0,750.0,9.58,9.69,0.155,% total gas,602.1,SYNTHETIC
2026-09-04 03:42:52,ACTIVE-01,1317,Girujan,14.47,17.85,94.5,9.92,kft-lbs,2107.0,736.0,9.58,9.68,0.236,% total gas,601.9,SYNTHETIC
2026-09-04 03:47:09,ACTIVE-01,1318,Girujan,13.97,18.26,104.8,10.05,kft-lbs,2129.0,743.0,9.58,9.69,0.268,% total gas,602.3,SYNTHETIC
2026-09-04 03:52:05,ACTIVE-01,1319,Girujan,12.18,18.88,105.1,9.94,kft-lbs,2081.0,767.0,9.62,9.72,0.224,% total gas,601.9,SYNTHETIC
2026-09-04 03:56:51,ACTIVE-01,1320,Girujan,12.58,17.26,102.8,10.29,kft-lbs,2168.0,758.0,9.58,9.7,0.3,% total gas,602.0,SYNTHETIC
2026-09-04 04:02:01,ACTIVE-01,1321,Girujan,11.62,17.0,102.7,11.94,kft-lbs,2115.0,757.0,9.63,9.76,0.207,% total gas,601.5,SYNTHETIC
2026-09-04 04:07:09,ACTIVE-01,1322,Girujan,11.69,19.22,103.4,9.88,kft-lbs,2172.0,747.0,9.56,9.67,0.241,% total gas,601.3,SYNTHETIC
2026-09-04 04:11:42,ACTIVE-01,1323,Girujan,13.18,17.85,101.6,11.09,kft-lbs,2099.0,748.0,9.62,9.73,0.164,% total gas,601.4,SYNTHETIC
2026-09-04 04:16:36,ACTIVE-01,1324,Girujan,12.26,17.6,103.6,10.14,kft-lbs,2084.0,754.0,9.6,9.71,0.132,% total gas,601.4,SYNTHETIC
2026-09-04 04:20:57,ACTIVE-01,1325,Girujan,13.79,18.44,97.6,10.98,kft-lbs,2107.0,749.0,9.6,9.72,0.105,% total gas,602.0,SYNTHETIC
2026-09-04 04:25:09,ACTIVE-01,1326,Girujan,14.25,19.88,101.5,9.86,kft-lbs,2140.0,742.0,9.57,9.69,0.322,% total gas,601.8,SYNTHETIC
2026-09-04 04:29:51,ACTIVE-01,1327,Girujan,12.78,16.9,95.5,10.46,kft-lbs,2154.0,755.0,9.61,9.73,0.187,% total gas,601.5,SYNTHETIC
2026-09-04 04:33:56,ACTIVE-01,1328,Girujan,14.72,18.89,99.0,10.26,kft-lbs,2090.0,752.0,9.61,9.72,0.217,% total gas,601.3,SYNTHETIC
2026-09-04 04:38:47,ACTIVE-01,1329,Girujan,12.37,18.31,99.6,11.41,kft-lbs,2086.0,759.0,9.62,9.72,0.144,% total gas,601.1,SYNTHETIC
2026-09-04 04:43:16,ACTIVE-01,1330,Girujan,13.36,17.64,98.6,9.95,kft-lbs,2090.0,757.0,9.6,9.7,0.15,% total gas,601.3,SYNTHETIC
2026-09-04 04:47:39,ACTIVE-01,1331,Girujan,13.71,18.59,97.0,9.79,kft-lbs,2177.0,747.0,9.6,9.71,0.182,% total gas,601.4,SYNTHETIC
2026-09-04 04:52:23,ACTIVE-01,1332,Girujan,12.64,17.93,105.1,10.18,kft-lbs,2100.0,748.0,9.6,9.71,0.275,% total gas,601.7,SYNTHETIC
2026-09-04 04:57:03,ACTIVE-01,1333,Girujan,12.88,17.74,100.0,10.71,kft-lbs,2137.0,750.0,9.58,9.69,0.251,% total gas,601.6,SYNTHETIC
2026-09-04 05:01:46,ACTIVE-01,1334,Girujan,12.73,17.44,100.4,9.88,kft-lbs,2075.0,755.0,9.6,9.72,0.192,% total gas,601.7,SYNTHETIC
2026-09-04 05:06:39,ACTIVE-01,1335,Girujan,12.29,18.34,101.3,9.95,kft-lbs,2053.0,751.0,9.59,9.7,0.183,% total gas,602.2,SYNTHETIC
2026-09-04 05:11:40,ACTIVE-01,1336,Girujan,11.95,18.6,101.5,11.2,kft-lbs,2067.0,762.0,9.61,9.73,0.201,% total gas,602.2,SYNTHETIC
2026-09-04 05:16:06,ACTIVE-01,1337,Girujan,13.52,16.03,100.0,9.85,kft-lbs,2187.0,752.0,9.61,9.72,0.137,% total gas,602.3,SYNTHETIC
2026-09-04 05:20:31,ACTIVE-01,1338,Girujan,13.57,19.59,101.9,10.15,kft-lbs,2068.0,744.0,9.61,9.7,0.223,% total gas,602.2,SYNTHETIC
2026-09-04 05:25:55,ACTIVE-01,1339,Girujan,11.14,17.8,98.6,11.54,kft-lbs,2161.0,747.0,9.6,9.7,0.209,% total gas,601.4,SYNTHETIC
2026-09-04 05:30:32,ACTIVE-01,1340,Girujan,12.96,17.15,98.8,11.21,kft-lbs,2159.0,755.0,9.58,9.69,0.268,% total gas,601.1,SYNTHETIC
2026-09-04 05:35:19,ACTIVE-01,1341,Girujan,12.55,19.22,100.3,10.27,kft-lbs,2119.0,737.0,9.61,9.73,0.175,% total gas,601.2,SYNTHETIC
2026-09-04 05:40:55,ACTIVE-01,1342,Girujan,10.72,18.58,97.6,10.53,kft-lbs,2166.0,738.0,9.62,9.73,0.14,% total gas,601.6,SYNTHETIC
2026-09-04 05:46:02,ACTIVE-01,1343,Girujan,11.72,17.43,103.4,10.53,kft-lbs,2060.0,755.0,9.6,9.71,0.213,% total gas,601.8,SYNTHETIC
2026-09-04 05:50:42,ACTIVE-01,1344,Girujan,12.85,19.06,101.1,9.7,kft-lbs,2189.0,753.0,9.59,9.7,0.144,% total gas,601.6,SYNTHETIC
2026-09-04 05:55:37,ACTIVE-01,1345,Girujan,12.24,17.59,92.5,10.17,kft-lbs,2183.0,750.0,9.6,9.72,0.148,% total gas,601.7,SYNTHETIC
2026-09-04 05:59:47,ACTIVE-01,1346,Girujan,14.39,19.16,100.3,10.78,kft-lbs,2156.0,755.0,9.61,9.72,0.292,% total gas,602.0,SYNTHETIC
2026-09-04 06:04:26,ACTIVE-01,1347,Girujan,12.9,16.82,103.1,10.13,kft-lbs,2158.0,750.0,9.62,9.72,0.149,% total gas,601.6,SYNTHETIC
2026-09-04 06:08:50,ACTIVE-01,1348,Girujan,13.62,17.87,102.0,10.02,kft-lbs,2160.0,749.0,9.59,9.69,0.198,% total gas,602.0,SYNTHETIC
2026-09-04 06:13:43,ACTIVE-01,1349,Girujan,12.3,17.64,99.7,10.72,kft-lbs,2221.0,753.0,9.61,9.72,0.221,% total gas,601.2,SYNTHETIC
2026-09-04 06:18:15,ACTIVE-01,1350,Girujan,13.22,17.16,102.6,10.02,kft-lbs,2158.0,752.0,9.57,9.68,0.295,% total gas,600.8,SYNTHETIC
2026-09-04 06:23:34,ACTIVE-01,1351,Girujan,11.3,19.0,99.1,10.4,kft-lbs,2180.0,754.0,9.58,9.69,0.168,% total gas,600.6,SYNTHETIC
2026-09-04 06:28:07,ACTIVE-01,1352,Girujan,13.18,16.76,103.1,9.59,kft-lbs,2128.0,748.0,9.6,9.71,0.214,% total gas,600.4,SYNTHETIC
2026-09-04 06:32:53,ACTIVE-01,1353,Girujan,12.57,17.81,100.1,11.9,kft-lbs,2164.0,751.0,9.62,9.73,0.219,% total gas,600.4,SYNTHETIC
2026-09-04 06:37:34,ACTIVE-01,1354,Girujan,12.82,15.68,99.0,9.78,kft-lbs,2161.0,749.0,9.6,9.72,0.19,% total gas,600.2,SYNTHETIC
2026-09-04 06:42:16,ACTIVE-01,1355,Girujan,12.76,18.78,103.0,10.01,kft-lbs,2132.0,738.0,9.61,9.74,0.292,% total gas,599.9,SYNTHETIC
2026-09-04 06:47:00,ACTIVE-01,1356,Girujan,12.7,17.95,102.1,10.21,kft-lbs,2156.0,752.0,9.58,9.71,0.184,% total gas,600.2,SYNTHETIC
2026-09-04 06:51:02,ACTIVE-01,1357,Girujan,14.84,17.54,98.8,10.43,kft-lbs,2144.0,748.0,9.58,9.7,0.201,% total gas,599.7,SYNTHETIC
2026-09-04 06:55:19,ACTIVE-01,1358,Girujan,14.0,18.41,101.6,10.21,kft-lbs,2122.0,751.0,9.59,9.71,0.241,% total gas,599.5,SYNTHETIC
2026-09-04 07:00:00,ACTIVE-01,1359,Girujan,12.81,17.75,98.6,11.57,kft-lbs,2166.0,770.0,9.56,9.68,0.208,% total gas,599.5,SYNTHETIC
2026-09-04 07:05:23,ACTIVE-01,1360,Girujan,11.17,18.12,100.8,11.18,kft-lbs,2215.0,744.0,9.6,9.7,0.193,% total gas,599.5,SYNTHETIC
2026-09-04 07:09:55,ACTIVE-01,1361,Girujan,13.24,18.65,103.4,10.07,kft-lbs,2176.0,752.0,9.59,9.72,0.251,% total gas,599.0,SYNTHETIC
2026-09-04 07:14:28,ACTIVE-01,1362,Girujan,13.18,18.02,94.8,10.29,kft-lbs,2203.0,749.0,9.57,9.68,0.166,% total gas,599.0,SYNTHETIC
2026-09-04 07:18:33,ACTIVE-01,1363,Girujan,14.68,16.63,94.5,9.57,kft-lbs,2117.0,742.0,9.6,9.71,0.141,% total gas,599.5,SYNTHETIC
2026-09-04 07:22:54,ACTIVE-01,1364,Girujan,13.79,18.91,99.2,10.37,kft-lbs,2180.0,754.0,9.59,9.71,0.212,% total gas,599.3,SYNTHETIC
2026-09-04 07:27:11,ACTIVE-01,1365,Girujan,14.02,17.22,97.2,10.17,kft-lbs,2166.0,741.0,9.65,9.75,0.135,% total gas,599.2,SYNTHETIC
2026-09-04 07:31:40,ACTIVE-01,1366,Girujan,13.38,16.06,103.1,10.01,kft-lbs,2203.0,751.0,9.6,9.71,0.288,% total gas,598.8,SYNTHETIC
2026-09-04 07:36:15,ACTIVE-01,1367,Girujan,13.1,17.14,99.3,10.18,kft-lbs,2166.0,740.0,9.64,9.74,0.362,% total gas,598.3,SYNTHETIC
2026-09-04 07:40:22,ACTIVE-01,1368,Girujan,14.57,19.01,100.5,10.15,kft-lbs,2119.0,748.0,9.6,9.71,0.138,% total gas,598.6,SYNTHETIC
2026-09-04 07:45:05,ACTIVE-01,1369,Girujan,12.7,17.02,103.3,9.8,kft-lbs,2105.0,746.0,9.6,9.71,0.161,% total gas,599.0,SYNTHETIC
2026-09-04 07:49:56,ACTIVE-01,1370,Girujan,12.38,17.09,102.0,10.56,kft-lbs,2175.0,741.0,9.6,9.71,0.195,% total gas,598.5,SYNTHETIC
2026-09-04 07:54:27,ACTIVE-01,1371,Girujan,13.3,18.24,101.6,10.29,kft-lbs,2197.0,759.0,9.6,9.72,0.152,% total gas,598.8,SYNTHETIC
2026-09-04 07:59:43,ACTIVE-01,1372,Girujan,11.39,19.23,102.5,10.08,kft-lbs,2186.0,743.0,9.58,9.68,0.224,% total gas,599.2,SYNTHETIC
2026-09-04 08:04:39,ACTIVE-01,1373,Girujan,12.14,19.37,103.1,10.12,kft-lbs,2102.0,763.0,9.59,9.7,0.228,% total gas,598.8,SYNTHETIC
2026-09-04 08:09:16,ACTIVE-01,1374,Girujan,13.01,17.78,94.6,9.92,kft-lbs,2125.0,749.0,9.58,9.69,0.296,% total gas,598.6,SYNTHETIC
2026-09-04 08:14:11,ACTIVE-01,1375,Girujan,12.2,18.13,101.4,10.31,kft-lbs,2109.0,740.0,9.6,9.72,0.222,% total gas,598.5,SYNTHETIC
2026-09-04 08:18:49,ACTIVE-01,1376,Girujan,12.97,16.85,110.9,10.36,kft-lbs,2093.0,740.0,9.62,9.74,0.195,% total gas,599.1,SYNTHETIC
2026-09-04 08:23:38,ACTIVE-01,1377,Girujan,12.42,17.09,96.3,9.77,kft-lbs,2173.0,753.0,9.61,9.73,0.172,% total gas,599.7,SYNTHETIC
2026-09-04 08:28:05,ACTIVE-01,1378,Girujan,13.49,17.81,96.8,10.14,kft-lbs,2209.0,759.0,9.63,9.74,0.229,% total gas,600.2,SYNTHETIC
2026-09-04 08:32:17,ACTIVE-01,1379,Girujan,14.33,18.3,100.2,9.0,kft-lbs,2192.0,742.0,9.6,9.71,0.137,% total gas,600.0,SYNTHETIC
2026-09-04 08:36:48,ACTIVE-01,1380,Girujan,13.24,18.35,97.9,10.5,kft-lbs,2157.0,752.0,9.59,9.72,0.164,% total gas,600.2,SYNTHETIC
2026-09-04 08:40:52,ACTIVE-01,1381,Girujan,14.78,17.33,103.4,10.21,kft-lbs,2171.0,751.0,9.61,9.75,0.165,% total gas,599.8,SYNTHETIC
2026-09-04 08:45:09,ACTIVE-01,1382,Girujan,14.03,17.8,98.3,11.08,kft-lbs,2218.0,757.0,9.57,9.69,0.184,% total gas,600.1,SYNTHETIC
2026-09-04 08:49:49,ACTIVE-01,1383,Girujan,12.84,17.64,103.1,11.06,kft-lbs,2199.0,754.0,9.6,9.7,0.141,% total gas,600.2,SYNTHETIC
2026-09-04 08:54:13,ACTIVE-01,1384,Girujan,13.66,16.04,102.9,9.87,kft-lbs,2153.0,757.0,9.57,9.68,0.182,% total gas,600.2,SYNTHETIC
2026-09-04 08:59:02,ACTIVE-01,1385,Girujan,12.44,17.87,97.3,10.47,kft-lbs,2112.0,754.0,9.58,9.69,0.274,% total gas,600.2,SYNTHETIC
2026-09-04 09:03:57,ACTIVE-01,1386,Girujan,12.19,18.1,104.5,10.2,kft-lbs,2071.0,753.0,9.63,9.74,0.215,% total gas,600.4,SYNTHETIC
2026-09-04 09:07:59,ACTIVE-01,1387,Girujan,14.89,18.88,100.6,10.01,kft-lbs,2185.0,747.0,9.58,9.69,0.19,% total gas,600.5,SYNTHETIC
2026-09-04 09:12:51,ACTIVE-01,1388,Girujan,12.34,19.27,101.4,9.69,kft-lbs,2132.0,748.0,9.61,9.75,0.365,% total gas,600.4,SYNTHETIC
2026-09-04 09:17:39,ACTIVE-01,1389,Girujan,12.51,17.14,101.6,11.16,kft-lbs,2206.0,739.0,9.58,9.69,0.242,% total gas,600.4,SYNTHETIC
2026-09-04 09:22:38,ACTIVE-01,1390,Girujan,12.02,18.71,102.9,11.14,kft-lbs,2161.0,752.0,9.59,9.7,0.13,% total gas,600.3,SYNTHETIC
2026-09-04 09:27:28,ACTIVE-01,1391,Girujan,12.43,17.38,101.1,10.68,kft-lbs,2184.0,758.0,9.64,9.76,0.179,% total gas,600.3,SYNTHETIC
2026-09-04 09:32:20,ACTIVE-01,1392,Girujan,12.33,17.02,97.1,9.7,kft-lbs,2165.0,751.0,9.6,9.72,0.199,% total gas,600.6,SYNTHETIC
2026-09-04 09:36:24,ACTIVE-01,1393,Girujan,14.72,17.13,104.0,10.11,kft-lbs,2163.0,757.0,9.59,9.71,0.271,% total gas,600.6,SYNTHETIC
2026-09-04 09:41:12,ACTIVE-01,1394,Girujan,12.49,17.77,97.4,10.75,kft-lbs,2168.0,747.0,9.62,9.75,0.175,% total gas,600.6,SYNTHETIC
2026-09-04 09:46:00,ACTIVE-01,1395,Girujan,12.51,19.06,99.4,10.71,kft-lbs,2181.0,748.0,9.61,9.71,0.222,% total gas,600.5,SYNTHETIC
2026-09-04 09:50:31,ACTIVE-01,1396,Girujan,13.27,16.96,103.8,10.54,kft-lbs,2175.0,749.0,9.59,9.69,0.193,% total gas,600.1,SYNTHETIC
2026-09-04 09:55:13,ACTIVE-01,1397,Girujan,12.78,18.38,101.5,10.14,kft-lbs,2156.0,747.0,9.6,9.72,0.191,% total gas,600.1,SYNTHETIC
2026-09-04 09:59:17,ACTIVE-01,1398,Girujan,14.77,16.33,102.7,10.84,kft-lbs,2191.0,761.0,9.59,9.71,0.189,% total gas,600.2,SYNTHETIC
2026-09-04 10:03:48,ACTIVE-01,1399,Girujan,13.3,16.98,94.3,11.67,kft-lbs,2202.0,736.0,9.61,9.72,0.229,% total gas,599.6,SYNTHETIC
2026-09-04 10:07:58,ACTIVE-01,1400,Girujan,14.39,18.97,101.7,11.47,kft-lbs,2280.0,751.0,9.61,9.73,0.145,% total gas,599.3,SYNTHETIC
2026-09-04 10:12:39,ACTIVE-01,1401,Girujan,12.82,18.23,93.3,11.26,kft-lbs,2263.0,752.0,9.58,9.69,0.162,% total gas,599.1,SYNTHETIC
2026-09-04 10:17:00,ACTIVE-01,1402,Girujan,13.75,16.61,101.5,12.01,kft-lbs,2102.0,739.0,9.55,9.68,0.219,% total gas,599.4,SYNTHETIC
2026-09-04 10:21:35,ACTIVE-01,1403,Girujan,13.12,16.84,102.0,9.44,kft-lbs,2173.0,739.0,9.62,9.74,0.273,% total gas,599.3,SYNTHETIC
2026-09-04 10:26:07,ACTIVE-01,1404,Girujan,13.23,18.87,99.7,10.69,kft-lbs,2112.0,757.0,9.61,9.71,0.166,% total gas,598.8,SYNTHETIC
2026-09-04 10:30:34,ACTIVE-01,1405,Girujan,13.46,18.78,99.2,10.14,kft-lbs,2175.0,744.0,9.59,9.72,0.177,% total gas,598.7,SYNTHETIC
2026-09-04 10:34:47,ACTIVE-01,1406,Girujan,14.23,17.43,101.3,10.88,kft-lbs,2192.0,740.0,9.59,9.7,0.277,% total gas,598.6,SYNTHETIC
2026-09-04 10:39:00,ACTIVE-01,1407,Girujan,14.25,18.75,104.0,9.85,kft-lbs,2199.0,752.0,9.63,9.75,0.136,% total gas,599.1,SYNTHETIC
2026-09-04 10:44:09,ACTIVE-01,1408,Girujan,11.64,20.0,99.5,10.15,kft-lbs,2155.0,739.0,9.6,9.73,0.241,% total gas,599.5,SYNTHETIC
2026-09-04 10:48:26,ACTIVE-01,1409,Girujan,14.02,18.15,100.0,9.44,kft-lbs,2111.0,745.0,9.62,9.72,0.174,% total gas,599.6,SYNTHETIC
2026-09-04 10:52:49,ACTIVE-01,1410,Girujan,13.68,19.21,97.0,11.53,kft-lbs,2179.0,754.0,9.59,9.71,0.148,% total gas,599.5,SYNTHETIC
2026-09-04 10:57:21,ACTIVE-01,1411,Girujan,13.25,17.6,98.8,10.87,kft-lbs,2198.0,756.0,9.57,9.69,0.188,% total gas,599.5,SYNTHETIC
2026-09-04 11:01:56,ACTIVE-01,1412,Girujan,13.09,17.1,102.1,9.71,kft-lbs,2150.0,742.0,9.61,9.72,0.245,% total gas,599.2,SYNTHETIC
2026-09-04 11:06:54,ACTIVE-01,1413,Girujan,12.09,18.44,98.1,10.82,kft-lbs,2167.0,746.0,9.59,9.71,0.292,% total gas,599.0,SYNTHETIC
2026-09-04 11:11:15,ACTIVE-01,1414,Girujan,13.75,18.9,97.9,10.49,kft-lbs,2141.0,752.0,9.61,9.74,0.179,% total gas,598.5,SYNTHETIC
2026-09-04 11:15:30,ACTIVE-01,1415,Girujan,14.16,18.06,103.3,11.55,kft-lbs,2158.0,741.0,9.58,9.7,0.176,% total gas,598.9,SYNTHETIC
2026-09-04 11:19:54,ACTIVE-01,1416,Girujan,13.63,18.03,93.9,10.33,kft-lbs,2160.0,756.0,9.61,9.73,0.14,% total gas,598.5,SYNTHETIC
2026-09-04 11:24:03,ACTIVE-01,1417,Girujan,14.42,17.86,99.3,10.42,kft-lbs,2220.0,750.0,9.64,9.75,0.244,% total gas,598.9,SYNTHETIC
2026-09-04 11:27:55,ACTIVE-01,1418,Girujan,15.53,19.14,101.6,10.08,kft-lbs,2197.0,752.0,9.59,9.71,0.162,% total gas,599.1,SYNTHETIC
2026-09-04 11:32:05,ACTIVE-01,1419,Girujan,14.42,18.61,93.6,10.63,kft-lbs,2187.0,742.0,9.61,9.73,0.091,% total gas,598.9,SYNTHETIC
2026-09-04 11:37:03,ACTIVE-01,1420,Girujan,12.06,19.41,93.4,10.15,kft-lbs,2216.0,750.0,9.63,9.76,0.171,% total gas,598.9,SYNTHETIC
2026-09-04 11:42:49,ACTIVE-01,1421,Girujan,10.43,19.09,97.0,10.25,kft-lbs,2170.0,751.0,9.57,9.7,0.226,% total gas,599.0,SYNTHETIC
2026-09-04 11:47:06,ACTIVE-01,1422,Girujan,14.0,17.24,102.2,10.33,kft-lbs,2123.0,742.0,9.57,9.67,0.301,% total gas,599.0,SYNTHETIC
2026-09-04 11:52:19,ACTIVE-01,1423,Girujan,11.48,17.64,99.4,9.87,kft-lbs,2116.0,757.0,9.58,9.71,0.187,% total gas,599.4,SYNTHETIC
2026-09-04 11:57:28,ACTIVE-01,1424,Girujan,11.67,19.5,101.4,10.59,kft-lbs,2186.0,747.0,9.62,9.75,0.208,% total gas,599.6,SYNTHETIC
2026-09-04 12:02:10,ACTIVE-01,1425,Girujan,12.78,17.62,98.0,10.38,kft-lbs,2245.0,739.0,9.59,9.7,0.171,% total gas,599.2,SYNTHETIC
2026-09-04 12:07:26,ACTIVE-01,1426,Girujan,11.39,19.52,100.2,10.72,kft-lbs,2188.0,752.0,9.6,9.72,0.283,% total gas,599.5,SYNTHETIC
2026-09-04 12:12:05,ACTIVE-01,1427,Girujan,12.87,16.46,101.2,10.6,kft-lbs,2200.0,772.0,9.58,9.71,0.154,% total gas,599.7,SYNTHETIC
2026-09-04 12:16:25,ACTIVE-01,1428,Girujan,13.84,18.38,99.1,9.64,kft-lbs,2224.0,761.0,9.58,9.71,0.249,% total gas,599.8,SYNTHETIC
2026-09-04 12:22:14,ACTIVE-01,1429,Girujan,10.34,18.92,97.5,10.05,kft-lbs,2157.0,747.0,9.6,9.7,0.159,% total gas,599.8,SYNTHETIC
2026-09-04 12:26:56,ACTIVE-01,1430,Girujan,12.75,19.22,102.5,10.84,kft-lbs,2207.0,761.0,9.59,9.7,0.14,% total gas,599.9,SYNTHETIC
2026-09-04 12:31:21,ACTIVE-01,1431,Girujan,13.59,18.64,102.2,10.02,kft-lbs,2171.0,738.0,9.61,9.73,0.261,% total gas,600.2,SYNTHETIC
2026-09-04 12:35:39,ACTIVE-01,1432,Girujan,13.95,18.57,96.0,10.08,kft-lbs,2226.0,743.0,9.61,9.73,0.316,% total gas,599.7,SYNTHETIC
2026-09-04 12:41:17,ACTIVE-01,1433,Girujan,10.64,18.21,101.5,9.83,kft-lbs,2142.0,751.0,9.6,9.72,0.388,% total gas,599.4,SYNTHETIC
2026-09-04 12:46:12,ACTIVE-01,1434,Girujan,12.22,18.57,99.0,10.23,kft-lbs,2179.0,757.0,9.59,9.7,0.256,% total gas,599.4,SYNTHETIC
2026-09-04 12:50:32,ACTIVE-01,1435,Girujan,13.84,16.5,94.9,11.32,kft-lbs,2162.0,758.0,9.61,9.73,0.223,% total gas,599.6,SYNTHETIC
2026-09-04 12:55:01,ACTIVE-01,1436,Girujan,13.4,19.1,97.3,10.9,kft-lbs,2125.0,751.0,9.61,9.74,0.242,% total gas,599.9,SYNTHETIC
2026-09-04 12:59:47,ACTIVE-01,1437,Girujan,12.59,18.49,97.6,9.45,kft-lbs,2181.0,744.0,9.6,9.73,0.16,% total gas,600.1,SYNTHETIC
2026-09-04 13:04:23,ACTIVE-01,1438,Girujan,13.0,17.85,99.3,10.84,kft-lbs,2135.0,750.0,9.62,9.74,0.262,% total gas,599.7,SYNTHETIC
2026-09-04 13:08:56,ACTIVE-01,1439,Girujan,13.2,18.52,96.6,11.21,kft-lbs,2239.0,753.0,9.6,9.71,0.188,% total gas,600.1,SYNTHETIC
2026-09-04 13:13:37,ACTIVE-01,1440,Girujan,12.83,18.92,100.7,10.23,kft-lbs,2272.0,744.0,9.6,9.7,0.146,% total gas,599.5,SYNTHETIC
2026-09-04 13:18:18,ACTIVE-01,1441,Girujan,12.79,19.42,100.6,10.11,kft-lbs,2192.0,749.0,9.61,9.74,0.203,% total gas,599.0,SYNTHETIC
2026-09-04 13:23:02,ACTIVE-01,1442,Girujan,12.67,19.21,103.6,10.37,kft-lbs,2193.0,745.0,9.61,9.73,0.177,% total gas,599.0,SYNTHETIC
2026-09-04 13:27:45,ACTIVE-01,1443,Girujan,12.73,19.67,99.6,10.49,kft-lbs,2177.0,744.0,9.56,9.69,0.152,% total gas,598.8,SYNTHETIC
2026-09-04 13:32:14,ACTIVE-01,1444,Girujan,13.39,19.6,100.7,10.43,kft-lbs,2204.0,753.0,9.57,9.68,0.173,% total gas,598.4,SYNTHETIC
2026-09-04 13:36:42,ACTIVE-01,1445,Girujan,13.43,18.87,104.7,10.36,kft-lbs,2141.0,736.0,9.59,9.72,0.227,% total gas,598.5,SYNTHETIC
2026-09-04 13:40:35,ACTIVE-01,1446,Girujan,15.44,18.55,105.1,10.47,kft-lbs,2178.0,750.0,9.59,9.7,0.311,% total gas,599.0,SYNTHETIC
2026-09-04 13:44:59,ACTIVE-01,1447,Girujan,13.66,18.41,98.2,10.66,kft-lbs,2195.0,751.0,9.59,9.71,0.183,% total gas,599.1,SYNTHETIC
2026-09-04 13:49:13,ACTIVE-01,1448,Girujan,14.16,18.3,101.1,10.88,kft-lbs,2204.0,756.0,9.6,9.74,0.195,% total gas,598.9,SYNTHETIC
2026-09-04 13:53:22,ACTIVE-01,1449,Girujan,14.47,17.36,95.5,9.29,kft-lbs,2214.0,752.0,9.57,9.68,0.133,% total gas,598.8,SYNTHETIC
2026-09-04 13:58:00,ACTIVE-01,1450,Girujan,12.95,19.31,96.5,10.68,kft-lbs,2235.0,744.0,9.58,9.69,0.292,% total gas,598.3,SYNTHETIC
2026-09-04 14:02:16,ACTIVE-01,1451,Girujan,14.08,18.49,99.0,9.31,kft-lbs,2100.0,740.0,9.61,9.71,0.222,% total gas,598.7,SYNTHETIC
2026-09-04 14:06:32,ACTIVE-01,1452,Girujan,14.04,15.81,99.7,10.52,kft-lbs,2213.0,754.0,9.61,9.73,0.24,% total gas,599.1,SYNTHETIC
2026-09-04 14:11:12,ACTIVE-01,1453,Girujan,12.87,18.53,101.9,9.78,kft-lbs,2150.0,745.0,9.58,9.7,0.22,% total gas,599.0,SYNTHETIC
2026-09-04 14:15:57,ACTIVE-01,1454,Girujan,12.63,17.73,101.4,10.91,kft-lbs,2225.0,762.0,9.63,9.74,0.244,% total gas,599.3,SYNTHETIC
2026-09-04 14:20:38,ACTIVE-01,1455,Girujan,12.79,16.72,99.5,9.75,kft-lbs,2166.0,760.0,9.62,9.75,0.261,% total gas,599.6,SYNTHETIC
2026-09-04 14:25:45,ACTIVE-01,1456,Girujan,11.74,16.78,98.2,9.87,kft-lbs,2138.0,751.0,9.63,9.75,0.306,% total gas,598.7,SYNTHETIC
2026-09-04 14:30:03,ACTIVE-01,1457,Girujan,13.92,18.32,96.6,11.0,kft-lbs,2194.0,762.0,9.6,9.75,0.209,% total gas,598.2,SYNTHETIC
2026-09-04 14:34:14,ACTIVE-01,1458,Girujan,14.34,17.11,105.1,10.31,kft-lbs,2239.0,764.0,9.59,9.72,0.232,% total gas,598.7,SYNTHETIC
2026-09-04 14:38:57,ACTIVE-01,1459,Girujan,12.76,18.03,99.2,10.55,kft-lbs,2215.0,751.0,9.61,9.76,0.239,% total gas,598.9,SYNTHETIC
2026-09-04 14:43:03,ACTIVE-01,1460,Girujan,14.64,17.54,93.1,10.53,kft-lbs,2139.0,750.0,9.61,9.72,0.306,% total gas,598.7,SYNTHETIC
2026-09-04 14:47:39,ACTIVE-01,1461,Girujan,13.04,17.85,102.3,10.32,kft-lbs,2170.0,766.0,9.6,9.72,0.215,% total gas,598.9,SYNTHETIC
2026-09-04 14:52:35,ACTIVE-01,1462,Girujan,12.16,18.7,97.8,10.14,kft-lbs,2192.0,752.0,9.58,9.71,0.216,% total gas,599.0,SYNTHETIC
2026-09-04 14:57:17,ACTIVE-01,1463,Girujan,12.73,19.24,99.5,10.38,kft-lbs,2214.0,752.0,9.62,9.74,0.188,% total gas,598.4,SYNTHETIC
2026-09-04 15:03:34,ACTIVE-01,1464,Girujan,9.57,16.72,103.0,14.55,kft-lbs,2240.0,754.0,9.58,9.68,0.197,% total gas,598.5,SYNTHETIC
2026-09-04 15:10:33,ACTIVE-01,1465,Girujan,8.59,17.54,98.8,13.3,kft-lbs,2278.0,756.0,9.63,9.76,0.168,% total gas,598.8,SYNTHETIC
2026-09-04 15:16:48,ACTIVE-01,1466,Girujan,9.58,19.33,99.2,15.24,kft-lbs,2292.0,756.0,9.58,9.7,0.168,% total gas,598.8,SYNTHETIC
2026-09-04 15:22:46,ACTIVE-01,1467,Girujan,10.08,18.75,99.2,14.5,kft-lbs,2268.0,765.0,9.61,9.73,0.244,% total gas,598.4,SYNTHETIC
2026-09-04 15:29:04,ACTIVE-01,1468,Girujan,9.51,17.7,95.9,13.38,kft-lbs,2151.0,744.0,9.62,9.71,0.12,% total gas,598.5,SYNTHETIC
2026-09-04 15:35:10,ACTIVE-01,1469,Girujan,9.83,18.86,104.5,14.57,kft-lbs,2385.0,749.0,9.61,9.75,0.184,% total gas,598.2,SYNTHETIC
2026-09-04 15:42:45,ACTIVE-01,1470,Girujan,7.92,18.34,100.4,14.07,kft-lbs,2279.0,750.0,9.57,9.71,0.2,% total gas,598.1,SYNTHETIC
2026-09-04 15:49:28,ACTIVE-01,1471,Girujan,8.93,17.17,104.8,15.19,kft-lbs,2260.0,745.0,9.56,9.68,0.205,% total gas,598.0,SYNTHETIC
2026-09-04 15:55:40,ACTIVE-01,1472,Girujan,9.68,18.65,107.2,12.5,kft-lbs,2221.0,752.0,9.59,9.69,0.299,% total gas,597.8,SYNTHETIC
2026-09-04 16:01:59,ACTIVE-01,1473,Girujan,9.51,18.23,99.6,14.19,kft-lbs,2296.0,749.0,9.59,9.71,0.169,% total gas,597.9,SYNTHETIC
2026-09-04 16:08:01,ACTIVE-01,1474,Girujan,9.93,17.97,100.8,13.92,kft-lbs,2322.0,761.0,9.6,9.71,0.201,% total gas,598.3,SYNTHETIC
2026-09-04 16:14:53,ACTIVE-01,1475,Girujan,8.74,18.55,101.9,14.8,kft-lbs,2304.0,744.0,9.63,9.77,0.17,% total gas,598.1,SYNTHETIC
2026-09-04 16:21:24,ACTIVE-01,1476,Girujan,9.2,16.5,98.5,12.53,kft-lbs,2268.0,763.0,9.6,9.73,0.147,% total gas,598.1,SYNTHETIC
2026-09-04 16:28:15,ACTIVE-01,1477,Girujan,8.76,17.0,98.2,15.01,kft-lbs,2299.0,761.0,9.64,9.77,0.267,% total gas,598.3,SYNTHETIC
2026-09-04 16:32:33,ACTIVE-01,1478,Girujan,13.96,17.05,91.4,10.12,kft-lbs,2314.0,741.0,9.6,9.73,0.152,% total gas,598.2,SYNTHETIC
2026-09-04 16:37:42,ACTIVE-01,1479,Girujan,11.64,20.09,99.3,10.95,kft-lbs,2216.0,741.0,9.57,9.68,0.216,% total gas,598.0,SYNTHETIC
2026-09-04 16:42:02,ACTIVE-01,1480,Girujan,13.89,17.11,96.5,10.96,kft-lbs,2143.0,753.0,9.62,9.75,0.147,% total gas,598.1,SYNTHETIC
2026-09-04 16:46:23,ACTIVE-01,1481,Girujan,13.79,19.06,96.4,10.48,kft-lbs,2113.0,757.0,9.58,9.7,0.236,% total gas,598.3,SYNTHETIC
2026-09-04 16:51:02,ACTIVE-01,1482,Girujan,12.88,17.22,99.3,10.46,kft-lbs,2222.0,744.0,9.63,9.76,0.256,% total gas,598.1,SYNTHETIC
2026-09-04 16:56:04,ACTIVE-01,1483,Girujan,11.92,18.7,95.3,10.12,kft-lbs,2366.0,764.0,9.58,9.71,0.371,% total gas,598.6,SYNTHETIC
2026-09-04 17:00:30,ACTIVE-01,1484,Girujan,13.55,18.34,108.1,10.27,kft-lbs,2147.0,748.0,9.64,9.77,0.201,% total gas,599.0,SYNTHETIC
2026-09-04 17:05:29,ACTIVE-01,1485,Girujan,12.04,20.03,98.1,10.11,kft-lbs,2241.0,743.0,9.62,9.76,0.162,% total gas,598.6,SYNTHETIC
2026-09-04 17:10:23,ACTIVE-01,1486,Girujan,12.25,17.82,99.6,10.36,kft-lbs,2223.0,743.0,9.58,9.71,0.228,% total gas,598.5,SYNTHETIC
2026-09-04 17:13:52,ACTIVE-01,1487,Girujan,17.22,18.93,99.6,10.55,kft-lbs,2172.0,749.0,9.64,9.76,0.238,% total gas,598.4,SYNTHETIC
2026-09-04 17:18:25,ACTIVE-01,1488,Girujan,13.16,19.14,96.7,10.89,kft-lbs,2176.0,746.0,9.62,9.73,0.192,% total gas,598.8,SYNTHETIC
2026-09-04 17:23:27,ACTIVE-01,1489,Girujan,11.92,16.87,100.2,10.25,kft-lbs,2199.0,744.0,9.61,9.74,0.186,% total gas,598.7,SYNTHETIC
2026-09-04 17:28:17,ACTIVE-01,1490,Girujan,12.41,19.82,98.6,10.14,kft-lbs,2206.0,751.0,9.62,9.74,0.204,% total gas,598.6,SYNTHETIC
2026-09-04 17:32:38,ACTIVE-01,1491,Girujan,13.84,17.19,98.3,10.33,kft-lbs,2245.0,739.0,9.58,9.7,0.143,% total gas,598.2,SYNTHETIC
2026-09-04 17:37:41,ACTIVE-01,1492,Girujan,11.86,17.71,102.0,10.49,kft-lbs,2193.0,762.0,9.64,9.77,0.223,% total gas,598.3,SYNTHETIC
2026-09-04 17:42:50,ACTIVE-01,1493,Girujan,11.67,16.4,98.3,10.96,kft-lbs,2252.0,752.0,9.61,9.75,0.171,% total gas,598.3,SYNTHETIC
2026-09-04 17:47:28,ACTIVE-01,1494,Girujan,12.94,18.06,99.5,11.1,kft-lbs,2239.0,752.0,9.63,9.76,0.191,% total gas,598.2,SYNTHETIC
2026-09-04 17:52:11,ACTIVE-01,1495,Girujan,12.72,17.28,92.7,10.97,kft-lbs,2194.0,752.0,9.6,9.73,0.241,% total gas,599.0,SYNTHETIC
2026-09-04 17:56:42,ACTIVE-01,1496,Girujan,13.28,17.38,102.6,10.17,kft-lbs,2240.0,751.0,9.63,9.74,0.137,% total gas,599.5,SYNTHETIC
2026-09-04 18:01:39,ACTIVE-01,1497,Girujan,12.11,19.67,102.1,10.15,kft-lbs,2201.0,760.0,9.63,9.76,0.229,% total gas,599.7,SYNTHETIC
2026-09-04 18:06:34,ACTIVE-01,1498,Girujan,12.21,17.07,97.6,10.33,kft-lbs,2254.0,753.0,9.61,9.72,0.374,% total gas,600.5,SYNTHETIC
2026-09-04 18:10:52,ACTIVE-01,1499,Girujan,13.95,18.27,97.0,10.4,kft-lbs,2212.0,745.0,9.62,9.73,0.217,% total gas,601.3,SYNTHETIC
2026-09-04 18:16:07,ACTIVE-01,1500,Girujan,11.44,16.54,100.8,10.26,kft-lbs,2184.0,751.0,9.58,9.7,0.31,% total gas,601.7,SYNTHETIC
2026-09-04 18:20:45,ACTIVE-01,1501,Girujan,12.93,18.0,100.2,10.6,kft-lbs,2293.0,749.0,9.59,9.73,0.23,% total gas,602.2,SYNTHETIC
2026-09-04 18:25:02,ACTIVE-01,1502,Girujan,14.0,17.33,104.8,10.51,kft-lbs,2235.0,743.0,9.6,9.74,0.199,% total gas,602.3,SYNTHETIC
2026-09-04 18:29:32,ACTIVE-01,1503,Girujan,13.36,18.42,101.8,10.31,kft-lbs,2249.0,758.0,9.56,9.68,0.159,% total gas,602.6,SYNTHETIC
2026-09-04 18:34:01,ACTIVE-01,1504,Girujan,13.35,18.9,100.3,10.79,kft-lbs,2219.0,731.0,9.6,9.72,0.29,% total gas,602.0,SYNTHETIC
2026-09-04 18:38:51,ACTIVE-01,1505,Girujan,12.45,18.99,104.1,11.45,kft-lbs,2245.0,745.0,9.58,9.7,0.208,% total gas,602.3,SYNTHETIC
2026-09-04 18:43:02,ACTIVE-01,1506,Girujan,14.34,16.95,97.8,10.74,kft-lbs,2168.0,747.0,9.6,9.73,0.246,% total gas,601.6,SYNTHETIC
2026-09-04 18:47:42,ACTIVE-01,1507,Girujan,12.84,17.86,96.8,11.69,kft-lbs,2236.0,749.0,9.56,9.69,0.322,% total gas,601.0,SYNTHETIC
2026-09-04 18:52:23,ACTIVE-01,1508,Girujan,12.79,17.74,98.0,10.91,kft-lbs,2203.0,751.0,9.57,9.71,0.139,% total gas,601.0,SYNTHETIC
2026-09-04 18:56:40,ACTIVE-01,1509,Girujan,14.04,19.33,99.2,9.59,kft-lbs,2284.0,757.0,9.59,9.71,0.168,% total gas,600.7,SYNTHETIC
2026-09-04 19:00:58,ACTIVE-01,1510,Girujan,13.96,17.93,103.3,9.69,kft-lbs,2188.0,753.0,9.6,9.73,0.281,% total gas,600.8,SYNTHETIC
2026-09-04 19:05:51,ACTIVE-01,1511,Girujan,12.26,18.29,102.6,10.35,kft-lbs,2227.0,758.0,9.61,9.75,0.176,% total gas,600.9,SYNTHETIC
2026-09-04 19:10:06,ACTIVE-01,1512,Girujan,14.13,18.96,100.0,9.61,kft-lbs,2297.0,744.0,9.62,9.75,0.287,% total gas,601.0,SYNTHETIC
2026-09-04 19:15:04,ACTIVE-01,1513,Girujan,12.07,18.78,99.8,10.41,kft-lbs,2239.0,748.0,9.59,9.71,0.204,% total gas,601.2,SYNTHETIC
2026-09-04 19:19:48,ACTIVE-01,1514,Girujan,12.69,17.47,99.7,10.62,kft-lbs,2187.0,745.0,9.59,9.7,0.112,% total gas,601.0,SYNTHETIC
2026-09-04 19:24:13,ACTIVE-01,1515,Girujan,13.59,18.29,99.5,11.11,kft-lbs,2236.0,758.0,9.6,9.73,0.157,% total gas,601.7,SYNTHETIC
2026-09-04 19:29:30,ACTIVE-01,1516,Girujan,11.37,17.02,97.9,10.63,kft-lbs,2241.0,744.0,9.61,9.74,0.23,% total gas,601.5,SYNTHETIC
2026-09-04 19:34:10,ACTIVE-01,1517,Girujan,12.82,16.95,102.1,9.22,kft-lbs,2311.0,756.0,9.6,9.73,0.228,% total gas,601.2,SYNTHETIC
2026-09-04 19:38:46,ACTIVE-01,1518,Girujan,13.05,18.09,103.1,11.3,kft-lbs,2268.0,747.0,9.58,9.71,0.185,% total gas,601.5,SYNTHETIC
2026-09-04 19:43:17,ACTIVE-01,1519,Girujan,13.31,18.42,101.1,11.51,kft-lbs,2273.0,739.0,9.62,9.75,0.246,% total gas,600.9,SYNTHETIC
2026-09-04 19:48:18,ACTIVE-01,1520,Girujan,11.95,16.13,107.3,10.22,kft-lbs,2138.0,746.0,9.58,9.69,0.275,% total gas,600.7,SYNTHETIC
2026-09-04 19:53:27,ACTIVE-01,1521,Girujan,11.64,17.36,103.0,9.54,kft-lbs,2239.0,749.0,9.61,9.73,0.239,% total gas,600.5,SYNTHETIC
2026-09-04 19:57:42,ACTIVE-01,1522,Girujan,14.14,19.33,98.8,11.1,kft-lbs,2165.0,755.0,9.61,9.74,0.201,% total gas,601.1,SYNTHETIC
2026-09-04 20:01:49,ACTIVE-01,1523,Girujan,14.55,16.53,102.7,10.11,kft-lbs,2242.0,735.0,9.63,9.76,0.27,% total gas,600.7,SYNTHETIC
2026-09-04 20:06:02,ACTIVE-01,1524,Girujan,14.26,17.74,101.6,10.16,kft-lbs,2283.0,757.0,9.56,9.68,0.21,% total gas,600.3,SYNTHETIC
2026-09-04 20:10:11,ACTIVE-01,1525,Girujan,14.47,16.84,97.7,9.53,kft-lbs,2172.0,742.0,9.63,9.75,0.173,% total gas,600.8,SYNTHETIC
2026-09-04 20:14:50,ACTIVE-01,1526,Girujan,12.89,17.65,100.4,10.58,kft-lbs,2236.0,752.0,9.63,9.76,0.201,% total gas,600.8,SYNTHETIC
2026-09-04 20:19:48,ACTIVE-01,1527,Girujan,12.08,18.72,97.5,9.97,kft-lbs,2178.0,749.0,9.63,9.75,0.237,% total gas,601.3,SYNTHETIC
2026-09-04 20:23:57,ACTIVE-01,1528,Girujan,14.48,17.62,96.5,9.78,kft-lbs,2170.0,762.0,9.62,9.74,0.252,% total gas,601.2,SYNTHETIC
2026-09-04 20:28:27,ACTIVE-01,1529,Girujan,13.33,18.77,99.6,9.78,kft-lbs,2272.0,750.0,9.62,9.76,0.307,% total gas,601.1,SYNTHETIC
2026-09-04 20:34:23,ACTIVE-01,1530,Girujan,10.1,16.84,101.0,9.95,kft-lbs,2169.0,747.0,9.55,9.69,0.183,% total gas,600.5,SYNTHETIC
2026-09-04 20:39:16,ACTIVE-01,1531,Girujan,12.3,18.54,100.9,9.9,kft-lbs,2261.0,752.0,9.6,9.73,0.135,% total gas,600.1,SYNTHETIC
2026-09-04 20:44:03,ACTIVE-01,1532,Girujan,12.55,17.5,98.9,10.2,kft-lbs,2150.0,755.0,9.62,9.74,0.22,% total gas,600.7,SYNTHETIC
2026-09-04 20:48:21,ACTIVE-01,1533,Girujan,13.95,18.78,99.4,10.32,kft-lbs,2202.0,734.0,9.61,9.75,0.278,% total gas,600.4,SYNTHETIC
2026-09-04 20:53:04,ACTIVE-01,1534,Girujan,12.72,18.06,95.6,10.8,kft-lbs,2164.0,755.0,9.6,9.72,0.197,% total gas,600.2,SYNTHETIC
2026-09-04 20:58:02,ACTIVE-01,1535,Girujan,12.05,17.91,95.2,10.43,kft-lbs,2200.0,754.0,9.6,9.71,0.155,% total gas,600.0,SYNTHETIC
2026-09-04 21:03:00,ACTIVE-01,1536,Girujan,12.11,17.42,99.6,11.17,kft-lbs,2280.0,743.0,9.61,9.73,0.193,% total gas,599.7,SYNTHETIC
2026-09-04 21:08:13,ACTIVE-01,1537,Girujan,11.49,19.31,98.4,10.42,kft-lbs,2279.0,759.0,9.59,9.72,0.257,% total gas,599.6,SYNTHETIC
2026-09-04 21:13:02,ACTIVE-01,1538,Girujan,12.44,16.72,96.6,9.93,kft-lbs,2243.0,751.0,9.61,9.74,0.203,% total gas,600.1,SYNTHETIC
2026-09-04 21:18:12,ACTIVE-01,1539,Girujan,11.61,19.5,100.4,10.72,kft-lbs,2265.0,761.0,9.52,9.65,0.174,% total gas,600.2,SYNTHETIC
2026-09-04 21:22:38,ACTIVE-01,1540,Girujan,13.55,16.52,102.0,10.49,kft-lbs,2186.0,744.0,9.61,9.74,0.168,% total gas,600.6,SYNTHETIC
2026-09-04 21:28:07,ACTIVE-01,1541,Girujan,10.96,18.06,104.6,11.34,kft-lbs,2232.0,758.0,9.62,9.77,0.194,% total gas,601.2,SYNTHETIC
2026-09-04 21:32:43,ACTIVE-01,1542,Girujan,13.01,18.14,94.2,9.9,kft-lbs,2307.0,767.0,9.58,9.7,0.213,% total gas,600.6,SYNTHETIC
2026-09-04 21:38:42,ACTIVE-01,1543,Girujan,10.03,17.91,101.4,10.46,kft-lbs,2368.0,754.0,9.62,9.75,0.177,% total gas,600.7,SYNTHETIC
2026-09-04 21:44:37,ACTIVE-01,1544,Girujan,10.16,19.67,100.0,10.83,kft-lbs,2326.0,747.0,9.57,9.69,0.285,% total gas,601.1,SYNTHETIC
2026-09-04 21:50:19,ACTIVE-01,1545,Girujan,10.5,18.58,95.2,9.26,kft-lbs,2382.0,744.0,9.59,9.71,0.223,% total gas,600.6,SYNTHETIC
2026-09-04 21:57:01,ACTIVE-01,1546,Girujan,8.96,19.04,105.2,10.55,kft-lbs,2169.0,736.0,9.61,9.72,0.176,% total gas,600.7,SYNTHETIC
2026-09-04 22:02:35,ACTIVE-01,1547,Girujan,10.77,18.05,100.1,9.94,kft-lbs,2283.0,748.0,9.61,9.73,0.254,% total gas,601.6,SYNTHETIC
2026-09-04 22:08:23,ACTIVE-01,1548,Girujan,10.37,17.47,104.6,10.67,kft-lbs,2232.0,750.0,9.61,9.73,0.149,% total gas,601.2,SYNTHETIC
2026-09-04 22:13:47,ACTIVE-01,1549,Girujan,11.09,16.51,102.1,10.96,kft-lbs,2218.0,749.0,9.6,9.74,0.114,% total gas,601.4,SYNTHETIC
2026-09-04 22:19:55,ACTIVE-01,1550,Girujan,9.79,18.0,99.3,10.14,kft-lbs,2389.0,741.0,9.58,9.71,0.164,% total gas,601.7,SYNTHETIC
2026-09-04 22:25:59,ACTIVE-01,1551,Girujan,9.9,19.09,99.9,9.54,kft-lbs,2234.0,748.0,9.61,9.74,0.189,% total gas,602.5,SYNTHETIC
2026-09-04 22:31:47,ACTIVE-01,1552,Girujan,10.32,17.71,103.7,10.11,kft-lbs,2236.0,744.0,9.61,9.74,0.161,% total gas,602.2,SYNTHETIC
2026-09-04 22:38:56,ACTIVE-01,1553,Girujan,8.41,19.18,102.0,9.68,kft-lbs,2243.0,742.0,9.6,9.73,0.193,% total gas,602.4,SYNTHETIC
2026-09-04 22:45:27,ACTIVE-01,1554,Girujan,9.19,17.77,106.2,10.29,kft-lbs,2314.0,738.0,9.61,9.74,0.26,% total gas,602.1,SYNTHETIC
2026-09-04 22:51:09,ACTIVE-01,1555,Girujan,10.54,18.06,94.4,10.56,kft-lbs,2234.0,743.0,9.63,9.76,0.174,% total gas,602.6,SYNTHETIC
2026-09-04 22:57:15,ACTIVE-01,1556,Girujan,9.83,17.07,96.7,11.5,kft-lbs,2242.0,763.0,9.59,9.73,0.31,% total gas,602.2,SYNTHETIC
2026-09-04 23:04:45,ACTIVE-01,1557,Girujan,8.0,18.22,105.1,8.88,kft-lbs,2291.0,759.0,9.59,9.72,0.192,% total gas,602.5,SYNTHETIC
2026-09-04 23:11:57,ACTIVE-01,1558,Girujan,8.34,17.66,99.8,10.48,kft-lbs,2235.0,745.0,9.61,9.75,0.195,% total gas,603.0,SYNTHETIC
2026-09-04 23:18:43,ACTIVE-01,1559,Girujan,8.87,16.01,96.4,10.46,kft-lbs,2356.0,751.0,9.58,9.72,0.157,% total gas,603.2,SYNTHETIC
2026-09-04 23:26:08,ACTIVE-01,1560,Girujan,8.09,16.78,101.1,11.15,kft-lbs,2190.0,745.0,9.57,9.7,0.143,% total gas,602.7,SYNTHETIC
2026-09-04 23:34:24,ACTIVE-01,1561,Girujan,7.25,16.13,97.6,10.61,kft-lbs,2255.0,758.0,9.54,9.68,0.193,% total gas,601.9,SYNTHETIC
2026-09-04 23:42:31,ACTIVE-01,1562,Girujan,7.4,18.61,107.2,9.37,kft-lbs,2301.0,744.0,9.57,9.69,0.164,% total gas,602.0,SYNTHETIC
2026-09-04 23:50:56,ACTIVE-01,1563,Girujan,7.12,18.33,97.3,10.11,kft-lbs,2268.0,740.0,9.59,9.7,0.271,% total gas,601.6,SYNTHETIC
2026-09-04 23:58:31,ACTIVE-01,1564,Girujan,7.92,18.3,95.5,10.1,kft-lbs,2234.0,749.0,9.61,9.73,0.169,% total gas,601.2,SYNTHETIC
2026-09-05 00:06:07,ACTIVE-01,1565,Girujan,7.89,16.37,102.5,10.83,kft-lbs,2330.0,749.0,9.58,9.71,0.114,% total gas,601.8,SYNTHETIC
2026-09-05 00:13:36,ACTIVE-01,1566,Girujan,8.01,18.68,96.2,10.51,kft-lbs,2251.0,758.0,9.6,9.73,0.162,% total gas,601.8,SYNTHETIC
2026-09-05 00:17:58,ACTIVE-01,1567,Girujan,13.78,17.84,95.0,10.96,kft-lbs,2249.0,745.0,9.61,9.73,0.2,% total gas,602.2,SYNTHETIC
2026-09-05 00:22:31,ACTIVE-01,1568,Girujan,13.15,18.74,99.9,10.67,kft-lbs,2181.0,748.0,9.56,9.69,0.146,% total gas,602.1,SYNTHETIC
2026-09-05 00:27:14,ACTIVE-01,1569,Girujan,12.73,17.3,97.5,10.43,kft-lbs,2240.0,759.0,9.57,9.7,0.153,% total gas,601.9,SYNTHETIC
2026-09-05 00:31:09,ACTIVE-01,1570,Girujan,15.33,16.72,98.3,10.48,kft-lbs,2275.0,751.0,9.58,9.72,0.211,% total gas,601.7,SYNTHETIC
2026-09-05 00:35:26,ACTIVE-01,1571,Girujan,14.0,17.33,99.9,9.91,kft-lbs,2314.0,737.0,9.59,9.7,0.14,% total gas,601.4,SYNTHETIC
2026-09-05 00:40:04,ACTIVE-01,1572,Girujan,12.98,17.81,104.8,11.14,kft-lbs,2276.0,745.0,9.6,9.71,0.225,% total gas,601.0,SYNTHETIC
2026-09-05 00:44:41,ACTIVE-01,1573,Girujan,12.97,18.16,101.8,10.13,kft-lbs,2220.0,745.0,9.6,9.71,0.205,% total gas,600.7,SYNTHETIC
2026-09-05 00:49:01,ACTIVE-01,1574,Girujan,13.84,17.76,97.1,10.27,kft-lbs,2256.0,754.0,9.59,9.72,0.193,% total gas,600.5,SYNTHETIC
2026-09-05 00:53:34,ACTIVE-01,1575,Girujan,13.22,17.25,98.1,10.12,kft-lbs,2151.0,750.0,9.63,9.75,0.207,% total gas,599.5,SYNTHETIC
2026-09-05 00:58:36,ACTIVE-01,1576,Girujan,11.89,20.16,100.8,11.09,kft-lbs,2275.0,747.0,9.58,9.7,0.194,% total gas,599.9,SYNTHETIC
2026-09-05 01:03:00,ACTIVE-01,1577,Girujan,13.63,17.42,97.9,10.87,kft-lbs,2267.0,745.0,9.59,9.72,0.22,% total gas,599.4,SYNTHETIC
2026-09-05 01:08:11,ACTIVE-01,1578,Girujan,11.59,16.66,99.5,11.2,kft-lbs,2266.0,741.0,9.61,9.75,0.173,% total gas,599.5,SYNTHETIC
2026-09-05 01:12:32,ACTIVE-01,1579,Girujan,13.78,16.78,102.2,9.84,kft-lbs,2204.0,739.0,9.57,9.71,0.294,% total gas,599.2,SYNTHETIC
2026-09-05 01:17:20,ACTIVE-01,1580,Girujan,12.52,19.23,107.0,10.44,kft-lbs,2321.0,752.0,9.61,9.74,0.147,% total gas,599.1,SYNTHETIC
2026-09-05 01:21:15,ACTIVE-01,1581,Girujan,15.33,17.93,101.2,10.94,kft-lbs,2165.0,750.0,9.6,9.71,0.179,% total gas,599.0,SYNTHETIC
2026-09-05 01:25:41,ACTIVE-01,1582,Girujan,13.54,18.8,102.3,10.04,kft-lbs,2251.0,757.0,9.57,9.69,0.145,% total gas,598.8,SYNTHETIC
2026-09-05 01:30:19,ACTIVE-01,1583,Girujan,12.91,18.29,100.1,9.86,kft-lbs,2291.0,754.0,9.59,9.72,0.186,% total gas,598.6,SYNTHETIC
2026-09-05 01:36:48,ACTIVE-01,1584,Girujan,9.27,18.0,98.6,11.36,kft-lbs,2270.0,737.0,9.62,9.76,0.221,% total gas,598.8,SYNTHETIC
2026-09-05 01:40:46,ACTIVE-01,1585,Girujan,15.14,16.86,102.1,10.49,kft-lbs,2203.0,742.0,9.59,9.69,0.298,% total gas,599.3,SYNTHETIC
2026-09-05 01:45:26,ACTIVE-01,1586,Girujan,12.82,18.7,95.3,10.45,kft-lbs,2287.0,754.0,9.59,9.71,0.217,% total gas,599.9,SYNTHETIC
2026-09-05 01:49:57,ACTIVE-01,1587,Girujan,13.32,18.27,98.7,10.53,kft-lbs,2339.0,741.0,9.62,9.75,0.278,% total gas,599.9,SYNTHETIC
2026-09-05 01:54:29,ACTIVE-01,1588,Girujan,13.2,17.31,99.3,10.89,kft-lbs,2298.0,753.0,9.65,9.77,0.196,% total gas,600.0,SYNTHETIC
2026-09-05 01:58:26,ACTIVE-01,1589,Girujan,15.24,15.48,98.0,10.99,kft-lbs,2295.0,748.0,9.6,9.73,0.139,% total gas,600.5,SYNTHETIC
2026-09-05 02:03:25,ACTIVE-01,1590,Girujan,12.01,18.62,100.4,11.48,kft-lbs,2248.0,762.0,9.6,9.74,0.156,% total gas,601.2,SYNTHETIC
2026-09-05 02:08:17,ACTIVE-01,1591,Girujan,12.36,18.32,97.1,10.83,kft-lbs,2282.0,747.0,9.6,9.72,0.278,% total gas,600.8,SYNTHETIC
2026-09-05 02:13:04,ACTIVE-01,1592,Girujan,12.54,18.87,95.6,10.53,kft-lbs,2264.0,752.0,9.6,9.74,0.137,% total gas,600.6,SYNTHETIC
2026-09-05 02:17:19,ACTIVE-01,1593,Girujan,14.09,18.95,103.6,10.64,kft-lbs,2261.0,748.0,9.6,9.74,0.209,% total gas,600.1,SYNTHETIC
2026-09-05 02:22:09,ACTIVE-01,1594,Girujan,12.42,19.27,101.0,10.96,kft-lbs,2332.0,733.0,9.57,9.7,0.198,% total gas,599.9,SYNTHETIC
2026-09-05 02:26:40,ACTIVE-01,1595,Girujan,13.31,17.79,102.3,10.65,kft-lbs,2279.0,752.0,9.58,9.71,0.257,% total gas,599.6,SYNTHETIC
2026-09-05 02:31:07,ACTIVE-01,1596,Girujan,13.47,18.11,98.7,10.39,kft-lbs,2232.0,746.0,9.59,9.73,0.488,% total gas,599.6,SYNTHETIC
2026-09-05 02:35:26,ACTIVE-01,1597,Girujan,13.89,17.43,99.6,11.08,kft-lbs,2243.0,746.0,9.61,9.73,0.177,% total gas,599.2,SYNTHETIC
2026-09-05 02:40:07,ACTIVE-01,1598,Girujan,12.82,17.79,96.4,10.87,kft-lbs,2210.0,747.0,9.64,9.77,0.154,% total gas,598.7,SYNTHETIC
2026-09-05 02:45:17,ACTIVE-01,1599,Girujan,11.59,18.79,95.9,10.05,kft-lbs,2317.0,766.0,9.61,9.74,0.173,% total gas,599.0,SYNTHETIC
2026-09-05 02:49:37,ACTIVE-01,1600,Girujan,13.87,19.37,97.3,10.5,kft-lbs,2273.0,750.0,9.6,9.71,0.198,% total gas,598.7,SYNTHETIC
2026-09-05 02:54:14,ACTIVE-01,1601,Girujan,12.99,16.7,97.2,11.31,kft-lbs,2243.0,747.0,9.57,9.71,0.169,% total gas,599.1,SYNTHETIC
2026-09-05 02:59:04,ACTIVE-01,1602,Girujan,12.43,17.93,104.4,11.9,kft-lbs,2329.0,747.0,9.59,9.73,0.226,% total gas,600.0,SYNTHETIC
2026-09-05 03:03:39,ACTIVE-01,1603,Girujan,13.07,17.54,100.0,10.11,kft-lbs,2289.0,750.0,9.58,9.71,0.205,% total gas,599.1,SYNTHETIC
2026-09-05 03:09:10,ACTIVE-01,1604,Girujan,10.88,18.27,102.3,10.43,kft-lbs,2279.0,755.0,9.63,9.79,0.276,% total gas,599.1,SYNTHETIC
2026-09-05 03:14:08,ACTIVE-01,1605,Girujan,12.1,19.4,95.1,11.13,kft-lbs,2268.0,751.0,9.61,9.76,0.164,% total gas,599.5,SYNTHETIC
2026-09-05 03:18:43,ACTIVE-01,1606,Girujan,13.06,18.27,97.5,10.01,kft-lbs,2325.0,747.0,9.58,9.73,0.18,% total gas,599.2,SYNTHETIC
2026-09-05 03:25:12,ACTIVE-01,1607,Girujan,9.27,17.6,101.2,11.21,kft-lbs,2302.0,742.0,9.62,9.74,0.221,% total gas,599.4,SYNTHETIC
2026-09-05 03:29:27,ACTIVE-01,1608,Girujan,14.09,17.83,104.4,9.81,kft-lbs,2246.0,743.0,9.61,9.74,0.193,% total gas,599.3,SYNTHETIC
2026-09-05 03:33:49,ACTIVE-01,1609,Girujan,13.75,19.82,99.3,10.16,kft-lbs,2364.0,753.0,9.6,9.73,0.205,% total gas,599.5,SYNTHETIC
2026-09-05 03:38:33,ACTIVE-01,1610,Girujan,12.66,17.83,101.6,10.69,kft-lbs,2320.0,739.0,9.62,9.75,0.161,% total gas,599.8,SYNTHETIC
2026-09-05 03:43:14,ACTIVE-01,1611,Girujan,12.84,18.45,96.9,8.75,kft-lbs,2241.0,738.0,9.57,9.71,0.141,% total gas,599.7,SYNTHETIC
2026-09-05 03:47:55,ACTIVE-01,1612,Girujan,12.81,18.37,95.5,10.34,kft-lbs,2292.0,750.0,9.63,9.76,0.22,% total gas,598.8,SYNTHETIC
2026-09-05 03:51:38,ACTIVE-01,1613,Girujan,16.14,18.24,96.5,11.13,kft-lbs,2291.0,750.0,9.62,9.75,0.241,% total gas,599.4,SYNTHETIC
2026-09-05 03:56:39,ACTIVE-01,1614,Girujan,11.94,19.71,98.5,10.16,kft-lbs,2291.0,757.0,9.59,9.72,0.192,% total gas,599.6,SYNTHETIC
2026-09-05 04:01:27,ACTIVE-01,1615,Girujan,12.49,19.02,100.3,10.63,kft-lbs,2232.0,761.0,9.6,9.75,0.298,% total gas,598.9,SYNTHETIC
2026-09-05 04:06:02,ACTIVE-01,1616,Girujan,13.1,17.85,102.7,10.9,kft-lbs,2242.0,748.0,9.58,9.72,0.196,% total gas,598.5,SYNTHETIC
2026-09-05 04:10:20,ACTIVE-01,1617,Girujan,13.94,19.12,101.2,10.93,kft-lbs,2305.0,755.0,9.63,9.77,0.226,% total gas,598.6,SYNTHETIC
2026-09-05 04:15:18,ACTIVE-01,1618,Girujan,12.1,18.47,100.0,10.69,kft-lbs,2270.0,743.0,9.61,9.74,0.247,% total gas,598.5,SYNTHETIC
2026-09-05 04:20:26,ACTIVE-01,1619,Girujan,11.7,18.26,99.5,11.01,kft-lbs,2276.0,755.0,9.57,9.68,0.203,% total gas,598.0,SYNTHETIC
2026-09-05 04:25:08,ACTIVE-01,1620,Girujan,12.75,18.64,106.7,10.63,kft-lbs,2278.0,730.0,9.59,9.72,0.154,% total gas,598.0,SYNTHETIC
2026-09-05 04:29:32,ACTIVE-01,1621,Girujan,13.65,16.48,104.3,10.51,kft-lbs,2252.0,747.0,9.62,9.75,0.201,% total gas,598.6,SYNTHETIC
2026-09-05 04:34:23,ACTIVE-01,1622,Girujan,12.38,17.82,107.3,10.97,kft-lbs,2238.0,751.0,9.61,9.76,0.372,% total gas,598.7,SYNTHETIC
2026-09-05 04:39:09,ACTIVE-01,1623,Girujan,12.57,15.59,102.5,11.45,kft-lbs,2361.0,749.0,9.61,9.76,0.142,% total gas,598.8,SYNTHETIC
2026-09-05 04:43:50,ACTIVE-01,1624,Girujan,12.83,15.99,97.4,10.31,kft-lbs,2268.0,767.0,9.59,9.73,0.274,% total gas,598.1,SYNTHETIC
2026-09-05 04:48:14,ACTIVE-01,1625,Girujan,13.6,16.88,100.7,11.27,kft-lbs,2286.0,745.0,9.57,9.69,0.162,% total gas,598.2,SYNTHETIC
2026-09-05 04:52:51,ACTIVE-01,1626,Girujan,13.03,17.82,102.5,10.76,kft-lbs,2312.0,748.0,9.62,9.76,0.199,% total gas,597.8,SYNTHETIC
2026-09-05 04:57:06,ACTIVE-01,1627,Girujan,14.1,19.04,103.0,11.01,kft-lbs,2306.0,749.0,9.57,9.73,0.201,% total gas,598.5,SYNTHETIC
2026-09-05 05:01:55,ACTIVE-01,1628,Girujan,12.45,17.25,97.3,10.04,kft-lbs,2347.0,757.0,9.62,9.75,0.176,% total gas,598.2,SYNTHETIC
2026-09-05 05:06:28,ACTIVE-01,1629,Girujan,13.21,16.57,94.8,9.85,kft-lbs,2322.0,749.0,9.61,9.74,0.193,% total gas,598.1,SYNTHETIC
2026-09-05 05:11:08,ACTIVE-01,1630,Girujan,12.82,17.98,100.5,11.38,kft-lbs,2316.0,755.0,9.61,9.75,0.136,% total gas,597.7,SYNTHETIC
2026-09-05 05:15:54,ACTIVE-01,1631,Girujan,12.61,18.09,98.4,10.1,kft-lbs,2237.0,744.0,9.61,9.75,0.212,% total gas,597.2,SYNTHETIC
2026-09-05 05:21:18,ACTIVE-01,1632,Girujan,11.12,20.34,105.5,10.61,kft-lbs,2404.0,744.0,9.62,9.75,0.18,% total gas,597.5,SYNTHETIC
2026-09-05 05:25:52,ACTIVE-01,1633,Girujan,13.14,18.4,103.2,10.47,kft-lbs,2421.0,740.0,9.62,9.76,0.252,% total gas,597.6,SYNTHETIC
2026-09-05 05:30:47,ACTIVE-01,1634,Girujan,12.19,17.58,98.9,11.37,kft-lbs,2195.0,749.0,9.56,9.67,0.196,% total gas,597.9,SYNTHETIC
2026-09-05 05:35:06,ACTIVE-01,1635,Girujan,13.88,17.6,108.0,10.01,kft-lbs,2307.0,741.0,9.57,9.71,0.179,% total gas,598.4,SYNTHETIC
2026-09-05 05:39:43,ACTIVE-01,1636,Girujan,13.03,18.71,107.1,10.27,kft-lbs,2328.0,747.0,9.62,9.77,0.122,% total gas,598.7,SYNTHETIC
2026-09-05 05:44:16,ACTIVE-01,1637,Girujan,13.14,18.07,97.7,11.45,kft-lbs,2273.0,756.0,9.61,9.74,0.2,% total gas,598.4,SYNTHETIC
2026-09-05 05:48:46,ACTIVE-01,1638,Girujan,13.35,18.14,97.7,10.13,kft-lbs,2315.0,771.0,9.61,9.77,0.215,% total gas,598.5,SYNTHETIC
2026-09-05 05:53:07,ACTIVE-01,1639,Girujan,13.8,18.48,99.2,10.85,kft-lbs,2230.0,746.0,9.6,9.75,0.134,% total gas,598.1,SYNTHETIC
2026-09-05 05:57:38,ACTIVE-01,1640,Girujan,13.3,18.14,96.9,10.34,kft-lbs,2355.0,761.0,9.58,9.72,0.23,% total gas,598.2,SYNTHETIC
2026-09-05 06:02:02,ACTIVE-01,1641,Girujan,13.6,18.56,102.7,10.9,kft-lbs,2336.0,740.0,9.61,9.72,0.124,% total gas,598.3,SYNTHETIC
2026-09-05 06:06:26,ACTIVE-01,1642,Girujan,13.67,19.56,97.8,10.97,kft-lbs,2303.0,744.0,9.59,9.73,0.183,% total gas,598.8,SYNTHETIC
2026-09-05 06:10:45,ACTIVE-01,1643,Girujan,13.87,17.52,102.4,9.8,kft-lbs,2316.0,739.0,9.63,9.75,0.181,% total gas,598.7,SYNTHETIC
2026-09-05 06:15:25,ACTIVE-01,1644,Girujan,12.89,17.46,101.6,11.1,kft-lbs,2247.0,743.0,9.61,9.75,0.23,% total gas,598.8,SYNTHETIC
2026-09-05 06:20:40,ACTIVE-01,1645,Girujan,11.41,18.09,103.6,10.59,kft-lbs,2402.0,755.0,9.63,9.76,0.265,% total gas,598.7,SYNTHETIC
2026-09-05 06:24:55,ACTIVE-01,1646,Girujan,14.15,16.98,100.0,10.83,kft-lbs,2336.0,757.0,9.62,9.76,0.222,% total gas,598.8,SYNTHETIC
2026-09-05 06:29:25,ACTIVE-01,1647,Girujan,13.3,17.83,100.1,10.26,kft-lbs,2255.0,747.0,9.57,9.7,0.213,% total gas,598.4,SYNTHETIC
2026-09-05 06:33:53,ACTIVE-01,1648,Girujan,13.42,17.72,101.8,11.76,kft-lbs,2249.0,736.0,9.61,9.74,0.211,% total gas,598.7,SYNTHETIC
2026-09-05 06:37:58,ACTIVE-01,1649,Girujan,14.73,18.97,98.3,11.37,kft-lbs,2308.0,760.0,9.6,9.75,0.143,% total gas,599.3,SYNTHETIC
2026-09-05 06:42:57,ACTIVE-01,1650,Girujan,12.04,17.73,93.2,10.04,kft-lbs,2292.0,746.0,9.63,9.77,0.209,% total gas,599.7,SYNTHETIC
2026-09-05 06:47:24,ACTIVE-01,1651,Girujan,13.46,18.49,102.2,10.4,kft-lbs,2363.0,751.0,9.58,9.71,0.161,% total gas,600.2,SYNTHETIC
2026-09-05 06:51:33,ACTIVE-01,1652,Girujan,14.48,17.25,101.2,10.46,kft-lbs,2254.0,751.0,9.62,9.75,0.164,% total gas,599.8,SYNTHETIC
2026-09-05 06:55:45,ACTIVE-01,1653,Girujan,14.31,17.18,93.8,10.17,kft-lbs,2322.0,758.0,9.59,9.73,0.146,% total gas,599.4,SYNTHETIC
2026-09-05 07:00:57,ACTIVE-01,1654,Girujan,11.53,17.39,93.9,11.45,kft-lbs,2391.0,752.0,9.57,9.7,0.139,% total gas,599.5,SYNTHETIC
2026-09-05 07:05:19,ACTIVE-01,1655,Girujan,13.71,18.3,99.6,9.87,kft-lbs,2292.0,756.0,9.62,9.78,0.237,% total gas,599.7,SYNTHETIC
2026-09-05 07:09:51,ACTIVE-01,1656,Girujan,13.24,16.74,99.8,10.82,kft-lbs,2288.0,766.0,9.6,9.75,0.156,% total gas,599.4,SYNTHETIC
2026-09-05 07:14:06,ACTIVE-01,1657,Girujan,14.13,15.68,102.9,10.91,kft-lbs,2316.0,747.0,9.57,9.71,0.188,% total gas,598.7,SYNTHETIC
2026-09-05 07:19:12,ACTIVE-01,1658,Girujan,11.75,19.65,100.1,11.27,kft-lbs,2295.0,751.0,9.61,9.74,0.257,% total gas,598.5,SYNTHETIC
2026-09-05 07:23:36,ACTIVE-01,1659,Girujan,13.65,18.03,97.4,11.07,kft-lbs,2213.0,754.0,9.59,9.73,0.195,% total gas,599.0,SYNTHETIC
2026-09-05 07:28:04,ACTIVE-01,1660,Girujan,13.45,17.32,100.3,10.64,kft-lbs,2322.0,758.0,9.59,9.73,0.166,% total gas,598.5,SYNTHETIC
2026-09-05 07:32:01,ACTIVE-01,1661,Girujan,15.15,18.02,94.7,10.84,kft-lbs,2378.0,755.0,9.61,9.77,0.241,% total gas,598.0,SYNTHETIC
2026-09-05 07:36:52,ACTIVE-01,1662,Girujan,12.4,18.53,102.0,11.02,kft-lbs,2267.0,741.0,9.62,9.76,0.296,% total gas,597.3,SYNTHETIC
2026-09-05 07:41:33,ACTIVE-01,1663,Girujan,12.81,18.32,100.8,10.46,kft-lbs,2320.0,755.0,9.59,9.73,0.288,% total gas,597.3,SYNTHETIC
2026-09-05 07:47:40,ACTIVE-01,1664,Girujan,9.81,17.48,104.2,10.64,kft-lbs,2252.0,752.0,9.59,9.73,0.231,% total gas,596.7,SYNTHETIC
2026-09-05 07:51:47,ACTIVE-01,1665,Girujan,14.53,17.41,100.0,10.64,kft-lbs,2324.0,748.0,9.55,9.69,0.15,% total gas,596.9,SYNTHETIC
2026-09-05 07:56:20,ACTIVE-01,1666,Girujan,13.22,18.54,99.6,10.65,kft-lbs,2360.0,748.0,9.57,9.7,0.3,% total gas,597.4,SYNTHETIC
2026-09-05 08:00:37,ACTIVE-01,1667,Girujan,14.0,18.05,97.8,10.23,kft-lbs,2339.0,737.0,9.62,9.76,0.201,% total gas,597.5,SYNTHETIC
2026-09-05 08:05:07,ACTIVE-01,1668,Girujan,13.35,17.73,98.4,11.01,kft-lbs,2326.0,758.0,9.6,9.75,0.189,% total gas,598.0,SYNTHETIC
2026-09-05 08:09:28,ACTIVE-01,1669,Girujan,13.75,16.92,100.8,12.24,kft-lbs,2406.0,741.0,9.61,9.74,0.198,% total gas,597.8,SYNTHETIC
2026-09-05 08:14:01,ACTIVE-01,1670,Girujan,13.2,17.36,99.1,10.14,kft-lbs,2300.0,737.0,9.59,9.74,0.155,% total gas,597.9,SYNTHETIC
2026-09-05 08:18:52,ACTIVE-01,1671,Girujan,12.38,18.63,98.7,10.34,kft-lbs,2280.0,738.0,9.63,9.77,0.131,% total gas,597.8,SYNTHETIC
2026-09-05 08:23:26,ACTIVE-01,1672,Girujan,13.12,17.13,96.4,10.79,kft-lbs,2270.0,752.0,9.63,9.78,0.304,% total gas,598.5,SYNTHETIC
2026-09-05 08:27:47,ACTIVE-01,1673,Girujan,13.83,16.6,95.4,9.88,kft-lbs,2297.0,758.0,9.61,9.76,0.188,% total gas,598.6,SYNTHETIC
2026-09-05 08:31:51,ACTIVE-01,1674,Girujan,14.73,17.31,100.7,9.85,kft-lbs,2419.0,742.0,9.59,9.73,0.167,% total gas,598.3,SYNTHETIC
2026-09-05 08:36:11,ACTIVE-01,1675,Girujan,13.86,18.0,105.2,11.54,kft-lbs,2325.0,750.0,9.6,9.74,0.175,% total gas,598.8,SYNTHETIC
2026-09-05 08:41:22,ACTIVE-01,1676,Girujan,11.58,17.11,100.5,10.52,kft-lbs,2249.0,740.0,9.62,9.77,0.29,% total gas,599.3,SYNTHETIC
2026-09-05 08:46:08,ACTIVE-01,1677,Girujan,12.56,18.28,96.0,10.2,kft-lbs,2387.0,734.0,9.6,9.74,0.203,% total gas,599.0,SYNTHETIC
2026-09-05 08:50:43,ACTIVE-01,1678,Girujan,13.12,18.06,100.5,10.25,kft-lbs,2360.0,748.0,9.58,9.72,0.127,% total gas,599.7,SYNTHETIC
2026-09-05 08:55:13,ACTIVE-01,1679,Girujan,13.31,18.28,101.8,10.98,kft-lbs,2398.0,751.0,9.57,9.71,0.182,% total gas,599.5,SYNTHETIC
2026-09-05 08:59:26,ACTIVE-01,1680,Girujan,14.23,17.37,103.2,11.0,kft-lbs,2297.0,740.0,9.57,9.71,0.253,% total gas,599.2,SYNTHETIC
2026-09-05 09:04:47,ACTIVE-01,1681,Girujan,11.23,17.98,92.9,11.71,kft-lbs,2341.0,756.0,9.65,9.79,0.28,% total gas,598.9,SYNTHETIC
2026-09-05 09:09:01,ACTIVE-01,1682,Girujan,14.15,16.85,97.5,11.66,kft-lbs,2342.0,748.0,9.63,9.78,0.23,% total gas,598.8,SYNTHETIC
2026-09-05 09:13:10,ACTIVE-01,1683,Girujan,14.45,17.95,101.1,10.43,kft-lbs,2368.0,757.0,9.61,9.73,0.203,% total gas,598.8,SYNTHETIC
2026-09-05 09:18:21,ACTIVE-01,1684,Girujan,11.57,18.36,102.9,10.71,kft-lbs,2337.0,753.0,9.61,9.75,0.138,% total gas,598.6,SYNTHETIC
2026-09-05 09:23:04,ACTIVE-01,1685,Girujan,12.74,18.75,96.5,11.38,kft-lbs,2293.0,758.0,9.61,9.76,0.234,% total gas,599.0,SYNTHETIC
2026-09-05 09:27:51,ACTIVE-01,1686,Girujan,12.56,18.98,98.1,9.8,kft-lbs,2364.0,758.0,9.62,9.76,0.119,% total gas,599.5,SYNTHETIC
2026-09-05 09:32:34,ACTIVE-01,1687,Girujan,12.69,18.93,105.8,10.47,kft-lbs,2315.0,758.0,9.62,9.76,0.208,% total gas,599.3,SYNTHETIC
2026-09-05 09:37:11,ACTIVE-01,1688,Girujan,12.99,17.15,95.9,10.36,kft-lbs,2316.0,741.0,9.59,9.71,0.195,% total gas,599.2,SYNTHETIC
2026-09-05 09:41:45,ACTIVE-01,1689,Girujan,13.15,18.56,97.4,10.72,kft-lbs,2376.0,750.0,9.58,9.73,0.151,% total gas,598.5,SYNTHETIC
2026-09-05 09:45:59,ACTIVE-01,1690,Girujan,14.17,17.88,98.9,10.61,kft-lbs,2237.0,755.0,9.59,9.72,0.198,% total gas,598.9,SYNTHETIC
2026-09-05 09:50:36,ACTIVE-01,1691,Girujan,13.0,17.49,100.4,10.09,kft-lbs,2324.0,740.0,9.6,9.74,0.245,% total gas,599.0,SYNTHETIC
2026-09-05 09:56:01,ACTIVE-01,1692,Girujan,11.09,18.09,99.1,11.47,kft-lbs,2350.0,750.0,9.55,9.7,0.204,% total gas,598.9,SYNTHETIC
2026-09-05 10:00:20,ACTIVE-01,1693,Girujan,13.87,17.77,103.5,10.81,kft-lbs,2382.0,748.0,9.58,9.73,0.251,% total gas,599.3,SYNTHETIC
2026-09-05 10:04:44,ACTIVE-01,1694,Girujan,13.66,17.27,100.6,10.93,kft-lbs,2410.0,760.0,9.62,9.78,0.196,% total gas,598.6,SYNTHETIC
2026-09-05 10:09:29,ACTIVE-01,1695,Girujan,12.63,20.11,98.4,10.57,kft-lbs,2269.0,741.0,9.59,9.72,0.269,% total gas,598.5,SYNTHETIC
2026-09-05 10:14:18,ACTIVE-01,1696,Girujan,12.45,18.78,97.9,11.16,kft-lbs,2234.0,752.0,9.66,9.8,0.22,% total gas,598.7,SYNTHETIC
2026-09-05 10:18:45,ACTIVE-01,1697,Girujan,13.49,18.22,98.5,9.75,kft-lbs,2246.0,745.0,9.58,9.7,0.148,% total gas,599.2,SYNTHETIC
2026-09-05 10:23:15,ACTIVE-01,1698,Girujan,13.35,17.88,100.4,11.41,kft-lbs,2333.0,749.0,9.61,9.77,0.124,% total gas,599.3,SYNTHETIC
2026-09-05 10:27:52,ACTIVE-01,1699,Girujan,12.98,18.66,97.4,10.73,kft-lbs,2299.0,755.0,9.61,9.75,0.151,% total gas,599.4,SYNTHETIC
2026-09-05 10:32:31,ACTIVE-01,1700,Girujan,12.91,18.09,100.1,11.23,kft-lbs,2339.0,745.0,9.61,9.75,0.237,% total gas,599.2,SYNTHETIC
2026-09-05 10:36:57,ACTIVE-01,1701,Girujan,13.52,17.71,104.4,10.86,kft-lbs,2306.0,742.0,9.61,9.73,0.14,% total gas,599.3,SYNTHETIC
2026-09-05 10:42:18,ACTIVE-01,1702,Girujan,11.23,19.3,97.9,10.37,kft-lbs,2290.0,750.0,9.61,9.74,0.166,% total gas,599.0,SYNTHETIC
2026-09-05 10:47:20,ACTIVE-01,1703,Girujan,11.92,17.97,95.8,10.13,kft-lbs,2356.0,749.0,9.63,9.76,0.158,% total gas,598.7,SYNTHETIC
2026-09-05 10:51:31,ACTIVE-01,1704,Girujan,14.35,18.25,101.1,11.23,kft-lbs,2244.0,765.0,9.6,9.73,0.229,% total gas,599.0,SYNTHETIC
2026-09-05 10:56:14,ACTIVE-01,1705,Girujan,12.68,20.09,99.8,10.76,kft-lbs,2331.0,769.0,9.63,9.78,0.097,% total gas,598.7,SYNTHETIC
2026-09-05 11:00:10,ACTIVE-01,1706,Girujan,15.27,16.82,103.5,9.66,kft-lbs,2413.0,745.0,9.61,9.74,0.474,% total gas,598.4,SYNTHETIC
2026-09-05 11:04:36,ACTIVE-01,1707,Girujan,13.52,18.07,96.6,11.82,kft-lbs,2286.0,735.0,9.58,9.73,0.152,% total gas,598.6,SYNTHETIC
2026-09-05 11:08:53,ACTIVE-01,1708,Girujan,14.05,18.85,100.6,10.34,kft-lbs,2356.0,744.0,9.62,9.76,0.195,% total gas,598.5,SYNTHETIC
2026-09-05 11:13:38,ACTIVE-01,1709,Girujan,12.62,17.73,102.9,11.27,kft-lbs,2327.0,740.0,9.61,9.75,0.243,% total gas,598.7,SYNTHETIC
2026-09-05 11:18:34,ACTIVE-01,1710,Girujan,12.17,14.73,105.7,11.23,kft-lbs,2393.0,751.0,9.62,9.76,0.211,% total gas,599.1,SYNTHETIC
2026-09-05 11:22:56,ACTIVE-01,1711,Girujan,13.75,17.23,103.7,10.74,kft-lbs,2344.0,746.0,9.6,9.74,0.215,% total gas,599.3,SYNTHETIC
2026-09-05 11:27:41,ACTIVE-01,1712,Girujan,12.6,18.0,96.3,11.08,kft-lbs,2324.0,765.0,9.61,9.76,0.229,% total gas,598.9,SYNTHETIC
2026-09-05 11:32:43,ACTIVE-01,1713,Girujan,11.94,16.92,97.9,10.32,kft-lbs,2275.0,763.0,9.59,9.74,0.176,% total gas,598.8,SYNTHETIC
2026-09-05 11:37:36,ACTIVE-01,1714,Girujan,12.29,17.97,95.6,10.34,kft-lbs,2354.0,749.0,9.59,9.73,0.215,% total gas,598.1,SYNTHETIC
2026-09-05 11:42:31,ACTIVE-01,1715,Girujan,12.2,18.78,100.4,11.2,kft-lbs,2391.0,746.0,9.63,9.77,0.183,% total gas,597.5,SYNTHETIC
2026-09-05 11:46:53,ACTIVE-01,1716,Girujan,13.75,18.73,99.9,11.63,kft-lbs,2394.0,743.0,9.62,9.75,0.182,% total gas,596.9,SYNTHETIC
2026-09-05 11:51:31,ACTIVE-01,1717,Girujan,12.92,18.06,102.1,9.81,kft-lbs,2417.0,750.0,9.59,9.74,0.254,% total gas,596.5,SYNTHETIC
2026-09-05 11:55:59,ACTIVE-01,1718,Girujan,13.46,17.09,100.0,10.4,kft-lbs,2298.0,743.0,9.64,9.78,0.259,% total gas,597.3,SYNTHETIC
2026-09-05 12:00:31,ACTIVE-01,1719,Girujan,13.24,16.51,103.1,11.21,kft-lbs,2341.0,755.0,9.61,9.76,0.217,% total gas,597.7,SYNTHETIC
2026-09-05 12:05:08,ACTIVE-01,1720,Girujan,12.97,17.43,99.4,10.89,kft-lbs,2336.0,752.0,9.6,9.74,0.185,% total gas,597.4,SYNTHETIC
2026-09-05 12:09:36,ACTIVE-01,1721,Girujan,13.44,17.0,103.2,11.0,kft-lbs,2281.0,755.0,9.58,9.75,0.215,% total gas,597.5,SYNTHETIC
2026-09-05 12:13:54,ACTIVE-01,1722,Girujan,13.95,17.89,96.2,11.02,kft-lbs,2387.0,742.0,9.61,9.75,0.213,% total gas,597.5,SYNTHETIC
2026-09-05 12:18:38,ACTIVE-01,1723,Girujan,12.66,19.42,98.8,11.41,kft-lbs,2368.0,748.0,9.6,9.74,0.244,% total gas,597.3,SYNTHETIC
2026-09-05 12:23:20,ACTIVE-01,1724,Girujan,12.81,18.33,100.2,11.41,kft-lbs,2403.0,749.0,9.61,9.74,0.243,% total gas,597.5,SYNTHETIC
2026-09-05 12:27:31,ACTIVE-01,1725,Girujan,14.33,19.46,101.7,10.77,kft-lbs,2404.0,760.0,9.59,9.73,0.198,% total gas,597.4,SYNTHETIC
2026-09-05 12:31:51,ACTIVE-01,1726,Girujan,13.81,17.72,99.6,10.12,kft-lbs,2330.0,744.0,9.62,9.76,0.211,% total gas,597.8,SYNTHETIC
2026-09-05 12:36:06,ACTIVE-01,1727,Girujan,14.14,18.47,101.1,11.29,kft-lbs,2322.0,746.0,9.61,9.73,0.237,% total gas,597.7,SYNTHETIC
2026-09-05 12:41:15,ACTIVE-01,1728,Girujan,11.66,18.22,91.4,10.89,kft-lbs,2434.0,758.0,9.6,9.74,0.166,% total gas,598.3,SYNTHETIC
2026-09-05 12:45:47,ACTIVE-01,1729,Girujan,13.2,17.78,98.9,10.74,kft-lbs,2377.0,745.0,9.59,9.73,0.128,% total gas,597.6,SYNTHETIC
2026-09-05 12:50:13,ACTIVE-01,1730,Girujan,13.58,18.08,101.2,10.17,kft-lbs,2322.0,760.0,9.63,9.79,0.155,% total gas,597.3,SYNTHETIC
2026-09-05 12:55:40,ACTIVE-01,1731,Girujan,10.99,16.76,100.7,9.76,kft-lbs,2325.0,746.0,9.59,9.74,0.276,% total gas,597.6,SYNTHETIC
2026-09-05 13:00:06,ACTIVE-01,1732,Girujan,13.55,17.19,103.2,10.66,kft-lbs,2343.0,750.0,9.58,9.75,0.336,% total gas,598.0,SYNTHETIC
2026-09-05 13:05:06,ACTIVE-01,1733,Girujan,12.01,19.16,102.2,10.68,kft-lbs,2283.0,755.0,9.58,9.72,0.177,% total gas,597.5,SYNTHETIC
2026-09-05 13:09:35,ACTIVE-01,1734,Girujan,13.36,17.84,98.2,10.98,kft-lbs,2276.0,754.0,9.6,9.74,0.216,% total gas,597.3,SYNTHETIC
2026-09-05 13:14:09,ACTIVE-01,1735,Girujan,13.12,16.54,100.7,9.69,kft-lbs,2367.0,737.0,9.63,9.78,0.219,% total gas,597.6,SYNTHETIC
2026-09-05 13:18:22,ACTIVE-01,1736,Girujan,14.27,17.95,99.9,10.86,kft-lbs,2336.0,742.0,9.58,9.73,0.169,% total gas,597.1,SYNTHETIC
2026-09-05 13:23:03,ACTIVE-01,1737,Girujan,12.82,17.53,103.9,10.84,kft-lbs,2333.0,749.0,9.59,9.73,0.18,% total gas,597.4,SYNTHETIC
2026-09-05 13:27:55,ACTIVE-01,1738,Girujan,12.3,17.03,98.9,10.98,kft-lbs,2253.0,755.0,9.63,9.77,0.185,% total gas,597.2,SYNTHETIC
2026-09-05 13:32:01,ACTIVE-01,1739,Girujan,14.64,18.35,99.3,10.85,kft-lbs,2372.0,744.0,9.57,9.73,0.121,% total gas,597.1,SYNTHETIC
2026-09-05 13:36:46,ACTIVE-01,1740,Girujan,12.64,18.51,94.6,11.4,kft-lbs,2377.0,762.0,9.62,9.78,0.433,% total gas,596.4,SYNTHETIC
2026-09-05 13:41:14,ACTIVE-01,1741,Girujan,13.44,17.24,103.7,11.28,kft-lbs,2312.0,749.0,9.62,9.77,0.281,% total gas,595.9,SYNTHETIC
2026-09-05 13:46:03,ACTIVE-01,1742,Girujan,12.45,18.11,101.7,11.33,kft-lbs,2305.0,745.0,9.58,9.72,0.196,% total gas,595.4,SYNTHETIC
2026-09-05 13:51:02,ACTIVE-01,1743,Girujan,12.04,19.13,97.8,10.52,kft-lbs,2329.0,753.0,9.61,9.75,0.163,% total gas,595.4,SYNTHETIC
2026-09-05 13:55:48,ACTIVE-01,1744,Girujan,12.59,18.38,98.3,10.46,kft-lbs,2367.0,767.0,9.61,9.77,0.205,% total gas,595.1,SYNTHETIC
2026-09-05 14:00:20,ACTIVE-01,1745,Girujan,13.22,17.32,101.4,10.33,kft-lbs,2271.0,752.0,9.62,9.77,0.265,% total gas,594.8,SYNTHETIC
2026-09-05 14:05:09,ACTIVE-01,1746,Girujan,12.45,18.13,102.2,11.53,kft-lbs,2221.0,754.0,9.6,9.73,0.218,% total gas,595.6,SYNTHETIC
2026-09-05 14:09:55,ACTIVE-01,1747,Girujan,12.6,18.8,98.3,12.31,kft-lbs,2382.0,758.0,9.63,9.78,0.211,% total gas,595.6,SYNTHETIC
2026-09-05 14:14:40,ACTIVE-01,1748,Girujan,12.63,18.39,102.6,10.99,kft-lbs,2347.0,751.0,9.62,9.75,0.091,% total gas,595.6,SYNTHETIC
2026-09-05 14:19:25,ACTIVE-01,1749,Girujan,12.62,18.56,99.6,10.68,kft-lbs,2400.0,752.0,9.6,9.77,0.188,% total gas,595.6,SYNTHETIC
2026-09-05 14:24:41,ACTIVE-01,1750,Girujan,11.4,17.36,100.8,10.47,kft-lbs,2361.0,741.0,9.61,9.75,0.193,% total gas,595.8,SYNTHETIC
2026-09-05 14:29:27,ACTIVE-01,1751,Girujan,12.61,18.56,94.3,9.87,kft-lbs,2306.0,763.0,9.64,9.77,0.177,% total gas,595.5,SYNTHETIC
2026-09-05 14:34:26,ACTIVE-01,1752,Girujan,12.03,18.1,104.5,10.79,kft-lbs,2421.0,747.0,9.59,9.73,0.174,% total gas,596.1,SYNTHETIC
2026-09-05 14:39:24,ACTIVE-01,1753,Girujan,12.08,16.66,101.2,11.12,kft-lbs,2408.0,747.0,9.59,9.75,0.147,% total gas,596.1,SYNTHETIC
2026-09-05 14:43:52,ACTIVE-01,1754,Girujan,13.42,18.38,97.7,10.77,kft-lbs,2395.0,740.0,9.63,9.77,0.196,% total gas,595.8,SYNTHETIC
2026-09-05 14:48:17,ACTIVE-01,1755,Girujan,13.59,17.63,103.2,12.18,kft-lbs,2373.0,751.0,9.6,9.76,0.202,% total gas,596.0,SYNTHETIC
2026-09-05 14:52:29,ACTIVE-01,1756,Girujan,14.27,17.66,101.0,10.78,kft-lbs,2390.0,767.0,9.59,9.75,0.256,% total gas,595.9,SYNTHETIC
2026-09-05 14:56:56,ACTIVE-01,1757,Girujan,13.5,18.79,99.1,9.9,kft-lbs,2356.0,761.0,9.59,9.73,0.193,% total gas,595.8,SYNTHETIC
2026-09-05 15:01:17,ACTIVE-01,1758,Girujan,13.78,19.24,99.7,11.65,kft-lbs,2423.0,751.0,9.61,9.76,0.273,% total gas,596.2,SYNTHETIC
2026-09-05 15:06:29,ACTIVE-01,1759,Girujan,11.55,16.48,101.2,10.62,kft-lbs,2311.0,748.0,9.6,9.76,0.18,% total gas,596.2,SYNTHETIC
2026-09-05 15:11:10,ACTIVE-01,1760,Girujan,12.79,17.11,94.4,10.51,kft-lbs,2466.0,745.0,9.64,9.79,0.205,% total gas,596.5,SYNTHETIC
2026-09-05 15:15:46,ACTIVE-01,1761,Girujan,13.08,17.44,100.7,10.64,kft-lbs,2397.0,746.0,9.61,9.75,0.154,% total gas,596.9,SYNTHETIC
2026-09-05 15:20:34,ACTIVE-01,1762,Girujan,12.5,18.71,100.7,9.65,kft-lbs,2338.0,752.0,9.58,9.73,0.173,% total gas,596.9,SYNTHETIC
2026-09-05 15:24:57,ACTIVE-01,1763,Girujan,13.69,17.33,96.4,11.44,kft-lbs,2287.0,747.0,9.6,9.74,0.157,% total gas,597.3,SYNTHETIC
2026-09-05 15:29:51,ACTIVE-01,1764,Girujan,12.24,17.42,103.9,11.46,kft-lbs,2382.0,746.0,9.59,9.74,0.135,% total gas,596.6,SYNTHETIC
2026-09-05 15:35:05,ACTIVE-01,1765,Girujan,11.46,16.58,101.5,10.39,kft-lbs,2415.0,757.0,9.58,9.73,0.184,% total gas,597.2,SYNTHETIC
2026-09-05 15:39:29,ACTIVE-01,1766,Girujan,13.64,18.11,98.9,10.72,kft-lbs,2369.0,755.0,9.61,9.75,0.174,% total gas,597.2,SYNTHETIC
2026-09-05 15:43:59,ACTIVE-01,1767,Girujan,13.31,16.61,96.9,10.91,kft-lbs,2333.0,748.0,9.6,9.75,0.291,% total gas,596.6,SYNTHETIC
2026-09-05 15:48:44,ACTIVE-01,1768,Girujan,12.65,17.51,97.1,10.31,kft-lbs,2399.0,750.0,9.57,9.71,0.219,% total gas,596.8,SYNTHETIC
2026-09-05 15:53:07,ACTIVE-01,1769,Girujan,13.69,17.03,95.7,11.03,kft-lbs,2439.0,756.0,9.57,9.71,0.153,% total gas,597.0,SYNTHETIC
2026-09-05 15:57:37,ACTIVE-01,1770,Girujan,13.3,17.93,102.6,9.89,kft-lbs,2365.0,758.0,9.64,9.8,0.164,% total gas,597.2,SYNTHETIC
2026-09-05 16:02:25,ACTIVE-01,1771,Girujan,12.54,18.25,96.1,10.6,kft-lbs,2296.0,769.0,9.6,9.74,0.221,% total gas,597.6,SYNTHETIC
2026-09-05 16:07:29,ACTIVE-01,1772,Girujan,11.81,16.26,103.0,11.09,kft-lbs,2482.0,757.0,9.59,9.75,0.181,% total gas,597.4,SYNTHETIC
2026-09-05 16:12:06,ACTIVE-01,1773,Girujan,13.02,17.91,104.8,10.57,kft-lbs,2417.0,754.0,9.63,9.78,0.259,% total gas,597.9,SYNTHETIC
2026-09-05 16:17:16,ACTIVE-01,1774,Girujan,11.61,16.88,97.6,10.92,kft-lbs,2403.0,751.0,9.57,9.73,0.165,% total gas,597.2,SYNTHETIC
2026-09-05 16:22:17,ACTIVE-01,1775,Girujan,11.97,18.38,95.1,10.63,kft-lbs,2324.0,765.0,9.6,9.77,0.164,% total gas,597.3,SYNTHETIC
2026-09-05 16:26:56,ACTIVE-01,1776,Girujan,12.9,18.67,103.4,11.09,kft-lbs,2295.0,745.0,9.59,9.73,0.257,% total gas,597.7,SYNTHETIC
2026-09-05 16:31:57,ACTIVE-01,1777,Girujan,11.97,17.33,100.7,10.74,kft-lbs,2347.0,758.0,9.6,9.76,0.27,% total gas,597.1,SYNTHETIC
2026-09-05 16:36:36,ACTIVE-01,1778,Girujan,12.9,17.9,98.9,10.54,kft-lbs,2328.0,747.0,9.61,9.75,0.168,% total gas,597.3,SYNTHETIC
2026-09-05 16:41:18,ACTIVE-01,1779,Girujan,12.75,17.28,99.9,10.61,kft-lbs,2361.0,747.0,9.58,9.74,0.129,% total gas,597.0,SYNTHETIC
2026-09-05 16:46:07,ACTIVE-01,1780,Girujan,12.44,18.06,98.3,11.13,kft-lbs,2412.0,739.0,9.6,9.75,0.247,% total gas,597.1,SYNTHETIC
2026-09-05 16:50:59,ACTIVE-01,1781,Girujan,12.35,17.66,101.7,10.88,kft-lbs,2346.0,754.0,9.64,9.8,0.146,% total gas,597.2,SYNTHETIC
2026-09-05 16:55:54,ACTIVE-01,1782,Girujan,12.18,18.12,95.5,10.27,kft-lbs,2336.0,749.0,9.61,9.73,0.215,% total gas,597.7,SYNTHETIC
2026-09-05 17:00:16,ACTIVE-01,1783,Girujan,13.75,17.84,97.3,10.56,kft-lbs,2462.0,744.0,9.6,9.75,0.239,% total gas,597.9,SYNTHETIC
2026-09-05 17:05:04,ACTIVE-01,1784,Girujan,12.53,17.26,104.8,10.32,kft-lbs,2386.0,738.0,9.64,9.78,0.228,% total gas,598.4,SYNTHETIC
2026-09-05 17:09:05,ACTIVE-01,1785,Girujan,14.92,17.48,106.7,10.99,kft-lbs,2414.0,754.0,9.59,9.74,0.179,% total gas,598.0,SYNTHETIC
2026-09-05 17:13:53,ACTIVE-01,1786,Girujan,12.51,17.55,99.8,10.14,kft-lbs,2429.0,754.0,9.59,9.74,0.207,% total gas,598.4,SYNTHETIC
2026-09-05 17:18:40,ACTIVE-01,1787,Girujan,12.53,19.5,98.7,9.99,kft-lbs,2389.0,751.0,9.61,9.74,0.236,% total gas,598.2,SYNTHETIC
2026-09-05 17:23:26,ACTIVE-01,1788,Girujan,12.58,17.92,100.1,10.41,kft-lbs,2328.0,755.0,9.59,9.74,0.157,% total gas,599.1,SYNTHETIC
2026-09-05 17:27:41,ACTIVE-01,1789,Girujan,14.12,18.85,102.3,11.35,kft-lbs,2363.0,755.0,9.59,9.74,0.169,% total gas,599.0,SYNTHETIC
2026-09-05 17:31:45,ACTIVE-01,1790,Girujan,14.74,18.6,96.2,11.12,kft-lbs,2440.0,751.0,9.61,9.78,0.168,% total gas,599.3,SYNTHETIC
2026-09-05 17:36:02,ACTIVE-01,1791,Girujan,14.05,18.84,98.5,10.7,kft-lbs,2388.0,749.0,9.59,9.75,0.238,% total gas,599.4,SYNTHETIC
2026-09-05 17:40:54,ACTIVE-01,1792,Girujan,12.32,19.1,98.0,11.33,kft-lbs,2435.0,751.0,9.58,9.73,0.256,% total gas,599.9,SYNTHETIC
2026-09-05 17:45:24,ACTIVE-01,1793,Girujan,13.32,18.56,100.7,10.78,kft-lbs,2336.0,761.0,9.61,9.76,0.192,% total gas,600.0,SYNTHETIC
2026-09-05 17:50:05,ACTIVE-01,1794,Girujan,12.8,18.24,102.4,10.3,kft-lbs,2416.0,743.0,9.6,9.75,0.218,% total gas,599.8,SYNTHETIC
2026-09-05 17:54:39,ACTIVE-01,1795,Girujan,13.15,18.4,102.5,10.58,kft-lbs,2400.0,748.0,9.59,9.74,0.219,% total gas,599.1,SYNTHETIC
2026-09-05 17:58:52,ACTIVE-01,1796,Girujan,14.22,16.68,96.8,10.26,kft-lbs,2403.0,747.0,9.61,9.75,0.246,% total gas,598.6,SYNTHETIC
2026-09-05 18:04:32,ACTIVE-01,1797,Girujan,10.6,18.59,102.8,10.04,kft-lbs,2356.0,743.0,9.61,9.74,0.259,% total gas,598.8,SYNTHETIC
2026-09-05 18:09:08,ACTIVE-01,1798,Girujan,13.04,17.05,91.3,10.84,kft-lbs,2448.0,740.0,9.6,9.73,0.173,% total gas,599.2,SYNTHETIC
2026-09-05 18:13:24,ACTIVE-01,1799,Girujan,14.05,20.06,98.1,10.06,kft-lbs,2428.0,749.0,9.59,9.74,0.161,% total gas,599.3,SYNTHETIC
2026-09-05 18:17:57,ACTIVE-01,1800,Girujan,13.2,18.45,99.5,10.29,kft-lbs,2500.0,754.0,9.62,9.77,0.204,% total gas,599.2,SYNTHETIC
2026-09-05 18:23:12,ACTIVE-01,1801,Girujan,11.41,18.52,98.8,10.94,kft-lbs,2350.0,747.0,9.57,9.73,0.188,% total gas,598.5,SYNTHETIC
2026-09-05 18:27:52,ACTIVE-01,1802,Girujan,12.87,18.71,101.6,10.37,kft-lbs,2331.0,756.0,9.6,9.74,0.151,% total gas,598.4,SYNTHETIC
2026-09-05 18:32:25,ACTIVE-01,1803,Girujan,13.18,18.55,100.4,10.14,kft-lbs,2480.0,760.0,9.62,9.78,0.135,% total gas,598.6,SYNTHETIC
2026-09-05 18:37:32,ACTIVE-01,1804,Girujan,11.75,17.35,97.6,11.86,kft-lbs,2409.0,742.0,9.59,9.74,0.426,% total gas,598.5,SYNTHETIC
2026-09-05 18:41:34,ACTIVE-01,1805,Girujan,14.82,16.56,100.2,11.18,kft-lbs,2451.0,756.0,9.59,9.76,0.172,% total gas,598.0,SYNTHETIC
2026-09-05 18:45:57,ACTIVE-01,1806,Girujan,13.7,19.36,101.8,10.58,kft-lbs,2383.0,745.0,9.57,9.71,0.14,% total gas,598.1,SYNTHETIC
2026-09-05 18:50:32,ACTIVE-01,1807,Girujan,13.1,19.08,101.2,11.88,kft-lbs,2370.0,743.0,9.65,9.79,0.221,% total gas,597.9,SYNTHETIC
2026-09-05 18:56:01,ACTIVE-01,1808,Girujan,10.96,18.92,98.5,11.28,kft-lbs,2362.0,755.0,9.62,9.77,0.145,% total gas,598.5,SYNTHETIC
2026-09-05 19:01:03,ACTIVE-01,1809,Girujan,11.9,17.21,97.4,11.05,kft-lbs,2384.0,752.0,9.63,9.79,0.255,% total gas,599.3,SYNTHETIC
2026-09-05 19:05:42,ACTIVE-01,1810,Girujan,12.9,18.55,97.9,10.83,kft-lbs,2360.0,745.0,9.59,9.74,0.153,% total gas,598.9,SYNTHETIC
2026-09-05 19:10:58,ACTIVE-01,1811,Girujan,11.4,17.98,100.0,11.0,kft-lbs,2391.0,744.0,9.58,9.73,0.214,% total gas,598.5,SYNTHETIC
2026-09-05 19:15:23,ACTIVE-01,1812,Girujan,13.6,18.25,99.6,10.81,kft-lbs,2464.0,752.0,9.6,9.75,0.239,% total gas,598.3,SYNTHETIC
2026-09-05 19:20:01,ACTIVE-01,1813,Girujan,12.93,19.1,98.6,10.22,kft-lbs,2478.0,749.0,9.62,9.76,0.216,% total gas,598.6,SYNTHETIC
2026-09-05 19:24:36,ACTIVE-01,1814,Girujan,13.11,20.41,97.0,12.25,kft-lbs,2422.0,749.0,9.59,9.76,0.23,% total gas,599.0,SYNTHETIC
2026-09-05 19:29:04,ACTIVE-01,1815,Girujan,13.43,18.17,98.6,10.5,kft-lbs,2317.0,748.0,9.54,9.68,0.161,% total gas,598.8,SYNTHETIC
2026-09-05 19:33:38,ACTIVE-01,1816,Girujan,13.13,16.4,101.9,10.72,kft-lbs,2448.0,743.0,9.57,9.7,0.376,% total gas,599.1,SYNTHETIC
2026-09-05 19:37:50,ACTIVE-01,1817,Girujan,14.3,18.12,97.0,11.31,kft-lbs,2319.0,745.0,9.6,9.74,0.177,% total gas,598.8,SYNTHETIC
2026-09-05 19:42:17,ACTIVE-01,1818,Girujan,13.44,19.79,101.8,10.6,kft-lbs,2334.0,741.0,9.6,9.75,0.217,% total gas,599.4,SYNTHETIC
2026-09-05 19:47:21,ACTIVE-01,1819,Girujan,11.85,18.97,101.6,10.54,kft-lbs,2461.0,742.0,9.6,9.74,0.304,% total gas,599.1,SYNTHETIC
2026-09-05 19:51:48,ACTIVE-01,1820,Girujan,13.5,18.03,101.1,10.53,kft-lbs,2482.0,753.0,9.6,9.75,0.148,% total gas,599.1,SYNTHETIC
2026-09-05 19:56:36,ACTIVE-01,1821,Girujan,12.52,17.27,100.8,8.94,kft-lbs,2405.0,747.0,9.59,9.76,0.184,% total gas,599.2,SYNTHETIC
2026-09-05 20:01:19,ACTIVE-01,1822,Girujan,12.68,18.35,94.4,11.06,kft-lbs,2412.0,751.0,9.59,9.74,0.138,% total gas,599.3,SYNTHETIC
2026-09-05 20:06:04,ACTIVE-01,1823,Girujan,12.66,18.59,99.3,9.91,kft-lbs,2420.0,756.0,9.6,9.75,0.211,% total gas,600.0,SYNTHETIC
2026-09-05 20:10:35,ACTIVE-01,1824,Girujan,13.29,17.86,100.7,11.06,kft-lbs,2382.0,746.0,9.59,9.74,0.197,% total gas,599.6,SYNTHETIC
2026-09-05 20:15:25,ACTIVE-01,1825,Girujan,12.4,17.96,98.6,11.66,kft-lbs,2416.0,748.0,9.61,9.77,0.127,% total gas,599.3,SYNTHETIC
2026-09-05 20:19:24,ACTIVE-01,1826,Girujan,15.04,17.75,98.8,10.43,kft-lbs,2481.0,756.0,9.58,9.72,0.171,% total gas,599.3,SYNTHETIC
2026-09-05 20:23:50,ACTIVE-01,1827,Girujan,13.57,18.95,98.2,11.65,kft-lbs,2349.0,765.0,9.61,9.79,0.199,% total gas,599.3,SYNTHETIC
2026-09-05 20:28:57,ACTIVE-01,1828,Girujan,11.73,18.63,100.6,10.65,kft-lbs,2428.0,757.0,9.63,9.77,0.162,% total gas,599.6,SYNTHETIC
2026-09-05 20:33:38,ACTIVE-01,1829,Girujan,12.81,18.23,99.7,10.89,kft-lbs,2364.0,738.0,9.58,9.73,0.189,% total gas,599.7,SYNTHETIC
2026-09-05 20:38:34,ACTIVE-01,1830,Girujan,12.13,16.82,105.2,10.86,kft-lbs,2386.0,761.0,9.58,9.74,0.116,% total gas,599.7,SYNTHETIC
2026-09-05 20:42:45,ACTIVE-01,1831,Girujan,14.37,20.84,95.3,10.98,kft-lbs,2436.0,748.0,9.6,9.73,0.196,% total gas,599.3,SYNTHETIC
2026-09-05 20:46:40,ACTIVE-01,1832,Girujan,15.29,18.56,101.6,11.72,kft-lbs,2431.0,759.0,9.6,9.74,0.168,% total gas,599.1,SYNTHETIC
2026-09-05 20:51:13,ACTIVE-01,1833,Girujan,13.21,18.55,96.6,11.37,kft-lbs,2459.0,740.0,9.58,9.73,0.157,% total gas,599.4,SYNTHETIC
2026-09-05 20:56:12,ACTIVE-01,1834,Girujan,12.02,18.43,98.9,11.37,kft-lbs,2378.0,756.0,9.67,9.83,0.128,% total gas,599.8,SYNTHETIC
2026-09-05 21:00:31,ACTIVE-01,1835,Girujan,13.91,18.93,107.8,10.95,kft-lbs,2450.0,752.0,9.6,9.76,0.23,% total gas,599.8,SYNTHETIC
2026-09-05 21:05:19,ACTIVE-01,1836,Girujan,12.5,17.64,105.5,11.29,kft-lbs,2414.0,750.0,9.62,9.78,0.135,% total gas,600.1,SYNTHETIC
2026-09-05 21:09:25,ACTIVE-01,1837,Girujan,14.64,16.97,98.4,10.66,kft-lbs,2517.0,759.0,9.63,9.78,0.295,% total gas,599.6,SYNTHETIC
2026-09-05 21:14:19,ACTIVE-01,1838,Girujan,12.23,17.4,98.8,11.18,kft-lbs,2479.0,741.0,9.59,9.73,0.182,% total gas,599.4,SYNTHETIC
2026-09-05 21:18:46,ACTIVE-01,1839,Girujan,13.52,18.48,104.4,10.66,kft-lbs,2410.0,764.0,9.59,9.75,0.185,% total gas,598.5,SYNTHETIC
2026-09-05 21:23:02,ACTIVE-01,1840,Girujan,14.03,18.25,100.8,10.51,kft-lbs,2444.0,755.0,9.58,9.73,0.299,% total gas,599.3,SYNTHETIC
2026-09-05 21:27:24,ACTIVE-01,1841,Girujan,13.73,16.71,99.2,10.57,kft-lbs,2320.0,756.0,9.6,9.76,0.258,% total gas,599.1,SYNTHETIC
2026-09-05 21:31:53,ACTIVE-01,1842,Girujan,13.41,17.54,94.9,10.48,kft-lbs,2419.0,747.0,9.59,9.75,0.155,% total gas,598.2,SYNTHETIC
2026-09-05 21:36:31,ACTIVE-01,1843,Girujan,12.93,17.95,100.9,11.35,kft-lbs,2405.0,748.0,9.64,9.8,0.212,% total gas,598.5,SYNTHETIC
2026-09-05 21:42:10,ACTIVE-01,1844,Girujan,10.62,18.37,98.5,11.95,kft-lbs,2402.0,751.0,9.56,9.71,0.144,% total gas,598.5,SYNTHETIC
2026-09-05 21:46:14,ACTIVE-01,1845,Girujan,14.77,16.95,102.8,10.73,kft-lbs,2417.0,740.0,9.59,9.74,0.196,% total gas,598.5,SYNTHETIC
2026-09-05 21:50:29,ACTIVE-01,1846,Girujan,14.12,16.91,99.3,10.84,kft-lbs,2447.0,739.0,9.59,9.75,0.21,% total gas,598.3,SYNTHETIC
2026-09-05 21:55:07,ACTIVE-01,1847,Girujan,12.97,15.61,97.0,10.52,kft-lbs,2433.0,744.0,9.62,9.78,0.19,% total gas,598.1,SYNTHETIC
2026-09-05 21:59:38,ACTIVE-01,1848,Girujan,13.27,16.39,100.1,10.7,kft-lbs,2480.0,753.0,9.62,9.78,0.217,% total gas,598.0,SYNTHETIC
2026-09-05 22:04:05,ACTIVE-01,1849,Girujan,13.48,19.79,97.7,9.8,kft-lbs,2385.0,756.0,9.6,9.76,0.188,% total gas,598.3,SYNTHETIC
2026-09-05 22:09:15,ACTIVE-01,1850,Girujan,11.62,19.62,98.0,10.89,kft-lbs,2469.0,755.0,9.6,9.76,0.229,% total gas,598.4,SYNTHETIC
2026-09-05 22:13:40,ACTIVE-01,1851,Girujan,13.56,16.16,97.9,11.06,kft-lbs,2458.0,757.0,9.6,9.75,0.244,% total gas,597.7,SYNTHETIC
2026-09-05 22:19:00,ACTIVE-01,1852,Girujan,11.26,18.57,96.5,12.06,kft-lbs,2464.0,750.0,9.57,9.72,0.239,% total gas,598.0,SYNTHETIC
2026-09-05 22:23:19,ACTIVE-01,1853,Girujan,13.9,16.42,99.0,10.74,kft-lbs,2442.0,750.0,9.64,9.79,0.25,% total gas,597.9,SYNTHETIC
2026-09-05 22:27:49,ACTIVE-01,1854,Girujan,13.34,17.39,102.1,10.57,kft-lbs,2488.0,747.0,9.62,9.77,0.185,% total gas,597.9,SYNTHETIC
2026-09-05 22:32:00,ACTIVE-01,1855,Girujan,14.35,18.21,102.6,10.98,kft-lbs,2488.0,755.0,9.65,9.82,0.266,% total gas,598.8,SYNTHETIC
2026-09-05 22:37:16,ACTIVE-01,1856,Girujan,11.37,16.75,96.6,10.92,kft-lbs,2438.0,758.0,9.59,9.76,0.233,% total gas,598.2,SYNTHETIC
2026-09-05 22:41:35,ACTIVE-01,1857,Girujan,13.93,18.31,104.1,11.41,kft-lbs,2459.0,755.0,9.6,9.76,0.291,% total gas,598.4,SYNTHETIC
2026-09-05 22:46:48,ACTIVE-01,1858,Girujan,11.48,19.39,100.2,10.65,kft-lbs,2443.0,750.0,9.6,9.75,0.158,% total gas,598.3,SYNTHETIC
2026-09-05 22:51:25,ACTIVE-01,1859,Girujan,13.0,16.89,100.5,9.96,kft-lbs,2464.0,734.0,9.6,9.76,0.22,% total gas,598.0,SYNTHETIC
2026-09-05 22:55:35,ACTIVE-01,1860,Girujan,14.44,19.8,97.4,10.89,kft-lbs,2437.0,742.0,9.61,9.78,0.263,% total gas,597.5,SYNTHETIC
2026-09-05 22:59:43,ACTIVE-01,1861,Girujan,14.49,16.6,103.0,10.02,kft-lbs,2455.0,748.0,9.59,9.73,0.154,% total gas,597.7,SYNTHETIC
2026-09-05 23:04:07,ACTIVE-01,1862,Girujan,13.64,18.49,103.2,11.13,kft-lbs,2492.0,762.0,9.6,9.75,0.178,% total gas,597.7,SYNTHETIC
2026-09-05 23:08:43,ACTIVE-01,1863,Girujan,13.02,16.81,98.8,11.94,kft-lbs,2404.0,752.0,9.58,9.72,0.273,% total gas,597.7,SYNTHETIC
2026-09-05 23:13:04,ACTIVE-01,1864,Girujan,13.81,19.0,96.5,10.65,kft-lbs,2409.0,756.0,9.64,9.8,0.168,% total gas,597.5,SYNTHETIC
2026-09-05 23:17:32,ACTIVE-01,1865,Girujan,13.46,18.78,99.5,9.82,kft-lbs,2401.0,741.0,9.62,9.78,0.186,% total gas,597.5,SYNTHETIC
2026-09-05 23:22:45,ACTIVE-01,1866,Girujan,11.49,18.05,100.4,10.92,kft-lbs,2424.0,754.0,9.62,9.78,0.41,% total gas,597.5,SYNTHETIC
2026-09-05 23:27:05,ACTIVE-01,1867,Girujan,13.83,19.73,97.3,10.82,kft-lbs,2440.0,740.0,9.56,9.71,0.201,% total gas,597.2,SYNTHETIC
2026-09-05 23:31:49,ACTIVE-01,1868,Girujan,12.7,17.53,103.0,10.36,kft-lbs,2424.0,748.0,9.61,9.77,0.155,% total gas,597.3,SYNTHETIC
2026-09-05 23:36:24,ACTIVE-01,1869,Girujan,13.06,17.11,99.8,10.52,kft-lbs,2472.0,751.0,9.59,9.75,0.246,% total gas,597.0,SYNTHETIC
2026-09-05 23:41:59,ACTIVE-01,1870,Girujan,10.75,17.14,100.6,11.1,kft-lbs,2422.0,742.0,9.62,9.78,0.165,% total gas,597.3,SYNTHETIC
2026-09-05 23:46:20,ACTIVE-01,1871,Girujan,13.81,18.79,101.6,10.78,kft-lbs,2350.0,749.0,9.57,9.72,0.217,% total gas,597.4,SYNTHETIC
2026-09-05 23:50:53,ACTIVE-01,1872,Girujan,13.16,18.69,98.9,10.9,kft-lbs,2452.0,746.0,9.62,9.76,0.144,% total gas,598.0,SYNTHETIC
2026-09-05 23:55:14,ACTIVE-01,1873,Girujan,13.84,17.14,99.4,10.69,kft-lbs,2393.0,748.0,9.6,9.74,0.251,% total gas,598.7,SYNTHETIC
2026-09-05 23:59:18,ACTIVE-01,1874,Girujan,14.71,17.25,96.0,11.63,kft-lbs,2397.0,738.0,9.59,9.72,0.279,% total gas,598.1,SYNTHETIC
2026-09-06 00:04:07,ACTIVE-01,1875,Girujan,12.47,17.58,91.9,10.5,kft-lbs,2395.0,741.0,9.58,9.72,0.206,% total gas,598.1,SYNTHETIC
2026-09-06 00:08:12,ACTIVE-01,1876,Girujan,14.7,18.36,100.6,10.94,kft-lbs,2464.0,750.0,9.59,9.74,0.177,% total gas,598.4,SYNTHETIC
2026-09-06 00:13:00,ACTIVE-01,1877,Girujan,12.51,16.25,99.0,11.6,kft-lbs,2467.0,748.0,9.59,9.75,0.206,% total gas,598.5,SYNTHETIC
2026-09-06 00:17:15,ACTIVE-01,1878,Girujan,14.11,17.4,95.2,10.83,kft-lbs,2378.0,758.0,9.6,9.75,0.247,% total gas,598.2,SYNTHETIC
2026-09-06 00:22:04,ACTIVE-01,1879,Girujan,12.44,17.64,98.4,11.06,kft-lbs,2448.0,757.0,9.59,9.74,0.181,% total gas,597.5,SYNTHETIC
2026-09-06 00:25:27,ACTIVE-01,1880,Tipam,17.78,17.72,112.4,11.51,kft-lbs,2421.0,753.0,9.63,9.8,0.637,% total gas,597.7,SYNTHETIC
2026-09-06 00:28:42,ACTIVE-01,1881,Tipam,18.41,15.72,108.7,12.71,kft-lbs,2443.0,757.0,9.63,9.8,0.498,% total gas,597.1,SYNTHETIC
2026-09-06 00:31:58,ACTIVE-01,1882,Tipam,18.42,15.6,111.4,12.19,kft-lbs,2397.0,744.0,9.59,9.75,0.337,% total gas,597.0,SYNTHETIC
2026-09-06 00:35:02,ACTIVE-01,1883,Tipam,19.49,17.52,105.9,11.74,kft-lbs,2441.0,739.0,9.62,9.79,0.56,% total gas,597.1,SYNTHETIC
2026-09-06 00:38:14,ACTIVE-01,1884,Tipam,18.78,16.41,116.0,10.94,kft-lbs,2491.0,749.0,9.63,9.79,0.69,% total gas,597.4,SYNTHETIC
2026-09-06 00:41:12,ACTIVE-01,1885,Tipam,20.25,15.57,107.6,11.94,kft-lbs,2397.0,761.0,9.59,9.76,0.46,% total gas,598.1,SYNTHETIC
2026-09-06 00:44:09,ACTIVE-01,1886,Tipam,20.34,16.64,109.3,12.44,kft-lbs,2355.0,761.0,9.57,9.75,0.376,% total gas,598.3,SYNTHETIC
2026-09-06 00:47:06,ACTIVE-01,1887,Tipam,20.31,15.85,110.3,12.48,kft-lbs,2481.0,753.0,9.58,9.75,0.282,% total gas,599.1,SYNTHETIC
2026-09-06 00:50:27,ACTIVE-01,1888,Tipam,17.92,16.52,110.7,12.13,kft-lbs,2528.0,750.0,9.61,9.76,0.486,% total gas,598.7,SYNTHETIC
2026-09-06 00:53:32,ACTIVE-01,1889,Tipam,19.41,16.31,106.6,11.18,kft-lbs,2400.0,736.0,9.58,9.73,0.624,% total gas,598.3,SYNTHETIC
2026-09-06 00:57:13,ACTIVE-01,1890,Tipam,16.3,16.1,112.2,12.0,kft-lbs,2423.0,747.0,9.62,9.78,0.363,% total gas,598.4,SYNTHETIC
2026-09-06 01:00:07,ACTIVE-01,1891,Tipam,20.68,15.28,108.9,12.11,kft-lbs,2397.0,750.0,9.54,9.7,0.537,% total gas,598.3,SYNTHETIC
2026-09-06 01:03:32,ACTIVE-01,1892,Tipam,17.63,16.39,110.2,11.77,kft-lbs,2487.0,753.0,9.55,9.72,0.394,% total gas,598.0,SYNTHETIC
2026-09-06 01:06:31,ACTIVE-01,1893,Tipam,20.04,15.82,108.0,11.42,kft-lbs,2477.0,747.0,9.61,9.75,0.423,% total gas,598.8,SYNTHETIC
2026-09-06 01:09:42,ACTIVE-01,1894,Tipam,18.84,16.78,105.3,11.5,kft-lbs,2465.0,743.0,9.64,9.79,0.365,% total gas,598.6,SYNTHETIC
2026-09-06 01:12:58,ACTIVE-01,1895,Tipam,18.44,16.6,110.0,11.54,kft-lbs,2444.0,753.0,9.6,9.77,0.663,% total gas,598.6,SYNTHETIC
2026-09-06 01:15:57,ACTIVE-01,1896,Tipam,20.03,14.77,108.6,12.55,kft-lbs,2508.0,750.0,9.62,9.77,0.241,% total gas,598.7,SYNTHETIC
2026-09-06 01:19:31,ACTIVE-01,1897,Tipam,16.85,15.94,109.1,12.43,kft-lbs,2485.0,762.0,9.56,9.73,0.403,% total gas,598.5,SYNTHETIC
2026-09-06 01:22:21,ACTIVE-01,1898,Tipam,21.22,15.69,113.3,12.0,kft-lbs,2371.0,747.0,9.6,9.77,0.403,% total gas,598.9,SYNTHETIC
2026-09-06 01:25:21,ACTIVE-01,1899,Tipam,19.92,16.79,110.2,11.13,kft-lbs,2437.0,757.0,9.6,9.76,0.37,% total gas,598.9,SYNTHETIC
2026-09-06 01:28:15,ACTIVE-01,1900,Tipam,20.75,16.17,108.8,12.8,kft-lbs,2459.0,750.0,9.56,9.71,0.399,% total gas,598.9,SYNTHETIC
2026-09-06 01:31:34,ACTIVE-01,1901,Tipam,18.07,16.42,116.9,11.62,kft-lbs,2525.0,751.0,9.62,9.76,0.447,% total gas,598.5,SYNTHETIC
2026-09-06 01:34:25,ACTIVE-01,1902,Tipam,21.01,15.14,107.1,12.8,kft-lbs,2447.0,747.0,9.61,9.76,0.398,% total gas,598.7,SYNTHETIC
2026-09-06 01:37:32,ACTIVE-01,1903,Tipam,19.33,16.63,106.4,13.2,kft-lbs,2451.0,751.0,9.61,9.77,0.406,% total gas,598.0,SYNTHETIC
2026-09-06 01:40:56,ACTIVE-01,1904,Tipam,17.61,15.31,106.0,12.32,kft-lbs,2429.0,767.0,9.58,9.76,0.552,% total gas,598.1,SYNTHETIC
2026-09-06 01:44:45,ACTIVE-01,1905,Tipam,15.73,16.51,107.9,10.91,kft-lbs,2486.0,751.0,9.63,9.78,0.544,% total gas,599.3,SYNTHETIC
2026-09-06 01:48:00,ACTIVE-01,1906,Tipam,18.43,16.84,113.1,11.6,kft-lbs,2387.0,744.0,9.61,9.77,0.372,% total gas,599.2,SYNTHETIC
2026-09-06 01:51:08,ACTIVE-01,1907,Tipam,19.2,17.16,113.8,12.0,kft-lbs,2427.0,751.0,9.59,9.74,0.379,% total gas,598.9,SYNTHETIC
2026-09-06 01:54:34,ACTIVE-01,1908,Tipam,17.41,15.39,110.5,11.63,kft-lbs,2396.0,749.0,9.58,9.74,0.452,% total gas,599.5,SYNTHETIC
2026-09-06 01:57:38,ACTIVE-01,1909,Tipam,19.61,16.44,110.8,11.22,kft-lbs,2359.0,739.0,9.61,9.77,0.223,% total gas,599.5,SYNTHETIC
2026-09-06 02:01:00,ACTIVE-01,1910,Tipam,17.87,15.16,112.6,11.94,kft-lbs,2401.0,748.0,9.61,9.79,0.527,% total gas,599.6,SYNTHETIC
2026-09-06 02:04:14,ACTIVE-01,1911,Tipam,18.51,15.62,108.2,11.37,kft-lbs,2514.0,740.0,9.62,9.77,0.341,% total gas,599.4,SYNTHETIC
2026-09-06 02:07:32,ACTIVE-01,1912,Tipam,18.15,16.17,114.3,11.83,kft-lbs,2459.0,758.0,9.59,9.76,0.456,% total gas,599.6,SYNTHETIC
2026-09-06 02:10:40,ACTIVE-01,1913,Tipam,19.23,16.79,110.0,12.52,kft-lbs,2584.0,744.0,9.59,9.74,0.499,% total gas,599.4,SYNTHETIC
2026-09-06 02:14:24,ACTIVE-01,1914,Tipam,16.04,15.63,114.7,11.41,kft-lbs,2465.0,747.0,9.62,9.79,0.358,% total gas,599.9,SYNTHETIC
2026-09-06 02:17:38,ACTIVE-01,1915,Tipam,18.6,14.82,111.2,11.85,kft-lbs,2467.0,753.0,9.63,9.79,0.463,% total gas,599.7,SYNTHETIC
2026-09-06 02:20:24,ACTIVE-01,1916,Tipam,21.61,15.87,106.2,12.47,kft-lbs,2486.0,759.0,9.61,9.76,0.488,% total gas,599.9,SYNTHETIC
2026-09-06 02:23:16,ACTIVE-01,1917,Tipam,20.91,15.51,112.5,11.88,kft-lbs,2427.0,758.0,9.59,9.77,0.426,% total gas,599.7,SYNTHETIC
2026-09-06 02:26:37,ACTIVE-01,1918,Tipam,17.95,15.59,110.0,12.09,kft-lbs,2435.0,753.0,9.59,9.76,0.335,% total gas,599.4,SYNTHETIC
2026-09-06 02:29:39,ACTIVE-01,1919,Tipam,19.76,15.96,108.9,12.98,kft-lbs,2424.0,751.0,9.59,9.74,0.301,% total gas,599.0,SYNTHETIC
2026-09-06 02:32:44,ACTIVE-01,1920,Tipam,19.49,15.95,109.1,11.32,kft-lbs,2469.0,761.0,9.56,9.73,0.271,% total gas,599.0,SYNTHETIC
2026-09-06 02:35:47,ACTIVE-01,1921,Tipam,19.61,17.59,112.8,11.45,kft-lbs,2419.0,745.0,9.62,9.77,0.597,% total gas,598.8,SYNTHETIC
2026-09-06 02:38:51,ACTIVE-01,1922,Tipam,19.65,16.3,111.1,12.58,kft-lbs,2502.0,761.0,9.54,9.73,0.355,% total gas,598.9,SYNTHETIC
2026-09-06 02:42:38,ACTIVE-01,1923,Tipam,15.86,15.58,106.0,12.06,kft-lbs,2473.0,758.0,9.59,9.74,0.241,% total gas,598.9,SYNTHETIC
2026-09-06 02:45:47,ACTIVE-01,1924,Tipam,19.01,16.64,110.9,11.86,kft-lbs,2490.0,757.0,9.6,9.79,0.264,% total gas,599.1,SYNTHETIC
2026-09-06 02:48:53,ACTIVE-01,1925,Tipam,19.39,15.02,108.1,11.69,kft-lbs,2329.0,743.0,9.57,9.73,0.69,% total gas,599.8,SYNTHETIC
2026-09-06 02:51:50,ACTIVE-01,1926,Tipam,20.33,15.48,112.3,11.11,kft-lbs,2490.0,751.0,9.6,9.76,0.346,% total gas,600.0,SYNTHETIC
2026-09-06 02:54:46,ACTIVE-01,1927,Tipam,20.4,16.31,113.8,12.31,kft-lbs,2498.0,760.0,9.65,9.8,0.369,% total gas,600.0,SYNTHETIC
2026-09-06 02:58:01,ACTIVE-01,1928,Tipam,18.5,17.19,105.2,11.86,kft-lbs,2433.0,753.0,9.61,9.77,0.557,% total gas,600.2,SYNTHETIC
2026-09-06 03:01:01,ACTIVE-01,1929,Tipam,19.96,16.26,108.4,11.73,kft-lbs,2537.0,751.0,9.57,9.71,0.377,% total gas,600.2,SYNTHETIC
2026-09-06 03:04:32,ACTIVE-01,1930,Tipam,17.06,16.49,110.0,11.96,kft-lbs,2478.0,759.0,9.59,9.75,0.302,% total gas,600.8,SYNTHETIC
2026-09-06 03:07:45,ACTIVE-01,1931,Tipam,18.63,16.45,113.1,12.0,kft-lbs,2508.0,746.0,9.64,9.8,0.458,% total gas,599.8,SYNTHETIC
2026-09-06 03:10:30,ACTIVE-01,1932,Tipam,21.84,15.1,109.7,10.89,kft-lbs,2355.0,748.0,9.55,9.72,0.475,% total gas,599.5,SYNTHETIC
2026-09-06 03:13:41,ACTIVE-01,1933,Tipam,18.84,16.42,110.5,11.01,kft-lbs,2461.0,761.0,9.6,9.77,0.448,% total gas,599.2,SYNTHETIC
2026-09-06 03:17:01,ACTIVE-01,1934,Tipam,17.99,16.51,108.5,11.93,kft-lbs,2380.0,755.0,9.59,9.77,0.284,% total gas,599.6,SYNTHETIC
2026-09-06 03:20:06,ACTIVE-01,1935,Tipam,19.52,16.61,111.7,12.81,kft-lbs,2403.0,745.0,9.58,9.73,0.445,% total gas,599.9,SYNTHETIC
2026-09-06 03:23:19,ACTIVE-01,1936,Tipam,18.66,15.6,108.8,11.83,kft-lbs,2458.0,746.0,9.61,9.76,0.332,% total gas,599.2,SYNTHETIC
2026-09-06 03:26:25,ACTIVE-01,1937,Tipam,19.31,15.89,112.7,11.72,kft-lbs,2505.0,747.0,9.58,9.74,0.382,% total gas,599.4,SYNTHETIC
2026-09-06 03:29:22,ACTIVE-01,1938,Tipam,20.36,15.49,110.5,12.83,kft-lbs,2403.0,755.0,9.63,9.79,0.356,% total gas,599.9,SYNTHETIC
2026-09-06 03:32:28,ACTIVE-01,1939,Tipam,19.36,16.72,106.0,11.89,kft-lbs,2466.0,743.0,9.62,9.76,0.469,% total gas,600.6,SYNTHETIC
2026-09-06 03:35:54,ACTIVE-01,1940,Tipam,17.45,14.6,110.9,11.57,kft-lbs,1788.0,631.0,9.63,9.74,0.242,% total gas,598.4,SYNTHETIC
2026-09-06 03:39:12,ACTIVE-01,1941,Tipam,18.17,16.85,111.3,11.01,kft-lbs,1750.0,635.0,9.58,9.69,0.63,% total gas,596.4,SYNTHETIC
2026-09-06 03:42:19,ACTIVE-01,1942,Tipam,19.32,14.79,107.5,11.96,kft-lbs,1776.0,635.0,9.62,9.72,0.447,% total gas,594.1,SYNTHETIC
2026-09-06 03:45:20,ACTIVE-01,1943,Tipam,19.84,15.08,115.1,11.62,kft-lbs,1811.0,628.0,9.63,9.76,0.284,% total gas,592.1,SYNTHETIC
2026-09-06 03:48:31,ACTIVE-01,1944,Tipam,18.9,15.36,109.8,11.23,kft-lbs,1786.0,639.0,9.56,9.68,0.343,% total gas,589.1,SYNTHETIC
2026-09-06 03:51:51,ACTIVE-01,1945,Tipam,17.99,16.0,109.5,11.67,kft-lbs,1871.0,636.0,9.59,9.71,0.356,% total gas,587.6,SYNTHETIC
2026-09-06 03:55:32,ACTIVE-01,1946,Tipam,16.29,17.09,110.2,11.46,kft-lbs,1813.0,650.0,9.61,9.73,0.427,% total gas,585.0,SYNTHETIC
2026-09-06 03:58:56,ACTIVE-01,1947,Tipam,17.63,15.99,104.8,12.67,kft-lbs,1774.0,630.0,9.54,9.66,0.27,% total gas,583.2,SYNTHETIC
2026-09-06 04:02:20,ACTIVE-01,1948,Tipam,17.62,16.45,121.6,10.27,kft-lbs,1829.0,641.0,9.63,9.75,0.326,% total gas,581.0,SYNTHETIC
2026-09-06 04:05:33,ACTIVE-01,1949,Tipam,18.65,16.55,113.3,11.7,kft-lbs,1869.0,644.0,9.58,9.71,0.447,% total gas,579.0,SYNTHETIC
2026-09-06 04:08:48,ACTIVE-01,1950,Tipam,18.46,15.72,104.2,11.89,kft-lbs,1806.0,637.0,9.59,9.72,0.326,% total gas,577.3,SYNTHETIC
2026-09-06 04:12:17,ACTIVE-01,1951,Tipam,17.26,16.42,112.1,11.76,kft-lbs,1831.0,627.0,9.62,9.72,0.321,% total gas,574.5,SYNTHETIC
2026-09-06 04:15:29,ACTIVE-01,1952,Tipam,18.77,17.18,112.6,12.04,kft-lbs,1733.0,636.0,9.61,9.74,0.228,% total gas,573.5,SYNTHETIC
2026-09-06 04:18:38,ACTIVE-01,1953,Tipam,19.03,16.78,114.4,11.88,kft-lbs,1797.0,626.0,9.62,9.74,0.349,% total gas,571.8,SYNTHETIC
2026-09-06 04:21:48,ACTIVE-01,1954,Tipam,18.97,16.18,114.3,12.25,kft-lbs,1781.0,633.0,9.6,9.7,0.517,% total gas,570.0,SYNTHETIC
2026-09-06 04:25:17,ACTIVE-01,1955,Tipam,17.18,16.19,101.4,11.92,kft-lbs,1761.0,635.0,9.6,9.74,0.404,% total gas,567.6,SYNTHETIC
2026-09-06 04:28:35,ACTIVE-01,1956,Tipam,18.16,15.73,107.0,11.77,kft-lbs,2363.0,760.0,9.6,9.76,0.323,% total gas,568.0,SYNTHETIC
2026-09-06 04:31:47,ACTIVE-01,1957,Tipam,18.75,14.71,112.6,11.28,kft-lbs,2460.0,761.0,9.6,9.77,0.451,% total gas,568.9,SYNTHETIC
2026-09-06 04:34:59,ACTIVE-01,1958,Tipam,18.81,16.52,109.5,12.11,kft-lbs,2541.0,747.0,9.6,9.77,0.243,% total gas,569.5,SYNTHETIC
2026-09-06 04:38:14,ACTIVE-01,1959,Tipam,18.41,16.0,110.1,12.23,kft-lbs,2516.0,751.0,9.59,9.77,0.336,% total gas,570.2,SYNTHETIC
2026-09-06 04:41:34,ACTIVE-01,1960,Tipam,18.03,15.49,116.0,13.19,kft-lbs,2459.0,759.0,9.63,9.8,0.29,% total gas,570.7,SYNTHETIC
2026-09-06 04:44:46,ACTIVE-01,1961,Tipam,18.74,15.9,116.4,10.98,kft-lbs,2494.0,764.0,9.59,9.76,0.439,% total gas,570.7,SYNTHETIC
2026-09-06 04:47:38,ACTIVE-01,1962,Tipam,20.9,16.9,112.8,12.38,kft-lbs,2534.0,750.0,9.59,9.75,0.426,% total gas,571.4,SYNTHETIC
2026-09-06 04:51:07,ACTIVE-01,1963,Tipam,17.27,16.57,115.2,10.77,kft-lbs,2465.0,751.0,9.57,9.74,0.63,% total gas,571.4,SYNTHETIC
2026-09-06 04:54:42,ACTIVE-01,1964,Tipam,16.73,14.27,107.4,12.55,kft-lbs,2482.0,753.0,9.61,9.77,0.544,% total gas,572.2,SYNTHETIC
2026-09-06 04:57:55,ACTIVE-01,1965,Tipam,18.6,15.78,105.8,11.49,kft-lbs,2459.0,739.0,9.6,9.77,0.34,% total gas,571.7,SYNTHETIC
2026-09-06 05:01:29,ACTIVE-01,1966,Tipam,16.87,15.56,111.5,11.61,kft-lbs,2551.0,738.0,9.6,9.76,0.531,% total gas,571.6,SYNTHETIC
2026-09-06 05:04:55,ACTIVE-01,1967,Tipam,17.5,15.35,107.6,12.18,kft-lbs,2419.0,752.0,9.59,9.76,0.341,% total gas,572.5,SYNTHETIC
2026-09-06 05:08:49,ACTIVE-01,1968,Tipam,15.39,15.12,114.6,12.43,kft-lbs,2490.0,746.0,9.57,9.73,0.482,% total gas,573.1,SYNTHETIC
2026-09-06 05:11:43,ACTIVE-01,1969,Tipam,20.6,15.22,104.8,11.49,kft-lbs,2524.0,757.0,9.59,9.75,0.507,% total gas,574.2,SYNTHETIC
2026-09-06 05:14:36,ACTIVE-01,1970,Tipam,20.82,16.82,111.2,12.27,kft-lbs,2456.0,755.0,9.62,9.8,0.317,% total gas,575.1,SYNTHETIC
2026-09-06 05:17:56,ACTIVE-01,1971,Tipam,18.01,13.94,111.0,12.34,kft-lbs,2392.0,749.0,9.6,9.78,0.602,% total gas,576.0,SYNTHETIC
2026-09-06 05:21:33,ACTIVE-01,1972,Tipam,16.62,14.53,107.4,11.37,kft-lbs,2515.0,744.0,9.6,9.77,0.626,% total gas,576.6,SYNTHETIC
2026-09-06 05:24:30,ACTIVE-01,1973,Tipam,20.31,15.77,98.7,11.73,kft-lbs,2488.0,743.0,9.59,9.74,0.74,% total gas,577.1,SYNTHETIC
2026-09-06 05:27:18,ACTIVE-01,1974,Tipam,21.39,15.51,104.3,12.86,kft-lbs,2448.0,759.0,9.61,9.77,0.288,% total gas,577.3,SYNTHETIC
2026-09-06 05:30:50,ACTIVE-01,1975,Tipam,17.01,17.13,107.2,11.69,kft-lbs,2440.0,750.0,9.6,9.77,0.326,% total gas,577.0,SYNTHETIC
2026-09-06 05:34:35,ACTIVE-01,1976,Tipam,15.99,14.54,106.8,12.19,kft-lbs,2429.0,770.0,9.61,9.8,0.31,% total gas,576.8,SYNTHETIC
2026-09-06 05:38:07,ACTIVE-01,1977,Tipam,16.96,16.59,106.0,11.86,kft-lbs,2506.0,754.0,9.6,9.77,0.359,% total gas,576.5,SYNTHETIC
2026-09-06 05:41:01,ACTIVE-01,1978,Tipam,20.69,16.23,110.6,11.72,kft-lbs,2558.0,759.0,9.64,9.81,0.237,% total gas,577.0,SYNTHETIC
2026-09-06 05:44:15,ACTIVE-01,1979,Tipam,18.56,16.18,118.7,12.51,kft-lbs,2534.0,753.0,9.59,9.76,0.455,% total gas,577.4,SYNTHETIC
2026-09-06 05:47:30,ACTIVE-01,1980,Tipam,18.49,14.82,111.8,12.54,kft-lbs,2452.0,740.0,9.61,9.76,0.519,% total gas,578.5,SYNTHETIC
2026-09-06 05:50:29,ACTIVE-01,1981,Tipam,20.09,16.49,109.3,12.27,kft-lbs,2513.0,771.0,9.6,9.77,0.455,% total gas,578.9,SYNTHETIC
2026-09-06 05:53:27,ACTIVE-01,1982,Tipam,20.26,16.32,108.6,12.27,kft-lbs,2515.0,752.0,9.61,9.8,0.41,% total gas,579.6,SYNTHETIC
2026-09-06 05:56:36,ACTIVE-01,1983,Tipam,19.0,16.68,113.2,10.98,kft-lbs,2453.0,763.0,9.59,9.78,0.297,% total gas,579.7,SYNTHETIC
2026-09-06 05:59:44,ACTIVE-01,1984,Tipam,19.14,16.81,103.8,12.49,kft-lbs,2384.0,753.0,9.61,9.77,0.273,% total gas,580.6,SYNTHETIC
2026-09-06 06:02:35,ACTIVE-01,1985,Tipam,21.08,17.84,106.5,12.18,kft-lbs,2467.0,761.0,9.59,9.75,0.322,% total gas,580.6,SYNTHETIC
2026-09-06 06:06:18,ACTIVE-01,1986,Tipam,16.16,14.61,108.4,12.22,kft-lbs,2437.0,758.0,9.6,9.77,0.483,% total gas,581.5,SYNTHETIC
2026-09-06 06:09:26,ACTIVE-01,1987,Tipam,19.18,16.92,111.8,11.8,kft-lbs,2498.0,764.0,9.58,9.74,0.539,% total gas,582.1,SYNTHETIC
2026-09-06 06:12:28,ACTIVE-01,1988,Tipam,19.79,14.46,108.6,11.45,kft-lbs,2478.0,756.0,9.6,9.77,0.275,% total gas,582.4,SYNTHETIC
2026-09-06 06:15:14,ACTIVE-01,1989,Tipam,21.67,15.19,114.8,12.56,kft-lbs,2581.0,758.0,9.62,9.77,0.417,% total gas,582.5,SYNTHETIC
2026-09-06 06:18:30,ACTIVE-01,1990,Tipam,18.35,16.34,109.7,12.48,kft-lbs,2463.0,760.0,9.6,9.78,0.433,% total gas,583.6,SYNTHETIC
2026-09-06 06:21:29,ACTIVE-01,1991,Tipam,20.06,16.07,110.2,11.48,kft-lbs,2479.0,752.0,9.57,9.73,0.282,% total gas,584.2,SYNTHETIC
2026-09-06 06:25:07,ACTIVE-01,1992,Tipam,16.52,15.63,110.9,12.24,kft-lbs,2424.0,765.0,9.6,9.79,0.308,% total gas,583.7,SYNTHETIC
2026-09-06 06:28:04,ACTIVE-01,1993,Tipam,20.35,15.28,109.9,11.32,kft-lbs,2448.0,746.0,9.6,9.78,0.333,% total gas,584.0,SYNTHETIC
2026-09-06 06:31:15,ACTIVE-01,1994,Tipam,18.84,16.39,109.2,11.77,kft-lbs,2423.0,750.0,9.61,9.79,0.525,% total gas,584.2,SYNTHETIC
2026-09-06 06:34:39,ACTIVE-01,1995,Tipam,17.65,16.81,117.4,12.61,kft-lbs,2483.0,744.0,9.56,9.73,0.442,% total gas,583.9,SYNTHETIC
2026-09-06 06:37:24,ACTIVE-01,1996,Tipam,21.81,14.5,111.4,12.22,kft-lbs,2524.0,753.0,9.62,9.79,0.248,% total gas,585.4,SYNTHETIC
2026-09-06 06:40:19,ACTIVE-01,1997,Tipam,20.55,16.26,110.1,11.96,kft-lbs,2518.0,750.0,9.62,9.78,0.326,% total gas,585.4,SYNTHETIC
2026-09-06 06:43:24,ACTIVE-01,1998,Tipam,19.55,15.65,103.2,11.14,kft-lbs,2531.0,744.0,9.6,9.74,0.717,% total gas,584.7,SYNTHETIC
2026-09-06 06:46:20,ACTIVE-01,1999,Tipam,20.43,16.04,108.9,12.13,kft-lbs,2477.0,751.0,9.64,9.81,0.329,% total gas,584.5,SYNTHETIC
2026-09-06 06:50:08,ACTIVE-01,2000,Tipam,15.78,16.99,118.6,12.13,kft-lbs,2464.0,740.0,9.61,9.79,0.379,% total gas,585.0,SYNTHETIC
2026-09-06 06:54:03,ACTIVE-01,2001,Tipam,15.33,16.4,117.0,11.8,kft-lbs,2543.0,749.0,9.62,9.79,0.396,% total gas,584.7,SYNTHETIC
2026-09-06 06:57:38,ACTIVE-01,2002,Tipam,16.71,14.88,112.8,13.29,kft-lbs,2450.0,747.0,9.6,9.76,0.33,% total gas,585.0,SYNTHETIC
2026-09-06 07:01:01,ACTIVE-01,2003,Tipam,17.73,15.6,106.6,12.18,kft-lbs,2520.0,746.0,9.59,9.75,0.331,% total gas,584.9,SYNTHETIC
2026-09-06 07:04:14,ACTIVE-01,2004,Tipam,18.71,14.73,107.0,10.97,kft-lbs,2616.0,731.0,9.61,9.76,0.485,% total gas,585.8,SYNTHETIC
2026-09-06 07:07:28,ACTIVE-01,2005,Tipam,18.49,15.36,112.4,11.13,kft-lbs,2517.0,742.0,9.6,9.75,0.265,% total gas,586.1,SYNTHETIC
2026-09-06 07:10:34,ACTIVE-01,2006,Tipam,19.37,15.42,106.5,11.41,kft-lbs,2496.0,753.0,9.63,9.79,0.404,% total gas,586.0,SYNTHETIC
2026-09-06 07:13:53,ACTIVE-01,2007,Tipam,18.15,15.38,117.2,11.26,kft-lbs,2538.0,736.0,9.6,9.76,0.423,% total gas,586.3,SYNTHETIC
2026-09-06 07:17:44,ACTIVE-01,2008,Tipam,15.53,16.22,109.4,11.04,kft-lbs,2522.0,737.0,9.59,9.75,0.333,% total gas,586.2,SYNTHETIC
2026-09-06 07:21:02,ACTIVE-01,2009,Tipam,18.24,15.54,110.7,12.75,kft-lbs,2518.0,740.0,9.62,9.77,0.388,% total gas,585.9,SYNTHETIC
2026-09-06 07:24:25,ACTIVE-01,2010,Tipam,17.69,16.36,110.6,12.43,kft-lbs,2436.0,751.0,9.62,9.78,0.353,% total gas,586.0,SYNTHETIC
2026-09-06 07:27:37,ACTIVE-01,2011,Tipam,18.75,16.7,111.3,11.25,kft-lbs,2483.0,744.0,9.62,9.8,0.366,% total gas,586.7,SYNTHETIC
2026-09-06 07:31:24,ACTIVE-01,2012,Tipam,15.87,14.91,110.7,12.55,kft-lbs,2450.0,738.0,9.59,9.76,0.48,% total gas,587.1,SYNTHETIC
2026-09-06 07:34:41,ACTIVE-01,2013,Tipam,18.24,16.18,115.7,12.32,kft-lbs,2513.0,737.0,9.6,9.75,0.411,% total gas,586.7,SYNTHETIC
2026-09-06 07:38:16,ACTIVE-01,2014,Tipam,16.79,15.17,112.3,11.82,kft-lbs,2536.0,747.0,9.57,9.74,0.545,% total gas,586.4,SYNTHETIC
2026-09-06 07:41:43,ACTIVE-01,2015,Tipam,17.36,14.83,107.0,12.67,kft-lbs,2440.0,754.0,9.6,9.78,0.368,% total gas,586.7,SYNTHETIC
2026-09-06 07:44:54,ACTIVE-01,2016,Tipam,18.91,15.2,106.7,11.0,kft-lbs,2446.0,757.0,9.63,9.81,0.52,% total gas,586.8,SYNTHETIC
2026-09-06 07:48:05,ACTIVE-01,2017,Tipam,18.8,16.23,112.2,11.61,kft-lbs,2526.0,746.0,9.57,9.75,0.391,% total gas,586.9,SYNTHETIC
2026-09-06 07:51:10,ACTIVE-01,2018,Tipam,19.46,16.29,110.7,10.89,kft-lbs,2490.0,758.0,9.58,9.74,0.556,% total gas,587.3,SYNTHETIC
2026-09-06 07:54:08,ACTIVE-01,2019,Tipam,20.26,14.92,111.7,12.34,kft-lbs,2524.0,746.0,9.61,9.77,0.345,% total gas,587.5,SYNTHETIC
2026-09-06 07:57:36,ACTIVE-01,2020,Tipam,17.31,16.61,111.3,11.41,kft-lbs,2512.0,751.0,9.61,9.78,0.308,% total gas,587.6,SYNTHETIC
2026-09-06 08:00:33,ACTIVE-01,2021,Tipam,20.36,16.07,103.5,11.57,kft-lbs,2499.0,746.0,9.58,9.75,0.29,% total gas,588.0,SYNTHETIC
2026-09-06 08:03:55,ACTIVE-01,2022,Tipam,17.77,16.46,111.3,12.02,kft-lbs,2571.0,734.0,9.55,9.71,0.501,% total gas,588.3,SYNTHETIC
2026-09-06 08:07:15,ACTIVE-01,2023,Tipam,18.01,15.45,109.9,12.44,kft-lbs,2525.0,754.0,9.62,9.79,0.321,% total gas,588.2,SYNTHETIC
2026-09-06 08:10:33,ACTIVE-01,2024,Tipam,18.2,16.47,111.7,12.12,kft-lbs,2581.0,744.0,9.59,9.75,0.376,% total gas,588.8,SYNTHETIC
2026-09-06 08:13:57,ACTIVE-01,2025,Tipam,17.63,15.61,110.6,12.42,kft-lbs,2531.0,754.0,9.59,9.74,0.313,% total gas,590.2,SYNTHETIC
2026-09-06 08:17:10,ACTIVE-01,2026,Tipam,18.62,13.81,108.9,12.11,kft-lbs,2572.0,749.0,9.58,9.75,0.581,% total gas,590.6,SYNTHETIC
2026-09-06 08:20:39,ACTIVE-01,2027,Tipam,17.26,15.12,111.3,11.93,kft-lbs,2670.0,755.0,9.59,9.78,0.493,% total gas,590.9,SYNTHETIC
2026-09-06 08:24:04,ACTIVE-01,2028,Tipam,17.52,16.43,115.8,11.75,kft-lbs,2539.0,749.0,9.65,9.82,0.344,% total gas,590.6,SYNTHETIC
2026-09-06 08:27:10,ACTIVE-01,2029,Tipam,19.38,16.65,109.0,12.3,kft-lbs,2528.0,752.0,9.61,9.75,0.49,% total gas,591.1,SYNTHETIC
2026-09-06 08:30:08,ACTIVE-01,2030,Tipam,20.22,16.08,106.7,11.84,kft-lbs,2451.0,746.0,9.59,9.76,0.372,% total gas,590.9,SYNTHETIC
2026-09-06 08:33:10,ACTIVE-01,2031,Tipam,19.84,16.27,106.5,12.59,kft-lbs,2555.0,763.0,9.59,9.77,0.473,% total gas,591.5,SYNTHETIC
2026-09-06 08:36:09,ACTIVE-01,2032,Tipam,20.11,17.19,109.0,12.7,kft-lbs,2591.0,754.0,9.6,9.78,0.526,% total gas,591.4,SYNTHETIC
2026-09-06 08:39:01,ACTIVE-01,2033,Tipam,20.86,17.22,110.1,12.42,kft-lbs,2518.0,749.0,9.59,9.77,0.423,% total gas,591.0,SYNTHETIC
2026-09-06 08:42:00,ACTIVE-01,2034,Tipam,20.09,16.97,108.4,12.17,kft-lbs,2532.0,748.0,9.59,9.75,0.28,% total gas,592.4,SYNTHETIC
2026-09-06 08:45:26,ACTIVE-01,2035,Tipam,17.5,14.65,106.7,11.68,kft-lbs,2486.0,743.0,9.6,9.77,0.458,% total gas,592.9,SYNTHETIC
2026-09-06 08:48:32,ACTIVE-01,2036,Tipam,19.41,16.35,107.5,11.63,kft-lbs,2541.0,766.0,9.6,9.79,0.348,% total gas,593.7,SYNTHETIC
2026-09-06 08:52:18,ACTIVE-01,2037,Tipam,15.88,15.35,117.0,13.03,kft-lbs,2485.0,746.0,9.59,9.78,0.596,% total gas,593.0,SYNTHETIC
2026-09-06 08:55:27,ACTIVE-01,2038,Tipam,19.12,17.45,111.2,11.56,kft-lbs,2594.0,743.0,9.57,9.73,0.475,% total gas,593.1,SYNTHETIC
2026-09-06 08:58:32,ACTIVE-01,2039,Tipam,19.43,16.53,108.0,10.98,kft-lbs,2536.0,765.0,9.62,9.79,0.405,% total gas,593.6,SYNTHETIC
2026-09-06 09:01:34,ACTIVE-01,2040,Tipam,19.78,15.77,113.2,12.8,kft-lbs,2413.0,748.0,9.58,9.74,0.323,% total gas,593.8,SYNTHETIC
2026-09-06 09:04:55,ACTIVE-01,2041,Tipam,17.92,15.75,115.1,12.48,kft-lbs,2616.0,749.0,9.6,9.76,0.346,% total gas,594.4,SYNTHETIC
2026-09-06 09:08:29,ACTIVE-01,2042,Tipam,16.8,16.04,106.8,11.7,kft-lbs,2495.0,759.0,9.58,9.77,0.388,% total gas,594.3,SYNTHETIC
2026-09-06 09:11:17,ACTIVE-01,2043,Tipam,21.39,16.19,110.8,12.1,kft-lbs,2589.0,746.0,9.58,9.75,0.576,% total gas,594.8,SYNTHETIC
2026-09-06 09:14:01,ACTIVE-01,2044,Tipam,21.97,16.02,114.0,12.18,kft-lbs,2530.0,745.0,9.63,9.8,0.388,% total gas,595.1,SYNTHETIC
2026-09-06 09:17:04,ACTIVE-01,2045,Tipam,19.71,14.93,114.5,11.42,kft-lbs,2390.0,743.0,9.65,9.82,0.219,% total gas,596.3,SYNTHETIC
2026-09-06 09:20:29,ACTIVE-01,2046,Tipam,17.55,16.67,110.0,10.61,kft-lbs,2554.0,747.0,9.6,9.79,0.352,% total gas,596.1,SYNTHETIC
2026-09-06 09:24:00,ACTIVE-01,2047,Tipam,17.07,14.04,113.4,11.28,kft-lbs,2616.0,751.0,9.6,9.77,0.323,% total gas,595.9,SYNTHETIC
2026-09-06 09:27:35,ACTIVE-01,2048,Tipam,16.73,16.18,111.1,11.53,kft-lbs,2591.0,748.0,9.62,9.76,0.352,% total gas,596.4,SYNTHETIC
2026-09-06 09:30:49,ACTIVE-01,2049,Tipam,18.56,16.7,114.1,12.64,kft-lbs,2617.0,747.0,9.59,9.77,0.571,% total gas,596.9,SYNTHETIC
2026-09-06 09:33:51,ACTIVE-01,2050,Tipam,19.74,17.0,115.7,12.04,kft-lbs,2471.0,750.0,9.58,9.75,0.502,% total gas,596.8,SYNTHETIC
2026-09-06 09:37:05,ACTIVE-01,2051,Tipam,18.57,17.58,108.2,12.44,kft-lbs,2393.0,759.0,9.59,9.77,0.377,% total gas,596.9,SYNTHETIC
2026-09-06 09:39:38,ACTIVE-01,2052,Tipam,23.56,15.63,114.1,11.55,kft-lbs,2501.0,744.0,9.64,9.81,0.258,% total gas,596.7,SYNTHETIC
2026-09-06 09:42:21,ACTIVE-01,2053,Tipam,22.05,14.76,110.8,11.42,kft-lbs,2571.0,737.0,9.59,9.76,0.579,% total gas,597.2,SYNTHETIC
2026-09-06 09:45:41,ACTIVE-01,2054,Tipam,18.04,14.61,106.9,10.94,kft-lbs,2544.0,757.0,9.63,9.78,0.357,% total gas,597.7,SYNTHETIC
2026-09-06 09:49:10,ACTIVE-01,2055,Tipam,17.21,14.59,106.9,13.33,kft-lbs,2502.0,765.0,9.6,9.78,0.475,% total gas,597.8,SYNTHETIC
2026-09-06 09:52:26,ACTIVE-01,2056,Tipam,18.38,15.65,107.3,12.68,kft-lbs,2574.0,748.0,9.59,9.75,0.496,% total gas,597.9,SYNTHETIC
2026-09-06 09:55:28,ACTIVE-01,2057,Tipam,19.75,18.09,113.4,12.15,kft-lbs,2576.0,753.0,9.59,9.77,0.334,% total gas,597.9,SYNTHETIC
2026-09-06 09:58:45,ACTIVE-01,2058,Tipam,18.3,15.48,109.8,11.31,kft-lbs,2544.0,760.0,9.57,9.75,0.561,% total gas,597.3,SYNTHETIC
2026-09-06 10:02:06,ACTIVE-01,2059,Tipam,17.91,16.95,105.8,12.45,kft-lbs,2550.0,754.0,9.6,9.78,0.512,% total gas,597.0,SYNTHETIC
2026-09-06 10:05:03,ACTIVE-01,2060,Tipam,20.39,16.44,106.8,12.55,kft-lbs,2484.0,745.0,9.61,9.76,0.397,% total gas,597.4,SYNTHETIC
2026-09-06 10:08:01,ACTIVE-01,2061,Tipam,20.15,16.2,113.6,11.84,kft-lbs,2589.0,737.0,9.56,9.73,0.472,% total gas,597.6,SYNTHETIC
2026-09-06 10:11:21,ACTIVE-01,2062,Tipam,18.05,15.81,112.2,13.25,kft-lbs,2586.0,751.0,9.6,9.77,0.292,% total gas,598.1,SYNTHETIC
2026-09-06 10:13:55,ACTIVE-01,2063,Tipam,23.33,15.5,109.7,11.61,kft-lbs,2626.0,734.0,9.58,9.75,0.397,% total gas,598.3,SYNTHETIC
2026-09-06 10:17:07,ACTIVE-01,2064,Tipam,18.72,14.8,104.1,12.48,kft-lbs,2509.0,745.0,9.63,9.8,0.379,% total gas,598.1,SYNTHETIC
2026-09-06 10:20:26,ACTIVE-01,2065,Tipam,18.16,16.63,105.6,11.93,kft-lbs,2583.0,736.0,9.57,9.74,0.586,% total gas,598.4,SYNTHETIC
2026-09-06 10:23:19,ACTIVE-01,2066,Tipam,20.77,15.53,110.1,12.55,kft-lbs,2639.0,759.0,9.64,9.82,0.392,% total gas,598.7,SYNTHETIC
2026-09-06 10:26:19,ACTIVE-01,2067,Tipam,19.99,14.6,101.6,12.22,kft-lbs,2489.0,736.0,9.59,9.74,0.527,% total gas,598.7,SYNTHETIC
2026-09-06 10:29:03,ACTIVE-01,2068,Tipam,22.0,18.15,110.2,11.41,kft-lbs,2526.0,757.0,9.59,9.77,0.431,% total gas,598.8,SYNTHETIC
2026-09-06 10:31:35,ACTIVE-01,2069,Tipam,23.65,16.18,112.7,11.62,kft-lbs,2500.0,745.0,9.64,9.82,0.352,% total gas,598.1,SYNTHETIC
2026-09-06 10:34:27,ACTIVE-01,2070,Tipam,20.92,16.88,111.8,12.46,kft-lbs,2439.0,745.0,9.6,9.79,0.425,% total gas,598.6,SYNTHETIC
2026-09-06 10:37:47,ACTIVE-01,2071,Tipam,17.95,16.44,105.3,11.57,kft-lbs,2586.0,750.0,9.58,9.76,0.33,% total gas,599.4,SYNTHETIC
2026-09-06 10:40:38,ACTIVE-01,2072,Tipam,21.09,14.65,106.9,11.49,kft-lbs,2574.0,762.0,9.64,9.83,0.295,% total gas,599.1,SYNTHETIC
2026-09-06 10:43:51,ACTIVE-01,2073,Tipam,18.69,15.32,109.2,12.07,kft-lbs,2571.0,746.0,9.61,9.78,0.336,% total gas,599.1,SYNTHETIC
2026-09-06 10:46:52,ACTIVE-01,2074,Tipam,19.86,16.47,114.0,12.31,kft-lbs,2556.0,753.0,9.57,9.75,0.455,% total gas,599.8,SYNTHETIC
2026-09-06 10:50:21,ACTIVE-01,2075,Tipam,17.22,16.33,110.9,13.01,kft-lbs,2525.0,753.0,9.59,9.77,0.313,% total gas,599.9,SYNTHETIC
2026-09-06 10:53:40,ACTIVE-01,2076,Tipam,18.12,15.74,112.2,12.08,kft-lbs,2534.0,752.0,9.58,9.76,0.334,% total gas,599.6,SYNTHETIC
2026-09-06 10:56:57,ACTIVE-01,2077,Tipam,18.22,16.21,116.4,12.38,kft-lbs,2604.0,758.0,9.59,9.76,0.326,% total gas,600.5,SYNTHETIC
2026-09-06 11:00:13,ACTIVE-01,2078,Tipam,18.38,16.21,110.9,11.47,kft-lbs,2501.0,753.0,9.59,9.76,0.344,% total gas,601.3,SYNTHETIC
2026-09-06 11:03:24,ACTIVE-01,2079,Tipam,18.9,15.76,114.6,13.07,kft-lbs,2527.0,747.0,9.6,9.78,0.297,% total gas,601.4,SYNTHETIC
2026-09-06 11:06:31,ACTIVE-01,2080,Tipam,19.22,15.32,102.3,12.21,kft-lbs,2553.0,757.0,9.59,9.76,0.444,% total gas,601.5,SYNTHETIC
2026-09-06 11:10:00,ACTIVE-01,2081,Tipam,17.26,15.84,111.3,12.08,kft-lbs,2586.0,744.0,9.61,9.76,0.396,% total gas,601.3,SYNTHETIC
2026-09-06 11:13:14,ACTIVE-01,2082,Tipam,18.49,16.3,107.7,11.66,kft-lbs,2420.0,748.0,9.61,9.78,0.37,% total gas,600.8,SYNTHETIC
2026-09-06 11:16:30,ACTIVE-01,2083,Tipam,18.43,15.25,115.0,12.29,kft-lbs,2546.0,746.0,9.62,9.79,0.409,% total gas,600.5,SYNTHETIC
2026-09-06 11:19:27,ACTIVE-01,2084,Tipam,20.25,15.56,110.9,12.45,kft-lbs,2507.0,765.0,9.61,9.8,0.356,% total gas,600.8,SYNTHETIC
2026-09-06 11:22:21,ACTIVE-01,2085,Tipam,20.71,14.76,110.3,12.68,kft-lbs,2526.0,755.0,9.58,9.76,0.406,% total gas,601.3,SYNTHETIC
2026-09-06 11:25:18,ACTIVE-01,2086,Tipam,20.34,15.92,106.5,13.67,kft-lbs,2547.0,747.0,9.61,9.79,0.379,% total gas,601.5,SYNTHETIC
2026-09-06 11:28:35,ACTIVE-01,2087,Tipam,18.26,15.43,115.0,12.89,kft-lbs,2449.0,750.0,9.62,9.79,0.308,% total gas,601.4,SYNTHETIC
2026-09-06 11:31:37,ACTIVE-01,2088,Tipam,19.82,17.43,112.7,11.34,kft-lbs,2655.0,747.0,9.58,9.76,0.32,% total gas,601.3,SYNTHETIC
2026-09-06 11:34:45,ACTIVE-01,2089,Tipam,19.12,16.69,107.4,12.17,kft-lbs,2524.0,750.0,9.61,9.8,0.508,% total gas,601.4,SYNTHETIC
2026-09-06 11:37:35,ACTIVE-01,2090,Tipam,21.16,15.71,108.4,11.73,kft-lbs,2555.0,753.0,9.6,9.77,0.575,% total gas,601.4,SYNTHETIC
2026-09-06 11:40:42,ACTIVE-01,2091,Tipam,19.32,15.63,111.9,11.97,kft-lbs,2600.0,736.0,9.6,9.76,0.448,% total gas,600.0,SYNTHETIC
2026-09-06 11:43:33,ACTIVE-01,2092,Tipam,21.0,16.97,112.8,10.64,kft-lbs,2606.0,758.0,9.61,9.78,0.409,% total gas,600.0,SYNTHETIC
2026-09-06 11:47:02,ACTIVE-01,2093,Tipam,17.26,16.78,109.9,12.56,kft-lbs,2465.0,744.0,9.59,9.74,0.35,% total gas,600.0,SYNTHETIC
2026-09-06 11:50:46,ACTIVE-01,2094,Tipam,16.05,14.83,110.5,12.21,kft-lbs,2535.0,748.0,9.61,9.78,0.294,% total gas,599.7,SYNTHETIC
2026-09-06 11:53:56,ACTIVE-01,2095,Tipam,18.94,16.72,104.3,12.07,kft-lbs,2590.0,746.0,9.61,9.78,0.353,% total gas,600.1,SYNTHETIC
2026-09-06 11:57:15,ACTIVE-01,2096,Tipam,18.07,16.16,115.2,10.71,kft-lbs,2541.0,749.0,9.6,9.77,0.408,% total gas,599.8,SYNTHETIC
2026-09-06 12:00:37,ACTIVE-01,2097,Tipam,17.87,16.14,109.8,13.24,kft-lbs,2470.0,755.0,9.6,9.78,0.351,% total gas,599.9,SYNTHETIC
2026-09-06 12:03:53,ACTIVE-01,2098,Tipam,18.32,15.27,110.4,11.54,kft-lbs,2674.0,749.0,9.59,9.76,0.244,% total gas,600.2,SYNTHETIC
2026-09-06 12:07:13,ACTIVE-01,2099,Tipam,18.06,16.24,108.8,12.46,kft-lbs,2501.0,760.0,9.57,9.76,0.34,% total gas,599.9,SYNTHETIC
2026-09-06 12:10:10,ACTIVE-01,2100,Tipam,20.25,17.03,107.9,10.81,kft-lbs,2575.0,756.0,9.61,9.81,0.36,% total gas,600.0,SYNTHETIC
2026-09-06 12:13:46,ACTIVE-01,2101,Tipam,16.73,16.94,112.5,12.06,kft-lbs,2595.0,748.0,9.61,9.79,0.403,% total gas,599.9,SYNTHETIC
2026-09-06 12:16:40,ACTIVE-01,2102,Tipam,20.69,16.52,102.8,11.55,kft-lbs,2579.0,759.0,9.61,9.78,0.574,% total gas,600.1,SYNTHETIC
2026-09-06 12:19:57,ACTIVE-01,2103,Tipam,18.27,15.7,107.4,12.3,kft-lbs,2573.0,748.0,9.59,9.77,0.351,% total gas,600.4,SYNTHETIC
2026-09-06 12:22:48,ACTIVE-01,2104,Tipam,21.05,14.71,108.3,11.38,kft-lbs,2551.0,747.0,9.6,9.78,0.288,% total gas,600.5,SYNTHETIC
2026-09-06 12:25:40,ACTIVE-01,2105,Tipam,20.83,13.76,116.4,12.44,kft-lbs,2586.0,761.0,9.63,9.81,0.325,% total gas,600.8,SYNTHETIC
2026-09-06 12:28:36,ACTIVE-01,2106,Tipam,20.49,16.26,116.1,12.89,kft-lbs,2523.0,749.0,9.59,9.76,0.402,% total gas,601.3,SYNTHETIC
2026-09-06 12:31:53,ACTIVE-01,2107,Tipam,18.33,14.43,106.8,12.49,kft-lbs,2552.0,760.0,9.58,9.77,0.527,% total gas,601.6,SYNTHETIC
2026-09-06 12:35:11,ACTIVE-01,2108,Tipam,18.12,15.7,109.3,13.11,kft-lbs,2509.0,760.0,9.58,9.76,0.41,% total gas,601.4,SYNTHETIC
2026-09-06 12:38:18,ACTIVE-01,2109,Tipam,19.23,17.03,110.9,11.9,kft-lbs,2580.0,748.0,9.56,9.74,0.502,% total gas,601.3,SYNTHETIC
2026-09-06 12:41:09,ACTIVE-01,2110,Tipam,21.17,15.69,112.4,12.1,kft-lbs,2547.0,757.0,9.56,9.74,0.299,% total gas,601.6,SYNTHETIC
2026-09-06 12:44:23,ACTIVE-01,2111,Tipam,18.54,16.38,113.9,12.35,kft-lbs,2465.0,745.0,9.65,9.82,0.69,% total gas,601.9,SYNTHETIC
2026-09-06 12:47:28,ACTIVE-01,2112,Tipam,19.41,15.82,110.2,10.57,kft-lbs,2504.0,747.0,9.59,9.77,0.378,% total gas,602.1,SYNTHETIC
2026-09-06 12:50:29,ACTIVE-01,2113,Tipam,19.88,16.02,108.4,12.3,kft-lbs,2593.0,752.0,9.59,9.78,0.311,% total gas,601.7,SYNTHETIC
2026-09-06 12:53:55,ACTIVE-01,2114,Tipam,17.5,15.23,103.3,12.85,kft-lbs,2563.0,747.0,9.56,9.74,0.292,% total gas,601.9,SYNTHETIC
2026-09-06 12:57:20,ACTIVE-01,2115,Tipam,17.53,16.3,116.9,12.01,kft-lbs,2566.0,749.0,9.6,9.76,0.475,% total gas,601.8,SYNTHETIC
2026-09-06 13:00:40,ACTIVE-01,2116,Tipam,18.0,15.74,107.6,11.74,kft-lbs,2594.0,755.0,9.57,9.75,0.28,% total gas,601.9,SYNTHETIC
2026-09-06 13:03:24,ACTIVE-01,2117,Tipam,21.99,15.14,110.3,12.88,kft-lbs,2511.0,749.0,9.61,9.79,0.374,% total gas,602.0,SYNTHETIC
2026-09-06 13:06:26,ACTIVE-01,2118,Tipam,19.75,16.65,112.8,11.11,kft-lbs,2455.0,750.0,9.6,9.77,0.433,% total gas,601.5,SYNTHETIC
2026-09-06 13:09:59,ACTIVE-01,2119,Tipam,16.9,16.59,113.1,11.15,kft-lbs,2613.0,753.0,9.58,9.75,0.323,% total gas,601.6,SYNTHETIC
2026-09-06 13:13:11,ACTIVE-01,2120,Tipam,18.77,15.75,111.4,11.63,kft-lbs,2614.0,749.0,9.6,9.78,0.428,% total gas,600.9,SYNTHETIC
2026-09-06 13:16:21,ACTIVE-01,2121,Tipam,18.98,15.84,106.9,13.49,kft-lbs,2549.0,755.0,9.61,9.78,0.403,% total gas,601.3,SYNTHETIC
2026-09-06 13:19:13,ACTIVE-01,2122,Tipam,20.93,16.57,111.1,13.31,kft-lbs,2489.0,761.0,9.6,9.77,0.325,% total gas,600.8,SYNTHETIC
2026-09-06 13:22:08,ACTIVE-01,2123,Tipam,20.54,15.38,100.1,11.28,kft-lbs,2539.0,748.0,9.57,9.74,0.457,% total gas,600.8,SYNTHETIC
2026-09-06 13:25:20,ACTIVE-01,2124,Tipam,18.78,14.97,105.4,12.0,kft-lbs,2645.0,754.0,9.64,9.82,0.333,% total gas,601.5,SYNTHETIC
2026-09-06 13:28:22,ACTIVE-01,2125,Tipam,19.77,15.6,107.7,11.69,kft-lbs,2621.0,748.0,9.6,9.77,0.575,% total gas,601.2,SYNTHETIC
2026-09-06 13:31:45,ACTIVE-01,2126,Tipam,17.7,17.23,110.5,12.69,kft-lbs,2567.0,756.0,9.6,9.78,0.543,% total gas,600.8,SYNTHETIC
2026-09-06 13:35:01,ACTIVE-01,2127,Tipam,18.36,16.73,105.8,12.23,kft-lbs,2500.0,748.0,9.59,9.77,0.534,% total gas,600.9,SYNTHETIC
2026-09-06 13:38:30,ACTIVE-01,2128,Tipam,17.23,15.72,108.0,12.18,kft-lbs,2607.0,752.0,9.58,9.76,0.4,% total gas,600.7,SYNTHETIC
2026-09-06 13:41:36,ACTIVE-01,2129,Tipam,19.39,16.07,109.2,12.22,kft-lbs,2610.0,743.0,9.58,9.76,0.416,% total gas,600.5,SYNTHETIC
2026-09-06 13:44:50,ACTIVE-01,2130,Tipam,18.55,17.02,109.6,11.53,kft-lbs,2555.0,750.0,9.57,9.76,0.235,% total gas,600.3,SYNTHETIC
2026-09-06 13:47:53,ACTIVE-01,2131,Tipam,19.66,14.7,104.4,11.67,kft-lbs,2471.0,742.0,9.59,9.77,0.503,% total gas,601.0,SYNTHETIC
2026-09-06 13:51:08,ACTIVE-01,2132,Tipam,18.45,16.35,112.5,12.86,kft-lbs,2623.0,746.0,9.61,9.79,0.626,% total gas,601.1,SYNTHETIC
2026-09-06 13:54:10,ACTIVE-01,2133,Tipam,19.8,15.17,107.7,12.09,kft-lbs,2638.0,762.0,9.6,9.78,0.372,% total gas,600.9,SYNTHETIC
2026-09-06 13:57:01,ACTIVE-01,2134,Tipam,21.08,17.09,114.5,12.34,kft-lbs,2700.0,757.0,9.64,9.83,0.375,% total gas,600.7,SYNTHETIC
2026-09-06 14:00:59,ACTIVE-01,2135,Tipam,15.09,17.21,106.7,12.73,kft-lbs,2576.0,751.0,9.62,9.81,0.284,% total gas,601.6,SYNTHETIC
2026-09-06 14:03:52,ACTIVE-01,2136,Tipam,20.88,16.04,111.1,12.51,kft-lbs,2620.0,744.0,9.58,9.77,0.389,% total gas,601.0,SYNTHETIC
2026-09-06 14:06:58,ACTIVE-01,2137,Tipam,19.35,15.88,106.5,12.26,kft-lbs,2575.0,741.0,9.61,9.78,0.43,% total gas,601.3,SYNTHETIC
2026-09-06 14:09:50,ACTIVE-01,2138,Tipam,20.87,15.39,106.5,12.51,kft-lbs,2564.0,749.0,9.61,9.79,0.413,% total gas,601.3,SYNTHETIC
2026-09-06 14:12:59,ACTIVE-01,2139,Tipam,19.05,15.2,109.0,12.43,kft-lbs,2527.0,744.0,9.59,9.78,0.483,% total gas,601.0,SYNTHETIC
2026-09-06 14:16:38,ACTIVE-01,2140,Tipam,16.47,15.8,113.7,12.4,kft-lbs,2547.0,749.0,9.6,9.79,0.3,% total gas,601.2,SYNTHETIC
2026-09-06 14:20:51,ACTIVE-01,2141,Tipam,14.24,16.14,111.2,12.12,kft-lbs,2568.0,755.0,9.58,9.76,0.201,% total gas,602.0,SYNTHETIC
2026-09-06 14:23:54,ACTIVE-01,2142,Tipam,19.59,16.84,108.8,14.46,kft-lbs,2646.0,745.0,9.59,9.76,0.481,% total gas,602.1,SYNTHETIC
2026-09-06 14:26:57,ACTIVE-01,2143,Tipam,19.76,16.4,111.5,12.25,kft-lbs,2639.0,748.0,9.64,9.83,0.244,% total gas,602.2,SYNTHETIC
2026-09-06 14:29:58,ACTIVE-01,2144,Tipam,19.82,17.55,104.0,11.6,kft-lbs,2458.0,753.0,9.63,9.83,0.524,% total gas,602.2,SYNTHETIC
2026-09-06 14:33:12,ACTIVE-01,2145,Tipam,18.55,15.44,109.3,11.96,kft-lbs,2496.0,734.0,9.6,9.77,0.591,% total gas,602.2,SYNTHETIC
2026-09-06 14:36:03,ACTIVE-01,2146,Tipam,21.15,15.44,110.3,12.68,kft-lbs,2591.0,745.0,9.61,9.77,0.469,% total gas,602.6,SYNTHETIC
2026-09-06 14:39:38,ACTIVE-01,2147,Tipam,16.7,16.0,109.3,12.02,kft-lbs,2523.0,755.0,9.61,9.79,0.444,% total gas,602.2,SYNTHETIC
2026-09-06 14:42:47,ACTIVE-01,2148,Tipam,19.08,15.77,113.4,12.09,kft-lbs,2640.0,764.0,9.63,9.82,0.445,% total gas,601.8,SYNTHETIC
2026-09-06 14:45:37,ACTIVE-01,2149,Tipam,21.18,16.24,111.0,12.02,kft-lbs,2584.0,740.0,9.61,9.77,0.509,% total gas,602.1,SYNTHETIC
2026-09-06 14:48:46,ACTIVE-01,2150,Tipam,19.01,14.69,111.1,13.17,kft-lbs,2523.0,758.0,9.58,9.77,0.471,% total gas,602.0,SYNTHETIC
2026-09-06 14:52:06,ACTIVE-01,2151,Tipam,17.99,16.4,109.1,12.25,kft-lbs,2632.0,763.0,9.61,9.79,0.324,% total gas,602.0,SYNTHETIC
2026-09-06 14:55:27,ACTIVE-01,2152,Tipam,17.91,15.38,107.5,12.86,kft-lbs,2563.0,754.0,9.6,9.79,0.332,% total gas,602.1,SYNTHETIC
2026-09-06 14:58:39,ACTIVE-01,2153,Tipam,18.81,15.44,110.9,11.28,kft-lbs,2510.0,758.0,9.63,9.81,0.467,% total gas,602.3,SYNTHETIC
2026-09-06 15:02:13,ACTIVE-01,2154,Tipam,16.79,15.98,114.2,11.51,kft-lbs,2599.0,744.0,9.57,9.75,0.47,% total gas,602.6,SYNTHETIC
2026-09-06 15:05:33,ACTIVE-01,2155,Tipam,18.01,17.22,111.1,11.35,kft-lbs,2602.0,749.0,9.59,9.76,0.362,% total gas,602.2,SYNTHETIC
2026-09-06 15:08:49,ACTIVE-01,2156,Tipam,18.35,17.31,108.0,12.29,kft-lbs,2535.0,734.0,9.61,9.78,0.292,% total gas,601.7,SYNTHETIC
2026-09-06 15:12:08,ACTIVE-01,2157,Tipam,18.14,15.9,113.1,12.3,kft-lbs,2594.0,754.0,9.63,9.81,0.45,% total gas,601.6,SYNTHETIC
2026-09-06 15:15:02,ACTIVE-01,2158,Tipam,20.61,16.43,110.5,11.75,kft-lbs,2592.0,756.0,9.6,9.79,0.413,% total gas,601.7,SYNTHETIC
2026-09-06 15:18:48,ACTIVE-01,2159,Tipam,15.98,15.87,109.1,12.88,kft-lbs,2666.0,744.0,9.58,9.76,0.427,% total gas,601.7,SYNTHETIC
2026-09-06 15:22:08,ACTIVE-01,2160,Tipam,17.95,14.94,112.0,13.32,kft-lbs,2635.0,751.0,9.57,9.76,0.478,% total gas,601.7,SYNTHETIC
2026-09-06 15:25:20,ACTIVE-01,2161,Tipam,18.81,16.27,109.4,11.64,kft-lbs,2589.0,752.0,9.6,9.79,0.275,% total gas,601.7,SYNTHETIC
2026-09-06 15:28:44,ACTIVE-01,2162,Tipam,17.58,15.82,110.8,12.29,kft-lbs,2523.0,745.0,9.6,9.77,0.196,% total gas,601.6,SYNTHETIC
2026-09-06 15:31:43,ACTIVE-01,2163,Tipam,20.11,16.62,110.5,11.79,kft-lbs,2623.0,753.0,9.59,9.77,0.433,% total gas,601.2,SYNTHETIC
2026-09-06 15:34:59,ACTIVE-01,2164,Tipam,18.39,16.1,106.8,11.22,kft-lbs,2583.0,753.0,9.61,9.79,0.483,% total gas,601.5,SYNTHETIC
2026-09-06 15:38:08,ACTIVE-01,2165,Tipam,19.1,15.73,108.8,12.73,kft-lbs,2553.0,754.0,9.59,9.77,0.362,% total gas,602.1,SYNTHETIC
2026-09-06 15:41:07,ACTIVE-01,2166,Tipam,20.06,16.02,111.7,12.85,kft-lbs,2575.0,762.0,9.6,9.79,0.286,% total gas,601.7,SYNTHETIC
2026-09-06 15:44:21,ACTIVE-01,2167,Tipam,18.52,16.56,107.3,11.96,kft-lbs,2613.0,740.0,9.59,9.76,0.371,% total gas,602.4,SYNTHETIC
2026-09-06 15:47:28,ACTIVE-01,2168,Tipam,19.33,15.14,105.2,13.29,kft-lbs,2613.0,735.0,9.58,9.77,0.338,% total gas,602.2,SYNTHETIC
2026-09-06 15:50:58,ACTIVE-01,2169,Tipam,17.13,15.54,112.6,12.42,kft-lbs,2609.0,749.0,9.61,9.79,0.299,% total gas,602.0,SYNTHETIC
2026-09-06 15:53:57,ACTIVE-01,2170,Tipam,20.13,16.3,107.6,12.05,kft-lbs,2501.0,755.0,9.6,9.78,0.421,% total gas,601.7,SYNTHETIC
2026-09-06 15:56:53,ACTIVE-01,2171,Tipam,20.45,16.06,106.0,12.67,kft-lbs,2479.0,740.0,9.6,9.78,0.35,% total gas,601.8,SYNTHETIC
2026-09-06 16:00:25,ACTIVE-01,2172,Tipam,16.95,17.26,111.0,12.06,kft-lbs,2603.0,755.0,9.58,9.77,0.225,% total gas,602.4,SYNTHETIC
2026-09-06 16:03:28,ACTIVE-01,2173,Tipam,19.68,16.4,107.7,12.13,kft-lbs,2598.0,762.0,9.59,9.78,0.467,% total gas,602.2,SYNTHETIC
2026-09-06 16:06:38,ACTIVE-01,2174,Tipam,18.93,17.19,105.0,12.61,kft-lbs,2515.0,746.0,9.63,9.82,0.403,% total gas,602.1,SYNTHETIC
2026-09-06 16:09:58,ACTIVE-01,2175,Tipam,18.02,15.92,108.5,12.54,kft-lbs,2568.0,748.0,9.62,9.81,0.364,% total gas,602.2,SYNTHETIC
2026-09-06 16:13:38,ACTIVE-01,2176,Tipam,16.38,15.5,107.2,11.97,kft-lbs,2606.0,778.0,9.6,9.8,0.551,% total gas,602.1,SYNTHETIC
2026-09-06 16:17:20,ACTIVE-01,2177,Tipam,16.22,15.09,107.8,12.23,kft-lbs,2631.0,751.0,9.59,9.78,0.475,% total gas,602.3,SYNTHETIC
2026-09-06 16:20:23,ACTIVE-01,2178,Tipam,19.59,16.73,110.7,11.5,kft-lbs,2642.0,746.0,9.6,9.78,0.546,% total gas,602.2,SYNTHETIC
2026-09-06 16:23:22,ACTIVE-01,2179,Tipam,20.12,15.61,110.7,11.45,kft-lbs,2645.0,740.0,9.6,9.77,0.447,% total gas,601.8,SYNTHETIC
2026-09-06 16:26:49,ACTIVE-01,2180,Tipam,17.46,15.89,104.7,13.1,kft-lbs,2563.0,752.0,9.6,9.78,0.312,% total gas,601.6,SYNTHETIC
2026-09-06 16:30:23,ACTIVE-01,2181,Tipam,16.77,16.06,106.8,11.98,kft-lbs,2539.0,755.0,9.61,9.8,0.262,% total gas,601.2,SYNTHETIC
2026-09-06 16:33:40,ACTIVE-01,2182,Tipam,18.26,16.32,113.9,12.65,kft-lbs,2567.0,744.0,9.6,9.78,0.453,% total gas,601.4,SYNTHETIC
2026-09-06 16:36:54,ACTIVE-01,2183,Tipam,18.55,15.89,109.2,12.37,kft-lbs,2616.0,749.0,9.61,9.79,0.37,% total gas,601.5,SYNTHETIC
2026-09-06 16:39:58,ACTIVE-01,2184,Tipam,19.66,14.48,108.7,11.28,kft-lbs,2565.0,758.0,9.58,9.78,0.365,% total gas,601.5,SYNTHETIC
2026-09-06 16:43:00,ACTIVE-01,2185,Tipam,19.68,16.06,105.0,11.65,kft-lbs,2591.0,745.0,9.6,9.79,0.224,% total gas,601.6,SYNTHETIC
2026-09-06 16:46:07,ACTIVE-01,2186,Tipam,19.34,16.11,110.3,11.52,kft-lbs,2641.0,752.0,9.61,9.8,0.575,% total gas,601.3,SYNTHETIC
2026-09-06 16:49:08,ACTIVE-01,2187,Tipam,19.89,14.84,108.4,11.44,kft-lbs,2546.0,731.0,9.61,9.77,0.347,% total gas,601.1,SYNTHETIC
2026-09-06 16:51:59,ACTIVE-01,2188,Tipam,20.99,16.52,111.9,11.49,kft-lbs,2541.0,764.0,9.56,9.75,0.289,% total gas,600.9,SYNTHETIC
2026-09-06 16:55:15,ACTIVE-01,2189,Tipam,18.42,16.1,116.1,12.65,kft-lbs,2634.0,752.0,9.58,9.76,0.398,% total gas,601.1,SYNTHETIC
2026-09-06 16:58:37,ACTIVE-01,2190,Tipam,17.79,15.8,107.4,11.99,kft-lbs,2546.0,760.0,9.59,9.79,0.704,% total gas,601.4,SYNTHETIC
2026-09-06 17:01:42,ACTIVE-01,2191,Tipam,19.44,16.96,102.6,12.25,kft-lbs,2604.0,751.0,9.6,9.78,0.334,% total gas,601.3,SYNTHETIC
2026-09-06 17:04:55,ACTIVE-01,2192,Tipam,18.71,16.73,113.9,11.15,kft-lbs,2567.0,737.0,9.62,9.81,0.49,% total gas,601.3,SYNTHETIC
2026-09-06 17:07:44,ACTIVE-01,2193,Tipam,21.2,15.94,106.0,11.77,kft-lbs,2557.0,734.0,9.59,9.76,0.387,% total gas,601.8,SYNTHETIC
2026-09-06 17:10:51,ACTIVE-01,2194,Tipam,19.28,17.11,112.9,12.81,kft-lbs,2589.0,740.0,9.64,9.81,0.482,% total gas,602.0,SYNTHETIC
2026-09-06 17:13:50,ACTIVE-01,2195,Tipam,20.11,15.3,111.2,12.38,kft-lbs,2648.0,752.0,9.61,9.8,0.356,% total gas,602.8,SYNTHETIC
2026-09-06 17:17:10,ACTIVE-01,2196,Tipam,17.99,15.21,107.1,11.47,kft-lbs,2636.0,747.0,9.58,9.75,0.454,% total gas,603.0,SYNTHETIC
2026-09-06 17:21:00,ACTIVE-01,2197,Tipam,15.69,16.71,114.0,11.27,kft-lbs,2639.0,737.0,9.62,9.79,0.284,% total gas,602.5,SYNTHETIC
2026-09-06 17:24:25,ACTIVE-01,2198,Tipam,17.52,15.3,110.4,10.6,kft-lbs,2526.0,756.0,9.57,9.76,0.584,% total gas,602.1,SYNTHETIC
2026-09-06 17:27:29,ACTIVE-01,2199,Tipam,19.53,16.54,107.6,12.77,kft-lbs,2518.0,753.0,9.61,9.79,0.413,% total gas,602.5,SYNTHETIC
2026-09-06 17:31:02,ACTIVE-01,2200,Tipam,16.92,15.73,114.7,12.08,kft-lbs,2604.0,750.0,9.61,9.8,0.31,% total gas,601.4,SYNTHETIC
2026-09-06 17:33:57,ACTIVE-01,2201,Tipam,20.57,15.99,107.3,11.28,kft-lbs,2615.0,734.0,9.59,9.76,0.25,% total gas,601.1,SYNTHETIC
2026-09-06 17:37:34,ACTIVE-01,2202,Tipam,16.59,16.07,111.2,11.5,kft-lbs,2567.0,756.0,9.58,9.76,0.482,% total gas,601.0,SYNTHETIC
2026-09-06 17:40:51,ACTIVE-01,2203,Tipam,18.25,15.35,108.9,11.78,kft-lbs,2578.0,744.0,9.66,9.87,0.389,% total gas,601.2,SYNTHETIC
2026-09-06 17:44:01,ACTIVE-01,2204,Tipam,18.98,15.29,104.7,11.94,kft-lbs,2722.0,753.0,9.59,9.78,0.326,% total gas,601.5,SYNTHETIC
2026-09-06 17:47:11,ACTIVE-01,2205,Tipam,18.95,17.63,104.6,12.21,kft-lbs,2596.0,742.0,9.61,9.79,0.631,% total gas,601.3,SYNTHETIC
2026-09-06 17:49:57,ACTIVE-01,2206,Tipam,21.68,15.22,105.3,12.59,kft-lbs,2644.0,740.0,9.57,9.73,0.344,% total gas,601.2,SYNTHETIC
2026-09-06 17:53:25,ACTIVE-01,2207,Tipam,17.3,16.18,104.4,11.14,kft-lbs,2397.0,748.0,9.61,9.8,0.689,% total gas,602.0,SYNTHETIC
2026-09-06 17:56:29,ACTIVE-01,2208,Tipam,19.58,17.5,112.6,13.03,kft-lbs,2527.0,745.0,9.62,9.8,0.644,% total gas,601.8,SYNTHETIC
2026-09-06 17:59:48,ACTIVE-01,2209,Tipam,18.11,14.76,113.1,12.11,kft-lbs,2617.0,747.0,9.61,9.79,0.321,% total gas,601.5,SYNTHETIC
2026-09-06 18:03:23,ACTIVE-01,2210,Tipam,16.76,14.75,114.3,11.47,kft-lbs,2592.0,750.0,9.56,9.76,0.406,% total gas,600.7,SYNTHETIC
2026-09-06 18:06:42,ACTIVE-01,2211,Tipam,18.07,16.84,110.0,11.87,kft-lbs,2640.0,738.0,9.6,9.78,0.429,% total gas,600.8,SYNTHETIC
2026-09-06 18:09:33,ACTIVE-01,2212,Tipam,21.08,15.35,112.0,12.42,kft-lbs,2576.0,755.0,9.61,9.79,0.357,% total gas,600.7,SYNTHETIC
2026-09-06 18:12:34,ACTIVE-01,2213,Tipam,19.91,15.21,114.2,12.63,kft-lbs,2625.0,724.0,9.58,9.74,0.277,% total gas,600.9,SYNTHETIC
2026-09-06 18:16:18,ACTIVE-01,2214,Tipam,16.04,15.6,110.6,12.65,kft-lbs,2597.0,737.0,9.6,9.77,0.464,% total gas,601.0,SYNTHETIC
2026-09-06 18:19:09,ACTIVE-01,2215,Tipam,21.01,14.42,108.1,12.17,kft-lbs,2623.0,755.0,9.6,9.78,0.374,% total gas,601.5,SYNTHETIC
2026-09-06 18:22:22,ACTIVE-01,2216,Tipam,18.73,16.57,110.0,11.19,kft-lbs,2670.0,750.0,9.57,9.75,0.732,% total gas,601.0,SYNTHETIC
2026-09-06 18:25:28,ACTIVE-01,2217,Tipam,19.32,15.8,107.7,12.17,kft-lbs,2715.0,756.0,9.61,9.81,0.355,% total gas,600.6,SYNTHETIC
2026-09-06 18:28:46,ACTIVE-01,2218,Tipam,18.19,16.11,106.8,11.76,kft-lbs,2584.0,747.0,9.59,9.76,0.297,% total gas,600.8,SYNTHETIC
2026-09-06 18:31:40,ACTIVE-01,2219,Tipam,20.64,16.82,117.2,12.16,kft-lbs,2635.0,739.0,9.63,9.81,0.342,% total gas,600.9,SYNTHETIC
2026-09-06 18:35:18,ACTIVE-01,2220,Tipam,16.53,16.57,114.4,13.06,kft-lbs,2624.0,745.0,9.63,9.8,0.371,% total gas,600.8,SYNTHETIC
2026-09-06 18:38:16,ACTIVE-01,2221,Tipam,20.26,16.08,114.0,12.05,kft-lbs,2623.0,734.0,9.59,9.76,0.312,% total gas,600.1,SYNTHETIC
2026-09-06 18:41:20,ACTIVE-01,2222,Tipam,19.56,16.65,112.0,12.79,kft-lbs,2578.0,763.0,9.61,9.76,0.412,% total gas,600.1,SYNTHETIC
2026-09-06 18:44:15,ACTIVE-01,2223,Tipam,20.59,14.36,113.8,11.42,kft-lbs,2593.0,753.0,9.59,9.78,0.472,% total gas,600.3,SYNTHETIC
2026-09-06 18:47:27,ACTIVE-01,2224,Tipam,18.7,15.82,107.3,11.92,kft-lbs,2683.0,748.0,9.62,9.81,0.423,% total gas,600.4,SYNTHETIC
2026-09-06 18:50:32,ACTIVE-01,2225,Tipam,19.5,15.71,109.8,12.48,kft-lbs,2594.0,747.0,9.6,9.78,0.311,% total gas,600.7,SYNTHETIC
2026-09-06 18:53:57,ACTIVE-01,2226,Tipam,17.56,16.65,106.6,12.69,kft-lbs,2606.0,761.0,9.57,9.76,0.409,% total gas,600.8,SYNTHETIC
2026-09-06 18:56:47,ACTIVE-01,2227,Tipam,21.19,16.85,108.0,11.45,kft-lbs,2679.0,757.0,9.6,9.78,0.446,% total gas,601.5,SYNTHETIC
2026-09-06 19:00:00,ACTIVE-01,2228,Tipam,18.63,16.16,113.2,12.52,kft-lbs,2633.0,745.0,9.63,9.81,0.254,% total gas,601.6,SYNTHETIC
2026-09-06 19:02:56,ACTIVE-01,2229,Tipam,20.45,15.09,103.4,11.68,kft-lbs,2633.0,759.0,9.6,9.78,0.421,% total gas,601.1,SYNTHETIC
2026-09-06 19:05:44,ACTIVE-01,2230,Tipam,21.39,16.31,111.2,12.85,kft-lbs,2674.0,746.0,9.59,9.79,0.423,% total gas,601.0,SYNTHETIC
2026-09-06 19:08:35,ACTIVE-01,2231,Tipam,21.13,15.76,118.3,12.56,kft-lbs,2591.0,747.0,9.58,9.75,0.389,% total gas,600.6,SYNTHETIC
2026-09-06 19:11:36,ACTIVE-01,2232,Tipam,19.84,17.18,106.3,13.07,kft-lbs,2645.0,741.0,9.63,9.79,0.313,% total gas,600.7,SYNTHETIC
2026-09-06 19:15:16,ACTIVE-01,2233,Tipam,16.34,16.11,115.3,12.46,kft-lbs,2648.0,749.0,9.61,9.8,0.356,% total gas,600.3,SYNTHETIC
2026-09-06 19:18:38,ACTIVE-01,2234,Tipam,17.89,15.1,109.9,11.38,kft-lbs,2656.0,751.0,9.6,9.78,0.477,% total gas,600.3,SYNTHETIC
2026-09-06 19:21:52,ACTIVE-01,2235,Tipam,18.54,16.2,110.3,12.08,kft-lbs,2617.0,767.0,9.64,9.84,0.399,% total gas,600.3,SYNTHETIC
2026-09-06 19:24:50,ACTIVE-01,2236,Tipam,20.23,14.91,110.2,12.55,kft-lbs,2471.0,756.0,9.6,9.79,0.373,% total gas,600.6,SYNTHETIC
2026-09-06 19:27:59,ACTIVE-01,2237,Tipam,19.01,16.16,108.5,12.2,kft-lbs,2649.0,750.0,9.6,9.79,0.324,% total gas,600.5,SYNTHETIC
2026-09-06 19:31:12,ACTIVE-01,2238,Tipam,18.64,15.79,110.3,12.24,kft-lbs,2572.0,744.0,9.6,9.77,0.475,% total gas,600.1,SYNTHETIC
2026-09-06 19:33:57,ACTIVE-01,2239,Tipam,21.81,15.68,107.5,12.75,kft-lbs,2627.0,751.0,9.62,9.82,0.427,% total gas,600.1,SYNTHETIC
2026-09-06 19:37:24,ACTIVE-01,2240,Tipam,17.4,17.6,103.2,12.68,kft-lbs,2622.0,759.0,9.6,9.79,0.637,% total gas,600.5,SYNTHETIC
2026-09-06 19:40:53,ACTIVE-01,2241,Tipam,17.26,17.22,114.4,13.28,kft-lbs,2597.0,757.0,9.61,9.79,0.49,% total gas,600.7,SYNTHETIC
2026-09-06 19:44:03,ACTIVE-01,2242,Tipam,18.89,16.68,103.0,11.67,kft-lbs,2618.0,744.0,9.58,9.78,0.518,% total gas,601.4,SYNTHETIC
2026-09-06 19:47:03,ACTIVE-01,2243,Tipam,20.02,16.44,109.7,13.05,kft-lbs,2634.0,749.0,9.6,9.8,0.537,% total gas,601.6,SYNTHETIC
2026-09-06 19:50:31,ACTIVE-01,2244,Tipam,17.32,16.89,105.1,12.06,kft-lbs,2613.0,741.0,9.59,9.76,0.481,% total gas,601.9,SYNTHETIC
2026-09-06 19:53:51,ACTIVE-01,2245,Tipam,18.02,16.32,110.2,12.56,kft-lbs,2702.0,749.0,9.6,9.78,0.615,% total gas,601.3,SYNTHETIC
2026-09-06 19:56:49,ACTIVE-01,2246,Tipam,20.16,16.27,111.0,12.91,kft-lbs,2667.0,754.0,9.56,9.75,0.302,% total gas,601.0,SYNTHETIC
2026-09-06 20:00:03,ACTIVE-01,2247,Tipam,18.56,15.92,111.2,11.88,kft-lbs,2543.0,742.0,9.62,9.81,0.287,% total gas,600.6,SYNTHETIC
2026-09-06 20:03:11,ACTIVE-01,2248,Tipam,19.22,16.4,105.8,12.08,kft-lbs,2701.0,760.0,9.6,9.78,0.512,% total gas,601.2,SYNTHETIC
2026-09-06 20:06:48,ACTIVE-01,2249,Tipam,16.56,15.13,114.2,11.4,kft-lbs,2608.0,740.0,9.56,9.73,0.484,% total gas,601.0,SYNTHETIC
2026-09-06 20:09:39,ACTIVE-01,2250,Tipam,21.11,16.16,105.2,12.67,kft-lbs,2647.0,753.0,9.62,9.81,0.435,% total gas,601.2,SYNTHETIC
2026-09-06 20:12:22,ACTIVE-01,2251,Tipam,21.98,15.98,107.1,10.84,kft-lbs,2607.0,738.0,9.6,9.79,0.454,% total gas,601.0,SYNTHETIC
2026-09-06 20:15:16,ACTIVE-01,2252,Tipam,20.77,15.87,112.7,11.64,kft-lbs,2699.0,759.0,9.6,9.8,0.383,% total gas,600.6,SYNTHETIC
2026-09-06 20:18:04,ACTIVE-01,2253,Tipam,21.37,15.46,108.0,12.3,kft-lbs,2694.0,753.0,9.61,9.81,0.444,% total gas,600.5,SYNTHETIC
2026-09-06 20:21:08,ACTIVE-01,2254,Tipam,19.62,16.92,111.9,12.88,kft-lbs,2721.0,753.0,9.59,9.78,0.583,% total gas,600.8,SYNTHETIC
2026-09-06 20:24:35,ACTIVE-01,2255,Tipam,17.39,16.29,106.9,11.55,kft-lbs,2660.0,745.0,9.57,9.76,0.416,% total gas,600.4,SYNTHETIC
2026-09-06 20:27:49,ACTIVE-01,2256,Tipam,18.56,16.42,112.5,12.61,kft-lbs,2520.0,746.0,9.55,9.73,0.346,% total gas,600.4,SYNTHETIC
2026-09-06 20:31:08,ACTIVE-01,2257,Tipam,18.02,15.67,107.7,12.17,kft-lbs,2629.0,761.0,9.62,9.82,0.331,% total gas,600.6,SYNTHETIC
2026-09-06 20:34:13,ACTIVE-01,2258,Tipam,19.47,16.28,109.7,12.07,kft-lbs,2765.0,748.0,9.61,9.79,0.501,% total gas,600.4,SYNTHETIC
2026-09-06 20:37:24,ACTIVE-01,2259,Tipam,18.91,14.4,108.7,11.6,kft-lbs,2622.0,754.0,9.6,9.8,0.353,% total gas,600.7,SYNTHETIC
2026-09-06 20:40:43,ACTIVE-01,2260,Tipam,18.06,15.36,106.9,12.71,kft-lbs,2553.0,759.0,9.61,9.81,0.268,% total gas,600.5,SYNTHETIC
2026-09-06 20:43:38,ACTIVE-01,2261,Tipam,20.53,14.08,119.6,11.82,kft-lbs,2671.0,751.0,9.59,9.77,0.57,% total gas,600.9,SYNTHETIC
2026-09-06 20:47:28,ACTIVE-01,2262,Tipam,15.69,18.11,109.9,11.56,kft-lbs,2692.0,753.0,9.56,9.75,0.391,% total gas,600.7,SYNTHETIC
2026-09-06 20:51:11,ACTIVE-01,2263,Tipam,16.1,16.8,110.5,11.11,kft-lbs,2591.0,751.0,9.62,9.81,0.368,% total gas,600.7,SYNTHETIC
2026-09-06 20:54:22,ACTIVE-01,2264,Tipam,18.93,15.2,110.2,12.51,kft-lbs,2581.0,745.0,9.59,9.78,0.476,% total gas,600.6,SYNTHETIC
2026-09-06 20:57:29,ACTIVE-01,2265,Tipam,19.17,16.26,109.2,11.68,kft-lbs,2799.0,753.0,9.63,9.84,0.3,% total gas,600.5,SYNTHETIC
2026-09-06 21:00:46,ACTIVE-01,2266,Tipam,18.33,14.63,108.3,13.63,kft-lbs,2602.0,752.0,9.62,9.81,0.593,% total gas,600.6,SYNTHETIC
2026-09-06 21:04:14,ACTIVE-01,2267,Tipam,17.28,14.83,106.3,12.28,kft-lbs,2634.0,736.0,9.62,9.79,0.33,% total gas,600.4,SYNTHETIC
2026-09-06 21:07:20,ACTIVE-01,2268,Tipam,19.39,16.9,110.3,12.49,kft-lbs,2605.0,745.0,9.59,9.8,0.309,% total gas,600.5,SYNTHETIC
2026-09-06 21:10:15,ACTIVE-01,2269,Tipam,20.48,17.83,108.1,12.38,kft-lbs,2635.0,748.0,9.61,9.8,0.469,% total gas,600.6,SYNTHETIC
2026-09-06 21:13:16,ACTIVE-01,2270,Tipam,19.96,15.58,111.5,11.38,kft-lbs,2671.0,757.0,9.59,9.8,0.324,% total gas,600.9,SYNTHETIC
2026-09-06 21:16:35,ACTIVE-01,2271,Tipam,18.06,15.25,112.6,11.91,kft-lbs,2609.0,749.0,9.63,9.81,0.406,% total gas,600.5,SYNTHETIC
2026-09-06 21:19:48,ACTIVE-01,2272,Tipam,18.71,14.87,112.7,13.2,kft-lbs,2595.0,756.0,9.6,9.8,0.378,% total gas,600.8,SYNTHETIC
2026-09-06 21:22:51,ACTIVE-01,2273,Tipam,19.6,15.5,111.6,11.99,kft-lbs,2644.0,754.0,9.6,9.78,0.498,% total gas,600.4,SYNTHETIC
2026-09-06 21:26:04,ACTIVE-01,2274,Tipam,18.72,15.73,108.4,13.08,kft-lbs,2707.0,745.0,9.57,9.75,0.367,% total gas,600.6,SYNTHETIC
2026-09-06 21:29:26,ACTIVE-01,2275,Tipam,17.82,16.62,116.7,12.03,kft-lbs,2620.0,742.0,9.6,9.81,0.348,% total gas,600.1,SYNTHETIC
2026-09-06 21:32:18,ACTIVE-01,2276,Tipam,20.9,15.06,117.2,12.14,kft-lbs,2636.0,763.0,9.58,9.75,0.335,% total gas,599.7,SYNTHETIC
2026-09-06 21:35:43,ACTIVE-01,2277,Tipam,17.54,16.46,112.2,13.36,kft-lbs,2617.0,757.0,9.59,9.78,0.427,% total gas,599.6,SYNTHETIC
2026-09-06 21:39:00,ACTIVE-01,2278,Tipam,18.29,17.27,108.0,13.24,kft-lbs,2649.0,755.0,9.61,9.8,0.432,% total gas,600.0,SYNTHETIC
2026-09-06 21:41:57,ACTIVE-01,2279,Tipam,20.31,14.85,108.5,12.6,kft-lbs,2692.0,756.0,9.59,9.77,0.5,% total gas,600.1,SYNTHETIC
2026-09-06 21:45:37,ACTIVE-01,2280,Tipam,16.37,16.07,114.2,12.92,kft-lbs,2634.0,752.0,9.63,9.82,0.368,% total gas,600.0,SYNTHETIC
2026-09-06 21:48:52,ACTIVE-01,2281,Tipam,18.47,15.96,107.9,12.75,kft-lbs,2651.0,735.0,9.57,9.75,0.511,% total gas,599.7,SYNTHETIC
2026-09-06 21:51:56,ACTIVE-01,2282,Tipam,19.61,16.0,111.7,12.49,kft-lbs,2760.0,744.0,9.58,9.75,0.358,% total gas,599.7,SYNTHETIC
2026-09-06 21:55:19,ACTIVE-01,2283,Tipam,17.73,16.28,113.4,11.87,kft-lbs,2600.0,743.0,9.58,9.77,0.293,% total gas,599.5,SYNTHETIC
2026-09-06 21:58:19,ACTIVE-01,2284,Tipam,19.96,16.2,106.8,12.62,kft-lbs,2637.0,754.0,9.64,9.84,0.509,% total gas,599.8,SYNTHETIC
2026-09-06 22:01:38,ACTIVE-01,2285,Tipam,18.08,16.08,113.8,11.98,kft-lbs,2573.0,748.0,9.57,9.76,0.438,% total gas,599.1,SYNTHETIC
2026-09-06 22:04:17,ACTIVE-01,2286,Tipam,22.71,16.27,110.2,13.62,kft-lbs,2603.0,755.0,9.59,9.77,0.455,% total gas,599.2,SYNTHETIC
2026-09-06 22:07:55,ACTIVE-01,2287,Tipam,16.51,15.15,109.3,11.12,kft-lbs,2672.0,748.0,9.63,9.83,0.325,% total gas,598.8,SYNTHETIC
2026-09-06 22:10:58,ACTIVE-01,2288,Tipam,19.64,16.35,105.1,12.67,kft-lbs,2644.0,754.0,9.58,9.77,0.366,% total gas,599.6,SYNTHETIC
2026-09-06 22:13:52,ACTIVE-01,2289,Tipam,20.65,14.89,115.7,13.51,kft-lbs,2684.0,758.0,9.55,9.72,0.293,% total gas,599.9,SYNTHETIC
2026-09-06 22:16:43,ACTIVE-01,2290,Tipam,21.11,16.5,113.0,12.76,kft-lbs,2646.0,756.0,9.62,9.81,0.45,% total gas,599.5,SYNTHETIC
2026-09-06 22:19:33,ACTIVE-01,2291,Tipam,21.21,16.05,105.9,10.76,kft-lbs,2704.0,753.0,9.64,9.82,0.412,% total gas,599.1,SYNTHETIC
2026-09-06 22:22:56,ACTIVE-01,2292,Tipam,17.7,16.65,110.6,12.99,kft-lbs,2730.0,756.0,9.6,9.82,0.557,% total gas,598.9,SYNTHETIC
2026-09-06 22:26:23,ACTIVE-01,2293,Tipam,17.37,15.56,117.1,12.13,kft-lbs,2646.0,754.0,9.62,9.81,0.609,% total gas,599.3,SYNTHETIC
2026-09-06 22:29:27,ACTIVE-01,2294,Tipam,19.55,15.36,105.9,12.13,kft-lbs,2704.0,747.0,9.59,9.79,0.42,% total gas,599.6,SYNTHETIC
2026-09-06 22:32:53,ACTIVE-01,2295,Tipam,17.49,15.77,116.4,12.28,kft-lbs,2629.0,744.0,9.58,9.78,0.308,% total gas,599.2,SYNTHETIC
2026-09-06 22:35:54,ACTIVE-01,2296,Tipam,19.92,15.91,116.9,12.03,kft-lbs,2653.0,745.0,9.6,9.79,0.379,% total gas,599.2,SYNTHETIC
2026-09-06 22:38:49,ACTIVE-01,2297,Tipam,20.51,16.59,113.0,12.16,kft-lbs,2653.0,754.0,9.57,9.77,0.343,% total gas,599.3,SYNTHETIC
2026-09-06 22:42:18,ACTIVE-01,2298,Tipam,17.25,15.92,109.5,12.56,kft-lbs,2586.0,736.0,9.6,9.77,0.506,% total gas,599.3,SYNTHETIC
2026-09-06 22:46:17,ACTIVE-01,2299,Tipam,15.08,15.06,107.0,12.14,kft-lbs,2637.0,753.0,9.62,9.82,0.262,% total gas,599.2,SYNTHETIC
2026-09-06 22:49:24,ACTIVE-01,2300,Tipam,19.25,15.32,106.0,12.72,kft-lbs,2813.0,748.0,9.62,9.8,0.351,% total gas,599.1,SYNTHETIC
2026-09-06 22:52:34,ACTIVE-01,2301,Tipam,18.89,16.64,112.6,11.76,kft-lbs,2620.0,756.0,9.56,9.76,0.558,% total gas,598.9,SYNTHETIC
2026-09-06 22:55:42,ACTIVE-01,2302,Tipam,19.15,16.79,109.7,13.57,kft-lbs,2760.0,743.0,9.57,9.73,0.356,% total gas,598.4,SYNTHETIC
2026-09-06 22:59:02,ACTIVE-01,2303,Tipam,18.02,17.14,110.4,12.84,kft-lbs,2730.0,743.0,9.58,9.75,0.464,% total gas,598.4,SYNTHETIC
2026-09-06 23:02:35,ACTIVE-01,2304,Tipam,16.88,16.19,113.6,12.15,kft-lbs,2666.0,749.0,9.57,9.74,0.29,% total gas,598.7,SYNTHETIC
2026-09-06 23:06:07,ACTIVE-01,2305,Tipam,17.06,16.36,107.5,12.29,kft-lbs,2614.0,752.0,9.6,9.78,0.275,% total gas,599.3,SYNTHETIC
2026-09-06 23:09:27,ACTIVE-01,2306,Tipam,18.0,17.46,108.8,12.62,kft-lbs,2631.0,757.0,9.59,9.78,0.33,% total gas,599.1,SYNTHETIC
2026-09-06 23:12:40,ACTIVE-01,2307,Tipam,18.59,15.26,110.3,12.39,kft-lbs,2655.0,755.0,9.6,9.79,0.431,% total gas,599.3,SYNTHETIC
2026-09-06 23:15:21,ACTIVE-01,2308,Tipam,22.34,15.02,107.3,12.84,kft-lbs,2583.0,746.0,9.61,9.79,0.41,% total gas,599.3,SYNTHETIC
2026-09-06 23:18:30,ACTIVE-01,2309,Tipam,19.07,16.77,114.5,11.88,kft-lbs,2526.0,747.0,9.6,9.79,0.256,% total gas,599.0,SYNTHETIC
2026-09-06 23:21:35,ACTIVE-01,2310,Tipam,19.5,17.2,115.8,13.22,kft-lbs,2698.0,754.0,9.62,9.8,0.32,% total gas,599.0,SYNTHETIC
2026-09-06 23:24:24,ACTIVE-01,2311,Tipam,21.27,16.0,113.3,11.4,kft-lbs,2605.0,745.0,9.58,9.76,0.687,% total gas,598.3,SYNTHETIC
2026-09-06 23:27:20,ACTIVE-01,2312,Tipam,20.41,15.64,107.6,13.08,kft-lbs,2638.0,758.0,9.62,9.82,0.415,% total gas,598.6,SYNTHETIC
2026-09-06 23:30:44,ACTIVE-01,2313,Tipam,17.71,15.74,104.7,12.08,kft-lbs,2697.0,748.0,9.61,9.8,0.541,% total gas,598.2,SYNTHETIC
2026-09-06 23:33:53,ACTIVE-01,2314,Tipam,18.99,16.47,109.8,12.09,kft-lbs,2604.0,752.0,9.58,9.77,0.429,% total gas,598.3,SYNTHETIC
2026-09-06 23:36:44,ACTIVE-01,2315,Tipam,21.04,15.2,112.8,12.0,kft-lbs,2541.0,750.0,9.6,9.79,0.4,% total gas,598.3,SYNTHETIC
2026-09-06 23:39:59,ACTIVE-01,2316,Tipam,18.47,15.24,111.7,11.28,kft-lbs,2722.0,754.0,9.58,9.77,0.283,% total gas,598.3,SYNTHETIC
2026-09-06 23:43:20,ACTIVE-01,2317,Tipam,17.96,16.4,110.4,12.67,kft-lbs,2665.0,750.0,9.65,9.85,0.425,% total gas,598.9,SYNTHETIC
2026-09-06 23:47:00,ACTIVE-01,2318,Tipam,16.3,14.82,111.8,12.61,kft-lbs,2722.0,738.0,9.59,9.77,0.549,% total gas,599.2,SYNTHETIC
2026-09-06 23:50:07,ACTIVE-01,2319,Tipam,19.29,16.39,108.0,12.66,kft-lbs,2637.0,754.0,9.58,9.78,0.372,% total gas,599.2,SYNTHETIC
2026-09-06 23:53:09,ACTIVE-01,2320,Tipam,19.81,15.98,111.3,12.12,kft-lbs,2628.0,750.0,9.59,9.78,0.484,% total gas,599.2,SYNTHETIC
2026-09-06 23:56:03,ACTIVE-01,2321,Tipam,20.63,13.31,113.0,13.09,kft-lbs,2705.0,759.0,9.6,9.79,0.714,% total gas,600.2,SYNTHETIC
2026-09-06 23:59:11,ACTIVE-01,2322,Tipam,19.22,15.98,108.2,12.87,kft-lbs,2672.0,749.0,9.64,9.82,0.433,% total gas,600.4,SYNTHETIC
2026-09-07 00:03:10,ACTIVE-01,2323,Tipam,15.06,16.52,110.8,11.81,kft-lbs,2684.0,743.0,9.59,9.78,0.585,% total gas,600.5,SYNTHETIC
2026-09-07 00:05:56,ACTIVE-01,2324,Tipam,21.6,15.29,110.6,12.53,kft-lbs,2633.0,746.0,9.61,9.79,0.408,% total gas,599.8,SYNTHETIC
2026-09-07 00:08:57,ACTIVE-01,2325,Tipam,19.98,15.3,115.4,13.01,kft-lbs,2659.0,760.0,9.6,9.81,0.467,% total gas,599.0,SYNTHETIC
2026-09-07 00:12:07,ACTIVE-01,2326,Tipam,18.93,14.88,113.7,12.24,kft-lbs,2653.0,760.0,9.56,9.74,0.417,% total gas,598.7,SYNTHETIC
2026-09-07 00:15:17,ACTIVE-01,2327,Tipam,18.88,16.62,111.2,11.82,kft-lbs,2672.0,737.0,9.58,9.76,0.237,% total gas,599.1,SYNTHETIC
2026-09-07 00:18:29,ACTIVE-01,2328,Tipam,18.78,15.25,107.7,12.61,kft-lbs,2730.0,767.0,9.62,9.83,0.37,% total gas,599.8,SYNTHETIC
2026-09-07 00:22:16,ACTIVE-01,2329,Tipam,15.87,15.59,110.1,12.96,kft-lbs,2674.0,741.0,9.61,9.82,0.576,% total gas,599.6,SYNTHETIC
2026-09-07 00:25:34,ACTIVE-01,2330,Tipam,18.16,16.39,107.1,12.18,kft-lbs,2628.0,745.0,9.6,9.79,0.426,% total gas,599.3,SYNTHETIC
2026-09-07 00:28:18,ACTIVE-01,2331,Tipam,21.93,15.5,113.8,11.34,kft-lbs,2625.0,737.0,9.62,9.8,0.43,% total gas,599.9,SYNTHETIC
2026-09-07 00:31:52,ACTIVE-01,2332,Tipam,16.86,15.8,107.1,13.34,kft-lbs,2660.0,748.0,9.62,9.81,0.373,% total gas,599.6,SYNTHETIC
2026-09-07 00:35:17,ACTIVE-01,2333,Tipam,17.55,16.09,107.8,13.01,kft-lbs,2726.0,749.0,9.6,9.8,0.484,% total gas,598.8,SYNTHETIC
2026-09-07 00:38:14,ACTIVE-01,2334,Tipam,20.29,15.9,109.1,13.0,kft-lbs,2740.0,744.0,9.62,9.83,0.413,% total gas,598.9,SYNTHETIC
2026-09-07 00:41:30,ACTIVE-01,2335,Tipam,18.45,16.96,113.2,14.18,kft-lbs,2564.0,744.0,9.59,9.77,0.421,% total gas,598.9,SYNTHETIC
2026-09-07 00:44:29,ACTIVE-01,2336,Tipam,20.05,15.74,106.1,11.32,kft-lbs,2731.0,752.0,9.57,9.79,0.462,% total gas,599.4,SYNTHETIC
2026-09-07 00:47:21,ACTIVE-01,2337,Tipam,20.89,15.72,111.5,11.2,kft-lbs,2777.0,759.0,9.58,9.77,0.46,% total gas,599.1,SYNTHETIC
2026-09-07 00:50:18,ACTIVE-01,2338,Tipam,20.41,15.22,108.5,13.32,kft-lbs,2639.0,740.0,9.62,9.84,0.391,% total gas,599.0,SYNTHETIC
2026-09-07 00:53:22,ACTIVE-01,2339,Tipam,19.53,16.21,108.2,11.96,kft-lbs,2769.0,744.0,9.62,9.8,0.492,% total gas,599.1,SYNTHETIC
2026-09-07 00:56:37,ACTIVE-01,2340,Tipam,18.47,16.64,107.8,12.77,kft-lbs,2722.0,744.0,9.6,9.79,0.418,% total gas,599.7,SYNTHETIC
2026-09-07 00:59:43,ACTIVE-01,2341,Tipam,19.35,16.33,107.5,12.96,kft-lbs,2757.0,757.0,9.62,9.82,0.547,% total gas,600.0,SYNTHETIC
2026-09-07 01:02:47,ACTIVE-01,2342,Tipam,19.61,15.3,105.0,13.17,kft-lbs,2688.0,761.0,9.65,9.86,0.44,% total gas,600.2,SYNTHETIC
2026-09-07 01:05:38,ACTIVE-01,2343,Tipam,21.07,15.68,110.1,11.64,kft-lbs,2686.0,750.0,9.59,9.78,0.489,% total gas,600.0,SYNTHETIC
2026-09-07 01:08:51,ACTIVE-01,2344,Tipam,18.57,16.53,110.9,12.74,kft-lbs,2689.0,749.0,9.6,9.8,0.346,% total gas,600.0,SYNTHETIC
2026-09-07 01:11:55,ACTIVE-01,2345,Tipam,19.61,17.47,112.7,12.76,kft-lbs,2690.0,748.0,9.6,9.8,0.437,% total gas,599.5,SYNTHETIC
2026-09-07 01:15:02,ACTIVE-01,2346,Tipam,19.28,16.05,101.4,12.06,kft-lbs,2629.0,747.0,9.63,9.84,0.358,% total gas,599.2,SYNTHETIC
2026-09-07 01:17:58,ACTIVE-01,2347,Tipam,20.37,15.38,113.4,11.92,kft-lbs,2624.0,750.0,9.61,9.8,0.501,% total gas,599.3,SYNTHETIC
2026-09-07 01:21:00,ACTIVE-01,2348,Tipam,19.82,14.6,109.5,12.16,kft-lbs,2743.0,742.0,9.58,9.75,0.328,% total gas,599.9,SYNTHETIC
2026-09-07 01:24:09,ACTIVE-01,2349,Tipam,19.01,14.78,113.0,11.99,kft-lbs,2698.0,743.0,9.61,9.82,0.458,% total gas,599.5,SYNTHETIC
2026-09-07 01:27:18,ACTIVE-01,2350,Tipam,19.07,16.31,113.8,13.34,kft-lbs,2698.0,750.0,9.61,9.81,0.384,% total gas,599.1,SYNTHETIC
2026-09-07 01:30:27,ACTIVE-01,2351,Tipam,19.02,16.68,106.1,12.58,kft-lbs,2765.0,746.0,9.6,9.78,0.278,% total gas,598.6,SYNTHETIC
2026-09-07 01:33:59,ACTIVE-01,2352,Tipam,16.98,16.74,107.5,12.96,kft-lbs,2627.0,755.0,9.6,9.8,0.495,% total gas,599.2,SYNTHETIC
2026-09-07 01:37:11,ACTIVE-01,2353,Tipam,18.78,15.95,110.6,13.3,kft-lbs,2705.0,750.0,9.6,9.8,0.522,% total gas,598.8,SYNTHETIC
2026-09-07 01:40:18,ACTIVE-01,2354,Tipam,19.26,14.14,107.1,13.49,kft-lbs,2733.0,751.0,9.62,9.82,0.708,% total gas,598.4,SYNTHETIC
2026-09-07 01:43:16,ACTIVE-01,2355,Tipam,20.19,16.67,108.2,12.9,kft-lbs,2790.0,758.0,9.59,9.8,0.697,% total gas,598.7,SYNTHETIC
2026-09-07 01:46:14,ACTIVE-01,2356,Tipam,20.23,16.27,109.5,11.23,kft-lbs,2783.0,745.0,9.56,9.76,0.368,% total gas,599.0,SYNTHETIC
2026-09-07 01:49:17,ACTIVE-01,2357,Tipam,19.67,15.21,111.6,12.11,kft-lbs,2770.0,729.0,9.62,9.8,0.279,% total gas,599.4,SYNTHETIC
2026-09-07 01:52:22,ACTIVE-01,2358,Tipam,19.52,16.99,116.3,11.5,kft-lbs,2738.0,755.0,9.62,9.81,0.374,% total gas,599.1,SYNTHETIC
2026-09-07 01:55:16,ACTIVE-01,2359,Tipam,20.66,16.34,111.5,12.71,kft-lbs,2782.0,751.0,9.65,9.84,0.395,% total gas,598.9,SYNTHETIC
2026-09-07 01:58:33,ACTIVE-01,2360,Tipam,18.3,16.16,110.9,12.94,kft-lbs,2692.0,753.0,9.62,9.82,0.303,% total gas,598.2,SYNTHETIC
2026-09-07 02:01:16,ACTIVE-01,2361,Tipam,22.0,14.95,111.4,11.73,kft-lbs,2684.0,744.0,9.6,9.81,0.277,% total gas,598.1,SYNTHETIC
2026-09-07 02:04:23,ACTIVE-01,2362,Tipam,19.28,16.6,119.0,11.49,kft-lbs,2690.0,759.0,9.57,9.78,0.32,% total gas,598.1,SYNTHETIC
2026-09-07 02:07:23,ACTIVE-01,2363,Tipam,19.96,15.32,112.5,12.54,kft-lbs,2707.0,758.0,9.59,9.79,0.324,% total gas,597.7,SYNTHETIC
2026-09-07 02:10:42,ACTIVE-01,2364,Tipam,18.12,16.34,116.0,11.78,kft-lbs,2679.0,754.0,9.61,9.78,0.39,% total gas,598.0,SYNTHETIC
2026-09-07 02:13:59,ACTIVE-01,2365,Tipam,18.26,14.66,111.7,12.24,kft-lbs,2781.0,757.0,9.6,9.82,0.374,% total gas,597.8,SYNTHETIC
2026-09-07 02:16:58,ACTIVE-01,2366,Tipam,20.17,17.42,111.5,11.92,kft-lbs,2657.0,751.0,9.61,9.8,0.427,% total gas,598.1,SYNTHETIC
2026-09-07 02:19:52,ACTIVE-01,2367,Tipam,20.65,16.09,112.0,11.47,kft-lbs,2624.0,743.0,9.59,9.78,0.33,% total gas,598.9,SYNTHETIC
2026-09-07 02:22:49,ACTIVE-01,2368,Tipam,20.4,15.87,109.3,12.61,kft-lbs,2690.0,738.0,9.59,9.8,0.613,% total gas,598.7,SYNTHETIC
2026-09-07 02:26:04,ACTIVE-01,2369,Tipam,18.46,15.3,112.2,11.99,kft-lbs,2711.0,738.0,9.6,9.78,0.568,% total gas,598.4,SYNTHETIC
2026-09-07 02:28:58,ACTIVE-01,2370,Tipam,20.66,15.16,106.3,13.35,kft-lbs,2677.0,756.0,9.6,9.79,0.453,% total gas,598.5,SYNTHETIC
2026-09-07 02:32:13,ACTIVE-01,2371,Tipam,18.46,15.64,110.9,13.64,kft-lbs,2621.0,753.0,9.6,9.8,0.303,% total gas,598.7,SYNTHETIC
2026-09-07 02:35:01,ACTIVE-01,2372,Tipam,21.4,16.32,112.3,12.25,kft-lbs,2663.0,745.0,9.6,9.83,0.395,% total gas,598.6,SYNTHETIC
2026-09-07 02:38:24,ACTIVE-01,2373,Tipam,17.75,17.45,110.7,13.23,kft-lbs,2662.0,746.0,9.62,9.84,0.438,% total gas,598.3,SYNTHETIC
2026-09-07 02:41:23,ACTIVE-01,2374,Tipam,20.14,16.15,108.7,12.65,kft-lbs,2826.0,742.0,9.62,9.82,0.303,% total gas,598.5,SYNTHETIC
2026-09-07 02:44:42,ACTIVE-01,2375,Tipam,18.08,16.68,107.8,12.92,kft-lbs,2671.0,755.0,9.59,9.8,0.495,% total gas,598.6,SYNTHETIC
2026-09-07 02:47:57,ACTIVE-01,2376,Tipam,18.44,17.75,113.5,11.94,kft-lbs,2712.0,765.0,9.61,9.83,0.557,% total gas,599.5,SYNTHETIC
2026-09-07 02:50:57,ACTIVE-01,2377,Tipam,19.98,14.29,107.9,12.91,kft-lbs,2697.0,742.0,9.57,9.74,0.403,% total gas,599.3,SYNTHETIC
2026-09-07 02:54:10,ACTIVE-01,2378,Tipam,18.67,15.82,111.1,13.04,kft-lbs,2600.0,752.0,9.62,9.82,0.409,% total gas,599.6,SYNTHETIC
2026-09-07 02:57:17,ACTIVE-01,2379,Tipam,19.3,16.32,114.2,11.34,kft-lbs,2658.0,752.0,9.6,9.82,0.411,% total gas,599.6,SYNTHETIC
2026-09-07 03:00:06,ACTIVE-01,2380,Tipam,21.22,15.53,112.8,13.14,kft-lbs,2755.0,750.0,9.57,9.77,0.502,% total gas,599.9,SYNTHETIC
2026-09-07 03:03:31,ACTIVE-01,2381,Tipam,17.56,15.54,108.2,12.41,kft-lbs,2646.0,761.0,9.63,9.84,0.513,% total gas,600.2,SYNTHETIC
2026-09-07 03:06:49,ACTIVE-01,2382,Tipam,18.24,15.73,104.4,11.05,kft-lbs,2709.0,759.0,9.59,9.77,0.338,% total gas,599.8,SYNTHETIC
2026-09-07 03:09:56,ACTIVE-01,2383,Tipam,19.19,16.65,106.8,12.64,kft-lbs,2758.0,743.0,9.62,9.8,0.558,% total gas,599.5,SYNTHETIC
2026-09-07 03:13:14,ACTIVE-01,2384,Tipam,18.21,16.34,105.0,11.94,kft-lbs,2748.0,743.0,9.59,9.8,0.217,% total gas,600.0,SYNTHETIC
2026-09-07 03:16:52,ACTIVE-01,2385,Tipam,16.49,16.43,112.7,12.88,kft-lbs,2719.0,756.0,9.6,9.8,0.315,% total gas,600.3,SYNTHETIC
2026-09-07 03:19:57,ACTIVE-01,2386,Tipam,19.45,14.98,111.5,11.43,kft-lbs,2692.0,754.0,9.58,9.77,0.264,% total gas,600.3,SYNTHETIC
2026-09-07 03:23:32,ACTIVE-01,2387,Tipam,16.77,14.2,112.9,13.18,kft-lbs,2773.0,772.0,9.58,9.8,0.296,% total gas,600.3,SYNTHETIC
2026-09-07 03:26:41,ACTIVE-01,2388,Tipam,19.07,15.21,107.6,12.04,kft-lbs,2769.0,758.0,9.61,9.8,0.293,% total gas,599.9,SYNTHETIC
2026-09-07 03:29:51,ACTIVE-01,2389,Tipam,18.92,16.92,116.9,12.15,kft-lbs,2699.0,758.0,9.61,9.8,0.229,% total gas,600.1,SYNTHETIC
2026-09-07 03:32:45,ACTIVE-01,2390,Tipam,20.68,15.68,113.9,12.93,kft-lbs,2758.0,756.0,9.62,9.81,0.5,% total gas,600.4,SYNTHETIC
2026-09-07 03:35:53,ACTIVE-01,2391,Tipam,19.19,15.3,105.6,12.52,kft-lbs,2762.0,754.0,9.59,9.78,0.477,% total gas,600.3,SYNTHETIC
2026-09-07 03:39:11,ACTIVE-01,2392,Tipam,18.15,16.01,108.9,12.27,kft-lbs,2759.0,733.0,9.61,9.8,0.317,% total gas,599.6,SYNTHETIC
2026-09-07 03:42:06,ACTIVE-01,2393,Tipam,20.54,15.65,109.5,13.18,kft-lbs,2701.0,757.0,9.6,9.79,0.351,% total gas,599.6,SYNTHETIC
2026-09-07 03:45:08,ACTIVE-01,2394,Tipam,19.77,16.32,110.7,12.42,kft-lbs,2730.0,750.0,9.65,9.83,0.463,% total gas,599.5,SYNTHETIC
2026-09-07 03:48:16,ACTIVE-01,2395,Tipam,19.17,16.3,112.3,12.96,kft-lbs,2679.0,737.0,9.6,9.79,0.409,% total gas,598.7,SYNTHETIC
2026-09-07 03:51:26,ACTIVE-01,2396,Tipam,18.98,15.08,109.8,12.48,kft-lbs,2714.0,741.0,9.6,9.79,0.343,% total gas,598.4,SYNTHETIC
2026-09-07 03:54:58,ACTIVE-01,2397,Tipam,16.95,16.8,108.9,12.89,kft-lbs,2743.0,740.0,9.59,9.78,0.489,% total gas,598.7,SYNTHETIC
2026-09-07 03:58:41,ACTIVE-01,2398,Tipam,16.18,14.44,108.4,12.33,kft-lbs,2713.0,772.0,9.56,9.78,0.483,% total gas,598.9,SYNTHETIC
2026-09-07 04:01:37,ACTIVE-01,2399,Tipam,20.47,15.65,109.1,10.96,kft-lbs,2667.0,745.0,9.61,9.82,0.586,% total gas,599.2,SYNTHETIC
2026-09-07 04:05:19,ACTIVE-01,2400,Tipam,16.22,16.3,108.5,12.6,kft-lbs,2790.0,751.0,9.6,9.82,0.517,% total gas,599.1,SYNTHETIC
2026-09-07 04:08:36,ACTIVE-01,2401,Tipam,18.19,16.13,104.9,12.21,kft-lbs,2680.0,741.0,9.6,9.8,0.691,% total gas,599.5,SYNTHETIC
2026-09-07 04:11:40,ACTIVE-01,2402,Tipam,19.65,16.12,105.7,12.0,kft-lbs,2680.0,747.0,9.61,9.81,0.34,% total gas,599.1,SYNTHETIC
2026-09-07 04:14:50,ACTIVE-01,2403,Tipam,18.94,17.43,109.3,13.08,kft-lbs,2667.0,746.0,9.6,9.8,0.415,% total gas,599.2,SYNTHETIC
2026-09-07 04:18:10,ACTIVE-01,2404,Tipam,17.99,15.79,111.7,12.4,kft-lbs,2646.0,752.0,9.59,9.78,0.455,% total gas,598.8,SYNTHETIC
2026-09-07 04:21:23,ACTIVE-01,2405,Tipam,18.65,15.56,110.6,12.46,kft-lbs,2710.0,750.0,9.63,9.82,0.308,% total gas,598.4,SYNTHETIC
2026-09-07 04:24:22,ACTIVE-01,2406,Tipam,20.11,14.37,110.9,12.47,kft-lbs,2712.0,755.0,9.57,9.76,0.441,% total gas,598.7,SYNTHETIC
2026-09-07 04:27:25,ACTIVE-01,2407,Tipam,19.61,15.93,110.6,13.31,kft-lbs,2782.0,750.0,9.62,9.82,0.374,% total gas,599.1,SYNTHETIC
2026-09-07 04:30:56,ACTIVE-01,2408,Tipam,17.1,14.93,110.6,12.94,kft-lbs,2730.0,751.0,9.58,9.77,0.508,% total gas,599.0,SYNTHETIC
2026-09-07 04:34:40,ACTIVE-01,2409,Tipam,16.05,16.65,107.9,12.68,kft-lbs,2770.0,754.0,9.58,9.78,0.4,% total gas,599.7,SYNTHETIC
2026-09-07 04:37:43,ACTIVE-01,2410,Tipam,19.75,14.58,108.5,12.34,kft-lbs,2680.0,753.0,9.59,9.77,0.444,% total gas,599.5,SYNTHETIC
2026-09-07 04:41:17,ACTIVE-01,2411,Tipam,16.76,17.57,109.8,12.4,kft-lbs,2630.0,745.0,9.64,9.82,0.359,% total gas,599.7,SYNTHETIC
2026-09-07 04:44:24,ACTIVE-01,2412,Tipam,19.28,15.3,106.6,13.06,kft-lbs,2721.0,745.0,9.59,9.79,0.35,% total gas,599.3,SYNTHETIC
2026-09-07 04:47:33,ACTIVE-01,2413,Tipam,19.02,15.77,111.3,12.24,kft-lbs,2688.0,761.0,9.61,9.8,0.423,% total gas,599.5,SYNTHETIC
2026-09-07 04:50:45,ACTIVE-01,2414,Tipam,18.74,15.92,108.2,12.69,kft-lbs,2687.0,738.0,9.6,9.79,0.33,% total gas,599.0,SYNTHETIC
2026-09-07 04:54:01,ACTIVE-01,2415,Tipam,18.43,16.48,111.8,11.89,kft-lbs,2811.0,739.0,9.64,9.84,0.34,% total gas,598.8,SYNTHETIC
2026-09-07 04:57:16,ACTIVE-01,2416,Tipam,18.42,16.14,105.6,13.26,kft-lbs,2782.0,746.0,9.6,9.8,0.309,% total gas,598.7,SYNTHETIC
2026-09-07 05:00:37,ACTIVE-01,2417,Tipam,17.94,15.85,107.9,11.5,kft-lbs,2721.0,747.0,9.57,9.77,0.334,% total gas,597.9,SYNTHETIC
2026-09-07 05:03:29,ACTIVE-01,2418,Tipam,20.91,16.7,114.1,12.23,kft-lbs,2702.0,744.0,9.61,9.81,0.415,% total gas,597.9,SYNTHETIC
2026-09-07 05:06:41,ACTIVE-01,2419,Tipam,18.72,15.92,114.1,12.15,kft-lbs,2732.0,762.0,9.62,9.83,0.562,% total gas,597.8,SYNTHETIC
2026-09-07 05:09:24,ACTIVE-01,2420,Tipam,22.18,14.54,110.9,12.35,kft-lbs,2742.0,746.0,9.63,9.84,0.339,% total gas,598.4,SYNTHETIC
2026-09-07 05:12:46,ACTIVE-01,2421,Tipam,17.83,15.13,106.1,13.1,kft-lbs,2767.0,747.0,9.61,9.81,0.5,% total gas,598.8,SYNTHETIC
2026-09-07 05:16:14,ACTIVE-01,2422,Tipam,17.24,16.9,106.3,13.02,kft-lbs,2747.0,754.0,9.57,9.78,0.397,% total gas,598.7,SYNTHETIC
2026-09-07 05:19:09,ACTIVE-01,2423,Tipam,20.58,15.83,113.4,13.02,kft-lbs,2775.0,753.0,9.6,9.8,0.484,% total gas,598.6,SYNTHETIC
2026-09-07 05:22:23,ACTIVE-01,2424,Tipam,18.62,16.15,112.2,13.26,kft-lbs,2799.0,743.0,9.58,9.77,0.317,% total gas,598.2,SYNTHETIC
2026-09-07 05:25:34,ACTIVE-01,2425,Tipam,18.84,17.64,103.5,12.53,kft-lbs,2773.0,751.0,9.6,9.79,0.418,% total gas,598.2,SYNTHETIC
2026-09-07 05:29:05,ACTIVE-01,2426,Tipam,17.02,15.72,109.0,13.43,kft-lbs,2769.0,740.0,9.6,9.81,0.34,% total gas,598.0,SYNTHETIC
2026-09-07 05:32:29,ACTIVE-01,2427,Tipam,17.65,14.99,107.8,12.3,kft-lbs,2840.0,751.0,9.61,9.81,0.321,% total gas,598.3,SYNTHETIC
2026-09-07 05:36:11,ACTIVE-01,2428,Tipam,16.25,15.46,110.5,12.87,kft-lbs,2645.0,743.0,9.6,9.8,0.423,% total gas,598.6,SYNTHETIC
2026-09-07 05:39:22,ACTIVE-01,2429,Tipam,18.79,15.04,107.1,12.24,kft-lbs,2839.0,755.0,9.57,9.78,0.467,% total gas,599.0,SYNTHETIC
2026-09-07 05:42:35,ACTIVE-01,2430,Tipam,18.69,15.84,114.4,12.6,kft-lbs,2648.0,760.0,9.59,9.8,0.348,% total gas,599.2,SYNTHETIC
2026-09-07 05:45:49,ACTIVE-01,2431,Tipam,18.53,14.97,109.4,12.31,kft-lbs,2701.0,739.0,9.59,9.79,0.322,% total gas,598.1,SYNTHETIC
2026-09-07 05:49:15,ACTIVE-01,2432,Tipam,17.53,14.24,108.9,11.85,kft-lbs,2763.0,746.0,9.62,9.8,0.352,% total gas,598.4,SYNTHETIC
2026-09-07 05:52:24,ACTIVE-01,2433,Tipam,19.0,15.0,108.7,13.4,kft-lbs,2713.0,751.0,9.61,9.83,0.388,% total gas,598.7,SYNTHETIC
2026-09-07 05:55:37,ACTIVE-01,2434,Tipam,18.69,16.08,110.1,12.21,kft-lbs,2796.0,754.0,9.59,9.81,0.341,% total gas,598.0,SYNTHETIC
2026-09-07 05:58:24,ACTIVE-01,2435,Tipam,21.55,15.25,107.4,11.97,kft-lbs,2665.0,767.0,9.63,9.84,0.361,% total gas,598.6,SYNTHETIC
2026-09-07 06:01:34,ACTIVE-01,2436,Tipam,18.9,16.89,108.8,12.57,kft-lbs,2723.0,745.0,9.61,9.8,0.359,% total gas,598.1,SYNTHETIC
2026-09-07 06:04:55,ACTIVE-01,2437,Tipam,17.91,16.5,108.6,11.63,kft-lbs,2717.0,736.0,9.57,9.76,0.485,% total gas,598.3,SYNTHETIC
2026-09-07 06:07:53,ACTIVE-01,2438,Tipam,20.3,17.57,114.2,12.62,kft-lbs,2659.0,745.0,9.6,9.78,0.563,% total gas,597.9,SYNTHETIC
2026-09-07 06:11:08,ACTIVE-01,2439,Tipam,18.4,14.63,113.4,12.68,kft-lbs,2806.0,751.0,9.59,9.79,0.418,% total gas,598.5,SYNTHETIC
2026-09-07 06:15:03,ACTIVE-01,2440,Tipam,15.35,15.64,106.0,10.43,kft-lbs,2734.0,759.0,9.62,9.83,0.29,% total gas,598.8,SYNTHETIC
2026-09-07 06:18:23,ACTIVE-01,2441,Tipam,17.97,16.16,104.8,13.67,kft-lbs,2810.0,761.0,9.59,9.78,0.324,% total gas,599.5,SYNTHETIC
2026-09-07 06:21:48,ACTIVE-01,2442,Tipam,17.57,14.62,113.1,12.25,kft-lbs,2821.0,736.0,9.6,9.8,0.371,% total gas,600.2,SYNTHETIC
2026-09-07 06:25:00,ACTIVE-01,2443,Tipam,18.73,16.78,113.1,13.42,kft-lbs,2794.0,748.0,9.58,9.78,0.417,% total gas,600.1,SYNTHETIC
2026-09-07 06:28:04,ACTIVE-01,2444,Tipam,19.57,15.12,103.6,13.3,kft-lbs,2712.0,757.0,9.59,9.81,0.471,% total gas,600.1,SYNTHETIC
2026-09-07 06:30:56,ACTIVE-01,2445,Tipam,20.96,16.15,113.2,11.53,kft-lbs,2640.0,739.0,9.58,9.79,0.298,% total gas,599.5,SYNTHETIC
2026-09-07 06:33:44,ACTIVE-01,2446,Tipam,21.4,17.2,110.9,14.38,kft-lbs,2754.0,746.0,9.6,9.8,0.415,% total gas,599.6,SYNTHETIC
2026-09-07 06:36:52,ACTIVE-01,2447,Tipam,19.13,15.11,109.7,12.41,kft-lbs,2821.0,742.0,9.61,9.81,0.58,% total gas,599.3,SYNTHETIC
2026-09-07 06:40:35,ACTIVE-01,2448,Tipam,16.18,17.05,103.4,11.8,kft-lbs,2698.0,751.0,9.61,9.82,0.459,% total gas,599.3,SYNTHETIC
2026-09-07 06:44:03,ACTIVE-01,2449,Tipam,17.33,16.05,110.2,10.43,kft-lbs,2755.0,750.0,9.61,9.79,0.43,% total gas,599.9,SYNTHETIC
2026-09-07 06:46:58,ACTIVE-01,2450,Tipam,20.54,15.49,114.3,13.15,kft-lbs,2851.0,745.0,9.62,9.82,0.354,% total gas,599.8,SYNTHETIC
2026-09-07 06:50:02,ACTIVE-01,2451,Tipam,19.57,16.36,106.4,12.01,kft-lbs,2774.0,745.0,9.61,9.81,0.372,% total gas,600.3,SYNTHETIC
2026-09-07 06:53:05,ACTIVE-01,2452,Tipam,19.66,16.77,112.3,12.55,kft-lbs,2820.0,759.0,9.58,9.78,0.33,% total gas,600.3,SYNTHETIC
2026-09-07 06:56:03,ACTIVE-01,2453,Tipam,20.18,13.88,114.5,12.14,kft-lbs,2737.0,753.0,9.61,9.81,0.391,% total gas,600.4,SYNTHETIC
2026-09-07 06:59:29,ACTIVE-01,2454,Tipam,17.48,16.25,113.1,12.03,kft-lbs,2778.0,739.0,9.63,9.84,0.317,% total gas,600.3,SYNTHETIC
2026-09-07 07:02:33,ACTIVE-01,2455,Tipam,19.55,15.35,113.7,12.52,kft-lbs,2755.0,749.0,9.59,9.78,0.456,% total gas,601.0,SYNTHETIC
2026-09-07 07:05:29,ACTIVE-01,2456,Tipam,20.49,14.25,110.3,12.9,kft-lbs,2714.0,753.0,9.6,9.83,0.44,% total gas,601.2,SYNTHETIC
2026-09-07 07:08:50,ACTIVE-01,2457,Tipam,17.92,15.49,106.3,12.23,kft-lbs,2815.0,762.0,9.59,9.79,0.545,% total gas,601.2,SYNTHETIC
2026-09-07 07:12:15,ACTIVE-01,2458,Tipam,17.6,15.09,110.8,12.11,kft-lbs,2762.0,739.0,9.6,9.81,0.419,% total gas,600.9,SYNTHETIC
2026-09-07 07:15:53,ACTIVE-01,2459,Tipam,16.47,16.82,115.6,13.18,kft-lbs,2803.0,763.0,9.59,9.79,0.35,% total gas,600.6,SYNTHETIC
2026-09-07 07:19:00,ACTIVE-01,2460,Tipam,19.22,16.09,109.3,11.64,kft-lbs,2785.0,746.0,9.6,9.79,0.325,% total gas,599.9,SYNTHETIC
2026-09-07 07:21:51,ACTIVE-01,2461,Tipam,21.16,16.57,113.2,11.67,kft-lbs,2747.0,738.0,9.61,9.81,0.461,% total gas,599.5,SYNTHETIC
2026-09-07 07:25:32,ACTIVE-01,2462,Tipam,16.27,17.28,114.2,12.98,kft-lbs,2685.0,755.0,9.62,9.82,0.357,% total gas,599.5,SYNTHETIC
2026-09-07 07:28:40,ACTIVE-01,2463,Tipam,19.11,15.5,106.0,12.93,kft-lbs,2724.0,758.0,9.61,9.83,0.244,% total gas,599.5,SYNTHETIC
2026-09-07 07:32:05,ACTIVE-01,2464,Tipam,17.59,15.44,105.5,12.28,kft-lbs,2748.0,754.0,9.6,9.79,0.543,% total gas,599.0,SYNTHETIC
2026-09-07 07:35:42,ACTIVE-01,2465,Tipam,16.58,17.37,106.3,13.31,kft-lbs,2619.0,759.0,9.6,9.81,0.471,% total gas,598.9,SYNTHETIC
2026-09-07 07:38:39,ACTIVE-01,2466,Tipam,20.35,16.52,112.8,12.36,kft-lbs,2733.0,747.0,9.61,9.81,0.376,% total gas,598.9,SYNTHETIC
2026-09-07 07:41:41,ACTIVE-01,2467,Tipam,19.82,17.24,108.7,11.28,kft-lbs,2767.0,756.0,9.57,9.78,0.371,% total gas,598.9,SYNTHETIC
2026-09-07 07:44:42,ACTIVE-01,2468,Tipam,19.86,15.03,104.6,11.75,kft-lbs,2713.0,743.0,9.58,9.78,0.466,% total gas,598.1,SYNTHETIC
2026-09-07 07:48:13,ACTIVE-01,2469,Tipam,17.07,14.76,106.2,13.01,kft-lbs,2770.0,763.0,9.62,9.85,0.326,% total gas,598.0,SYNTHETIC
2026-09-07 07:51:07,ACTIVE-01,2470,Tipam,20.63,16.41,113.5,12.76,kft-lbs,2690.0,756.0,9.61,9.83,0.262,% total gas,598.3,SYNTHETIC
2026-09-07 07:54:08,ACTIVE-01,2471,Tipam,19.95,15.96,109.1,11.35,kft-lbs,2812.0,747.0,9.56,9.77,0.643,% total gas,598.2,SYNTHETIC
2026-09-07 07:57:09,ACTIVE-01,2472,Tipam,19.89,17.05,103.1,12.53,kft-lbs,2651.0,761.0,9.6,9.81,0.327,% total gas,598.5,SYNTHETIC
2026-09-07 08:00:06,ACTIVE-01,2473,Tipam,20.28,13.51,110.3,11.34,kft-lbs,2786.0,734.0,9.6,9.79,0.468,% total gas,598.4,SYNTHETIC
2026-09-07 08:03:07,ACTIVE-01,2474,Tipam,19.95,17.47,110.0,12.69,kft-lbs,2757.0,753.0,9.63,9.83,0.412,% total gas,599.1,SYNTHETIC
2026-09-07 08:06:38,ACTIVE-01,2475,Tipam,17.05,16.19,112.6,12.8,kft-lbs,2699.0,763.0,9.59,9.81,0.431,% total gas,598.3,SYNTHETIC
2026-09-07 08:09:48,ACTIVE-01,2476,Tipam,18.97,15.39,108.1,12.26,kft-lbs,2753.0,769.0,9.6,9.81,0.603,% total gas,599.0,SYNTHETIC
2026-09-07 08:12:53,ACTIVE-01,2477,Tipam,19.45,14.72,109.9,12.68,kft-lbs,2807.0,748.0,9.58,9.78,0.464,% total gas,598.9,SYNTHETIC
2026-09-07 08:15:51,ACTIVE-01,2478,Tipam,20.14,15.43,113.9,12.5,kft-lbs,2823.0,744.0,9.6,9.81,0.341,% total gas,598.9,SYNTHETIC
2026-09-07 08:19:02,ACTIVE-01,2479,Tipam,18.92,16.06,104.5,11.46,kft-lbs,2736.0,753.0,9.59,9.81,0.572,% total gas,598.0,SYNTHETIC
2026-09-07 08:22:10,ACTIVE-01,2480,Tipam,19.1,17.34,108.4,13.58,kft-lbs,2753.0,753.0,9.65,9.87,0.285,% total gas,598.0,SYNTHETIC
2026-09-07 08:25:36,ACTIVE-01,2481,Tipam,17.49,15.35,106.3,12.68,kft-lbs,2834.0,749.0,9.61,9.81,0.442,% total gas,598.0,SYNTHETIC
2026-09-07 08:28:46,ACTIVE-01,2482,Tipam,18.94,14.96,109.2,12.45,kft-lbs,2745.0,749.0,9.64,9.85,0.312,% total gas,598.0,SYNTHETIC
2026-09-07 08:32:19,ACTIVE-01,2483,Tipam,16.88,16.22,105.3,12.31,kft-lbs,2677.0,746.0,9.58,9.8,0.233,% total gas,598.0,SYNTHETIC
2026-09-07 08:35:31,ACTIVE-01,2484,Tipam,18.81,15.85,110.8,13.85,kft-lbs,2735.0,736.0,9.58,9.79,0.295,% total gas,597.5,SYNTHETIC
2026-09-07 08:38:38,ACTIVE-01,2485,Tipam,19.24,17.24,112.9,12.48,kft-lbs,2729.0,741.0,9.61,9.81,0.41,% total gas,597.2,SYNTHETIC
2026-09-07 08:41:51,ACTIVE-01,2486,Tipam,18.61,16.77,109.2,13.46,kft-lbs,2712.0,742.0,9.63,9.85,0.668,% total gas,596.8,SYNTHETIC
2026-09-07 08:45:07,ACTIVE-01,2487,Tipam,18.41,15.93,112.8,12.52,kft-lbs,2733.0,743.0,9.6,9.79,0.383,% total gas,597.2,SYNTHETIC
2026-09-07 08:48:35,ACTIVE-01,2488,Tipam,17.29,17.64,111.8,11.6,kft-lbs,2751.0,743.0,9.61,9.82,0.478,% total gas,597.6,SYNTHETIC
2026-09-07 08:51:58,ACTIVE-01,2489,Tipam,17.76,15.62,107.8,12.6,kft-lbs,2840.0,747.0,9.58,9.79,0.443,% total gas,597.3,SYNTHETIC
2026-09-07 08:55:09,ACTIVE-01,2490,Tipam,18.83,15.96,108.1,12.38,kft-lbs,2746.0,766.0,9.6,9.81,0.376,% total gas,596.9,SYNTHETIC
2026-09-07 08:58:43,ACTIVE-01,2491,Tipam,16.81,16.27,113.4,13.51,kft-lbs,2825.0,769.0,9.59,9.8,0.618,% total gas,597.5,SYNTHETIC
2026-09-07 09:02:05,ACTIVE-01,2492,Tipam,17.79,16.49,112.4,12.91,kft-lbs,2775.0,741.0,9.62,9.82,0.347,% total gas,597.8,SYNTHETIC
2026-09-07 09:05:17,ACTIVE-01,2493,Tipam,18.81,16.08,108.5,12.36,kft-lbs,2720.0,750.0,9.6,9.8,0.312,% total gas,597.4,SYNTHETIC
2026-09-07 09:08:13,ACTIVE-01,2494,Tipam,20.48,15.55,110.8,12.51,kft-lbs,2807.0,741.0,9.57,9.77,0.442,% total gas,597.5,SYNTHETIC
2026-09-07 09:11:03,ACTIVE-01,2495,Tipam,21.18,16.18,113.1,11.41,kft-lbs,2870.0,758.0,9.64,9.85,0.36,% total gas,597.5,SYNTHETIC
2026-09-07 09:14:01,ACTIVE-01,2496,Tipam,20.19,15.6,113.2,11.14,kft-lbs,2818.0,737.0,9.58,9.8,0.36,% total gas,597.9,SYNTHETIC
2026-09-07 09:17:05,ACTIVE-01,2497,Tipam,19.58,15.77,109.8,11.57,kft-lbs,2795.0,748.0,9.61,9.82,0.425,% total gas,598.0,SYNTHETIC
2026-09-07 09:20:36,ACTIVE-01,2498,Tipam,17.07,17.0,108.0,12.83,kft-lbs,2703.0,744.0,9.64,9.83,0.557,% total gas,597.9,SYNTHETIC
2026-09-07 09:24:12,ACTIVE-01,2499,Tipam,16.61,15.73,100.3,12.81,kft-lbs,2698.0,751.0,9.61,9.84,0.31,% total gas,598.3,SYNTHETIC
2026-09-07 09:26:52,ACTIVE-01,2500,Tipam,22.55,15.92,113.0,13.52,kft-lbs,2816.0,758.0,9.59,9.79,0.298,% total gas,598.0,SYNTHETIC
2026-09-07 09:30:00,ACTIVE-01,2501,Tipam,19.15,16.4,108.0,12.73,kft-lbs,2802.0,760.0,9.57,9.79,0.389,% total gas,598.3,SYNTHETIC
2026-09-07 09:33:26,ACTIVE-01,2502,Tipam,17.48,17.62,109.4,12.43,kft-lbs,2703.0,757.0,9.57,9.79,0.4,% total gas,597.7,SYNTHETIC
2026-09-07 09:36:32,ACTIVE-01,2503,Tipam,19.33,16.87,107.8,11.94,kft-lbs,2762.0,757.0,9.6,9.82,0.364,% total gas,597.4,SYNTHETIC
2026-09-07 09:40:12,ACTIVE-01,2504,Tipam,16.4,15.57,108.2,12.48,kft-lbs,2798.0,748.0,9.58,9.8,0.372,% total gas,596.4,SYNTHETIC
2026-09-07 09:43:20,ACTIVE-01,2505,Tipam,19.11,15.86,117.1,12.48,kft-lbs,2790.0,755.0,9.59,9.8,0.404,% total gas,597.1,SYNTHETIC
2026-09-07 09:46:14,ACTIVE-01,2506,Tipam,20.67,15.06,106.1,13.02,kft-lbs,2732.0,759.0,9.62,9.8,0.527,% total gas,597.0,SYNTHETIC
2026-09-07 09:49:06,ACTIVE-01,2507,Tipam,21.0,15.95,109.9,12.72,kft-lbs,2741.0,741.0,9.58,9.77,0.422,% total gas,596.6,SYNTHETIC
2026-09-07 09:52:18,ACTIVE-01,2508,Tipam,18.68,15.66,113.4,12.86,kft-lbs,2873.0,740.0,9.61,9.82,0.457,% total gas,597.1,SYNTHETIC
2026-09-07 09:55:34,ACTIVE-01,2509,Tipam,18.42,15.69,108.0,11.63,kft-lbs,2805.0,751.0,9.6,9.81,0.635,% total gas,597.0,SYNTHETIC
2026-09-07 09:59:01,ACTIVE-01,2510,Tipam,17.39,16.29,108.7,12.7,kft-lbs,2854.0,760.0,9.61,9.83,0.383,% total gas,596.3,SYNTHETIC
2026-09-07 10:01:52,ACTIVE-01,2511,Tipam,21.03,15.15,108.2,12.47,kft-lbs,2843.0,758.0,9.6,9.82,0.463,% total gas,596.8,SYNTHETIC
2026-09-07 10:04:57,ACTIVE-01,2512,Tipam,19.43,15.37,109.4,13.36,kft-lbs,2739.0,754.0,9.61,9.82,0.328,% total gas,597.3,SYNTHETIC
2026-09-07 10:07:57,ACTIVE-01,2513,Tipam,20.0,15.59,111.0,12.13,kft-lbs,2744.0,748.0,9.6,9.82,0.467,% total gas,598.1,SYNTHETIC
2026-09-07 10:11:20,ACTIVE-01,2514,Tipam,17.73,17.07,106.0,12.41,kft-lbs,2668.0,759.0,9.58,9.79,0.815,% total gas,597.8,SYNTHETIC
2026-09-07 10:14:26,ACTIVE-01,2515,Tipam,19.39,16.12,116.7,12.7,kft-lbs,2802.0,757.0,9.57,9.78,0.397,% total gas,597.5,SYNTHETIC
2026-09-07 10:17:30,ACTIVE-01,2516,Tipam,19.6,15.87,104.7,12.75,kft-lbs,2786.0,747.0,9.62,9.82,0.296,% total gas,597.5,SYNTHETIC
2026-09-07 10:20:39,ACTIVE-01,2517,Tipam,19.0,16.96,113.5,12.51,kft-lbs,2736.0,738.0,9.61,9.82,0.482,% total gas,597.3,SYNTHETIC
2026-09-07 10:23:25,ACTIVE-01,2518,Tipam,21.7,16.2,107.2,13.45,kft-lbs,2721.0,750.0,9.6,9.8,0.364,% total gas,598.0,SYNTHETIC
2026-09-07 10:26:37,ACTIVE-01,2519,Tipam,18.74,16.42,115.5,13.55,kft-lbs,2853.0,737.0,9.63,9.82,0.48,% total gas,597.5,SYNTHETIC
2026-09-07 10:30:01,ACTIVE-01,2520,Tipam,17.67,17.43,106.6,11.1,kft-lbs,2796.0,757.0,9.58,9.8,0.309,% total gas,597.2,SYNTHETIC
2026-09-07 10:33:10,ACTIVE-01,2521,Tipam,19.08,15.24,107.9,12.86,kft-lbs,2806.0,745.0,9.58,9.78,0.322,% total gas,597.0,SYNTHETIC
2026-09-07 10:36:04,ACTIVE-01,2522,Tipam,20.61,15.77,109.5,12.66,kft-lbs,2891.0,762.0,9.59,9.81,0.659,% total gas,597.3,SYNTHETIC
2026-09-07 10:39:28,ACTIVE-01,2523,Tipam,17.68,15.09,109.7,12.69,kft-lbs,2900.0,756.0,9.6,9.81,0.445,% total gas,597.3,SYNTHETIC
2026-09-07 10:42:48,ACTIVE-01,2524,Tipam,18.01,16.12,103.0,12.04,kft-lbs,2784.0,769.0,9.61,9.85,0.405,% total gas,597.7,SYNTHETIC
2026-09-07 10:45:45,ACTIVE-01,2525,Tipam,20.28,17.1,109.6,12.51,kft-lbs,2782.0,741.0,9.62,9.83,0.3,% total gas,598.5,SYNTHETIC
2026-09-07 10:48:37,ACTIVE-01,2526,Tipam,20.93,14.86,117.8,13.09,kft-lbs,2837.0,749.0,9.57,9.78,0.437,% total gas,597.9,SYNTHETIC
2026-09-07 10:52:02,ACTIVE-01,2527,Tipam,17.59,15.95,109.6,12.16,kft-lbs,2693.0,731.0,9.6,9.78,0.273,% total gas,598.0,SYNTHETIC
2026-09-07 10:55:09,ACTIVE-01,2528,Tipam,19.29,15.5,110.8,12.78,kft-lbs,2863.0,742.0,9.62,9.82,0.392,% total gas,597.7,SYNTHETIC
2026-09-07 10:58:34,ACTIVE-01,2529,Tipam,17.51,15.86,104.4,11.9,kft-lbs,2773.0,739.0,9.63,9.83,0.349,% total gas,597.3,SYNTHETIC
2026-09-07 11:01:53,ACTIVE-01,2530,Tipam,18.12,15.76,115.3,12.94,kft-lbs,2814.0,752.0,9.61,9.82,0.429,% total gas,597.1,SYNTHETIC
2026-09-07 11:05:20,ACTIVE-01,2531,Tipam,17.4,15.67,117.2,13.86,kft-lbs,2827.0,753.0,9.59,9.81,0.337,% total gas,597.3,SYNTHETIC
2026-09-07 11:08:53,ACTIVE-01,2532,Tipam,16.9,17.19,109.2,12.19,kft-lbs,2745.0,754.0,9.59,9.82,0.379,% total gas,597.1,SYNTHETIC
2026-09-07 11:11:57,ACTIVE-01,2533,Tipam,19.5,16.31,110.2,12.84,kft-lbs,2798.0,745.0,9.59,9.79,0.263,% total gas,597.3,SYNTHETIC
2026-09-07 11:15:04,ACTIVE-01,2534,Tipam,19.33,14.42,112.2,12.76,kft-lbs,2892.0,741.0,9.59,9.81,0.512,% total gas,597.0,SYNTHETIC
2026-09-07 11:18:15,ACTIVE-01,2535,Tipam,18.81,15.77,108.6,12.42,kft-lbs,2810.0,756.0,9.61,9.84,0.312,% total gas,596.8,SYNTHETIC
2026-09-07 11:22:02,ACTIVE-01,2536,Tipam,15.88,15.2,106.3,11.98,kft-lbs,2723.0,756.0,9.62,9.82,0.484,% total gas,597.4,SYNTHETIC
2026-09-07 11:24:49,ACTIVE-01,2537,Tipam,21.57,17.41,112.5,12.02,kft-lbs,2904.0,759.0,9.62,9.83,0.319,% total gas,598.5,SYNTHETIC
2026-09-07 11:28:00,ACTIVE-01,2538,Tipam,18.79,16.28,114.0,12.75,kft-lbs,2753.0,752.0,9.59,9.8,0.266,% total gas,598.6,SYNTHETIC
2026-09-07 11:31:31,ACTIVE-01,2539,Tipam,17.09,18.24,112.1,11.89,kft-lbs,2814.0,758.0,9.57,9.79,0.3,% total gas,598.3,SYNTHETIC
2026-09-07 11:34:53,ACTIVE-01,2540,Tipam,17.81,14.3,107.8,11.91,kft-lbs,2787.0,765.0,9.6,9.82,0.383,% total gas,598.3,SYNTHETIC
2026-09-07 11:38:36,ACTIVE-01,2541,Tipam,16.17,14.8,111.5,13.11,kft-lbs,2864.0,753.0,9.58,9.8,0.456,% total gas,597.9,SYNTHETIC
2026-09-07 11:41:38,ACTIVE-01,2542,Tipam,19.76,15.65,111.0,11.78,kft-lbs,2912.0,731.0,9.58,9.79,0.406,% total gas,597.4,SYNTHETIC
2026-09-07 11:45:20,ACTIVE-01,2543,Tipam,16.17,15.69,108.2,12.74,kft-lbs,2771.0,755.0,9.58,9.8,0.453,% total gas,597.4,SYNTHETIC
2026-09-07 11:48:17,ACTIVE-01,2544,Tipam,20.44,14.76,111.4,11.87,kft-lbs,2766.0,750.0,9.58,9.8,0.523,% total gas,597.6,SYNTHETIC
2026-09-07 11:51:25,ACTIVE-01,2545,Tipam,19.14,15.22,114.4,12.33,kft-lbs,2821.0,745.0,9.57,9.79,0.324,% total gas,597.6,SYNTHETIC
2026-09-07 11:54:45,ACTIVE-01,2546,Tipam,17.99,15.15,113.9,12.29,kft-lbs,2795.0,737.0,9.62,9.84,0.311,% total gas,598.2,SYNTHETIC
2026-09-07 11:58:12,ACTIVE-01,2547,Tipam,17.38,17.51,115.3,12.66,kft-lbs,2769.0,744.0,9.57,9.79,0.501,% total gas,598.6,SYNTHETIC
2026-09-07 12:01:38,ACTIVE-01,2548,Tipam,17.5,16.62,107.7,12.13,kft-lbs,2770.0,749.0,9.6,9.82,0.256,% total gas,598.5,SYNTHETIC
2026-09-07 12:05:10,ACTIVE-01,2549,Tipam,16.96,16.64,116.5,12.76,kft-lbs,2804.0,757.0,9.62,9.84,0.355,% total gas,597.9,SYNTHETIC
2026-09-07 12:08:29,ACTIVE-01,2550,Tipam,18.04,17.16,102.0,12.27,kft-lbs,2771.0,754.0,9.64,9.85,0.404,% total gas,598.0,SYNTHETIC
2026-09-07 12:11:51,ACTIVE-01,2551,Tipam,17.88,15.72,112.5,13.14,kft-lbs,2739.0,760.0,9.57,9.8,0.498,% total gas,598.3,SYNTHETIC
2026-09-07 12:15:01,ACTIVE-01,2552,Tipam,18.95,15.05,107.4,11.82,kft-lbs,2766.0,762.0,9.61,9.84,0.414,% total gas,598.2,SYNTHETIC
2026-09-07 12:18:06,ACTIVE-01,2553,Tipam,19.39,14.73,113.4,12.07,kft-lbs,2712.0,763.0,9.58,9.79,0.575,% total gas,598.9,SYNTHETIC
2026-09-07 12:21:04,ACTIVE-01,2554,Tipam,20.32,15.47,107.1,12.0,kft-lbs,2763.0,751.0,9.6,9.83,0.399,% total gas,598.8,SYNTHETIC
2026-09-07 12:24:17,ACTIVE-01,2555,Tipam,18.58,15.47,111.1,12.22,kft-lbs,2771.0,754.0,9.59,9.81,0.277,% total gas,598.6,SYNTHETIC
2026-09-07 12:27:12,ACTIVE-01,2556,Tipam,20.56,16.32,110.2,13.2,kft-lbs,2802.0,747.0,9.6,9.81,0.472,% total gas,598.0,SYNTHETIC
2026-09-07 12:30:11,ACTIVE-01,2557,Tipam,20.12,16.34,110.6,12.54,kft-lbs,2726.0,749.0,9.59,9.8,0.336,% total gas,597.8,SYNTHETIC
2026-09-07 12:33:10,ACTIVE-01,2558,Tipam,20.12,15.4,109.0,12.35,kft-lbs,2779.0,745.0,9.61,9.82,0.4,% total gas,597.6,SYNTHETIC
2026-09-07 12:36:09,ACTIVE-01,2559,Tipam,20.13,15.26,107.2,13.45,kft-lbs,2778.0,733.0,9.57,9.78,0.312,% total gas,598.1,SYNTHETIC
2026-09-07 12:39:17,ACTIVE-01,2560,Tipam,19.19,16.55,106.3,12.87,kft-lbs,2770.0,753.0,9.58,9.8,0.651,% total gas,597.8,SYNTHETIC
2026-09-07 12:42:54,ACTIVE-01,2561,Tipam,16.54,16.52,114.1,12.12,kft-lbs,2788.0,756.0,9.63,9.82,0.413,% total gas,597.6,SYNTHETIC
2026-09-07 12:46:17,ACTIVE-01,2562,Tipam,17.78,15.73,104.8,12.55,kft-lbs,2730.0,745.0,9.59,9.81,0.399,% total gas,596.9,SYNTHETIC
2026-09-07 12:49:45,ACTIVE-01,2563,Tipam,17.32,14.92,109.9,13.63,kft-lbs,2817.0,750.0,9.63,9.84,0.479,% total gas,596.9,SYNTHETIC
2026-09-07 12:53:15,ACTIVE-01,2564,Tipam,17.13,15.6,114.3,12.73,kft-lbs,2883.0,743.0,9.57,9.77,0.705,% total gas,596.5,SYNTHETIC
2026-09-07 12:57:02,ACTIVE-01,2565,Tipam,15.86,16.17,103.2,13.47,kft-lbs,2762.0,743.0,9.57,9.78,0.405,% total gas,596.5,SYNTHETIC
2026-09-07 12:59:52,ACTIVE-01,2566,Tipam,21.19,15.46,109.2,12.36,kft-lbs,2805.0,752.0,9.62,9.84,0.219,% total gas,596.2,SYNTHETIC
2026-09-07 13:02:51,ACTIVE-01,2567,Tipam,20.12,16.85,111.2,13.2,kft-lbs,2818.0,753.0,9.64,9.85,0.411,% total gas,596.5,SYNTHETIC
2026-09-07 13:06:03,ACTIVE-01,2568,Tipam,18.72,17.2,116.2,12.29,kft-lbs,2900.0,746.0,9.6,9.79,0.31,% total gas,597.2,SYNTHETIC
2026-09-07 13:09:19,ACTIVE-01,2569,Tipam,18.37,14.79,105.7,11.96,kft-lbs,2754.0,765.0,9.56,9.79,0.369,% total gas,597.2,SYNTHETIC
2026-09-07 13:12:28,ACTIVE-01,2570,Tipam,19.03,16.21,106.1,12.22,kft-lbs,2828.0,760.0,9.58,9.8,0.603,% total gas,597.2,SYNTHETIC
2026-09-07 13:15:50,ACTIVE-01,2571,Tipam,17.79,15.98,108.6,12.23,kft-lbs,2876.0,743.0,9.62,9.84,0.289,% total gas,597.5,SYNTHETIC
2026-09-07 13:18:51,ACTIVE-01,2572,Tipam,19.97,14.61,110.4,12.4,kft-lbs,2815.0,750.0,9.59,9.81,0.27,% total gas,598.3,SYNTHETIC
2026-09-07 13:21:52,ACTIVE-01,2573,Tipam,19.82,15.22,103.0,11.93,kft-lbs,2692.0,748.0,9.56,9.78,0.453,% total gas,598.4,SYNTHETIC
2026-09-07 13:24:35,ACTIVE-01,2574,Tipam,22.19,15.61,114.3,11.83,kft-lbs,2716.0,738.0,9.59,9.81,0.381,% total gas,597.8,SYNTHETIC
2026-09-07 13:27:40,ACTIVE-01,2575,Tipam,19.37,16.81,102.1,12.0,kft-lbs,2883.0,753.0,9.59,9.83,0.336,% total gas,597.0,SYNTHETIC
2026-09-07 13:31:07,ACTIVE-01,2576,Tipam,17.43,15.39,113.9,12.24,kft-lbs,2770.0,765.0,9.64,9.85,0.33,% total gas,597.1,SYNTHETIC
2026-09-07 13:34:47,ACTIVE-01,2577,Tipam,16.36,15.54,110.4,12.69,kft-lbs,2803.0,746.0,9.56,9.75,0.259,% total gas,597.4,SYNTHETIC
2026-09-07 13:38:05,ACTIVE-01,2578,Tipam,18.15,17.05,110.3,14.05,kft-lbs,2805.0,736.0,9.59,9.81,0.489,% total gas,596.6,SYNTHETIC
2026-09-07 13:41:16,ACTIVE-01,2579,Tipam,18.89,16.03,105.8,11.92,kft-lbs,2921.0,758.0,9.65,9.87,0.309,% total gas,597.6,SYNTHETIC
2026-09-07 13:44:24,ACTIVE-01,2580,Tipam,19.1,16.85,108.7,12.04,kft-lbs,2881.0,755.0,9.55,9.76,0.377,% total gas,597.3,SYNTHETIC
2026-09-07 13:47:50,ACTIVE-01,2581,Tipam,17.54,15.0,111.6,12.48,kft-lbs,2800.0,756.0,9.59,9.82,0.345,% total gas,597.3,SYNTHETIC
2026-09-07 13:51:19,ACTIVE-01,2582,Tipam,17.22,14.06,113.2,12.14,kft-lbs,2867.0,753.0,9.61,9.81,0.497,% total gas,597.8,SYNTHETIC
2026-09-07 13:54:34,ACTIVE-01,2583,Tipam,18.47,15.13,109.5,12.63,kft-lbs,2715.0,747.0,9.6,9.81,0.525,% total gas,597.9,SYNTHETIC
2026-09-07 13:57:38,ACTIVE-01,2584,Tipam,19.49,15.85,107.6,12.21,kft-lbs,2840.0,743.0,9.58,9.79,0.386,% total gas,597.8,SYNTHETIC
2026-09-07 14:00:59,ACTIVE-01,2585,Tipam,17.92,15.46,112.1,12.18,kft-lbs,2762.0,761.0,9.59,9.8,0.236,% total gas,597.7,SYNTHETIC
2026-09-07 14:03:58,ACTIVE-01,2586,Tipam,20.18,16.0,108.9,13.64,kft-lbs,2796.0,749.0,9.62,9.83,0.387,% total gas,597.1,SYNTHETIC
2026-09-07 14:06:52,ACTIVE-01,2587,Tipam,20.69,16.21,106.4,12.39,kft-lbs,2855.0,744.0,9.59,9.8,0.431,% total gas,597.6,SYNTHETIC
2026-09-07 14:09:55,ACTIVE-01,2588,Tipam,19.67,15.1,118.4,11.66,kft-lbs,2701.0,746.0,9.58,9.78,0.332,% total gas,597.5,SYNTHETIC
2026-09-07 14:13:08,ACTIVE-01,2589,Tipam,18.62,15.35,110.0,13.3,kft-lbs,2805.0,755.0,9.62,9.85,0.406,% total gas,597.7,SYNTHETIC
2026-09-07 14:16:00,ACTIVE-01,2590,Tipam,20.9,14.49,106.5,11.95,kft-lbs,1304.0,499.0,10.23,10.34,0.552,% total gas,597.5,SYNTHETIC
2026-09-07 14:19:27,ACTIVE-01,2591,Tipam,17.44,17.24,112.9,12.04,kft-lbs,1359.0,497.0,10.19,10.28,0.686,% total gas,597.3,SYNTHETIC
2026-09-07 14:22:32,ACTIVE-01,2592,Tipam,19.41,15.91,110.4,12.59,kft-lbs,1317.0,503.0,10.23,10.33,0.578,% total gas,597.4,SYNTHETIC
2026-09-07 14:25:33,ACTIVE-01,2593,Tipam,19.91,16.32,113.4,12.68,kft-lbs,1366.0,498.0,10.21,10.31,0.523,% total gas,596.7,SYNTHETIC
2026-09-07 14:28:53,ACTIVE-01,2594,Tipam,18.04,16.83,112.4,13.31,kft-lbs,1332.0,504.0,10.22,10.32,0.371,% total gas,596.4,SYNTHETIC
2026-09-07 14:32:13,ACTIVE-01,2595,Tipam,17.92,16.43,112.3,13.16,kft-lbs,1345.0,492.0,10.19,10.3,0.507,% total gas,596.6,SYNTHETIC
2026-09-07 14:35:35,ACTIVE-01,2596,Tipam,17.83,15.57,112.0,10.92,kft-lbs,1359.0,503.0,10.19,10.29,0.425,% total gas,596.2,SYNTHETIC
2026-09-07 14:38:45,ACTIVE-01,2597,Tipam,18.96,15.63,108.0,12.46,kft-lbs,1310.0,508.0,10.22,10.33,0.474,% total gas,596.1,SYNTHETIC
2026-09-07 14:41:40,ACTIVE-01,2598,Tipam,20.61,15.3,110.2,13.09,kft-lbs,1363.0,499.0,10.16,10.25,0.404,% total gas,596.3,SYNTHETIC
2026-09-07 14:45:13,ACTIVE-01,2599,Tipam,16.92,16.32,111.3,13.25,kft-lbs,1384.0,503.0,10.16,10.28,0.345,% total gas,597.1,SYNTHETIC
2026-09-07 14:48:24,ACTIVE-01,2600,Tipam,18.85,15.31,109.5,12.54,kft-lbs,1361.0,495.0,10.18,10.28,0.354,% total gas,596.8,SYNTHETIC
2026-09-07 14:52:00,ACTIVE-01,2601,Tipam,16.66,15.77,112.6,11.96,kft-lbs,1362.0,501.0,10.19,10.29,0.386,% total gas,596.8,SYNTHETIC
2026-09-07 14:55:36,ACTIVE-01,2602,Tipam,16.61,15.22,110.0,13.46,kft-lbs,1324.0,501.0,10.22,10.34,0.479,% total gas,596.2,SYNTHETIC
2026-09-07 14:58:48,ACTIVE-01,2603,Tipam,18.82,15.1,109.9,11.24,kft-lbs,1367.0,495.0,10.16,10.26,0.323,% total gas,595.4,SYNTHETIC
2026-09-07 15:01:39,ACTIVE-01,2604,Tipam,21.08,15.31,120.2,11.89,kft-lbs,1376.0,490.0,10.21,10.29,0.378,% total gas,595.8,SYNTHETIC
2026-09-07 15:04:58,ACTIVE-01,2605,Tipam,18.02,16.25,108.3,12.94,kft-lbs,1361.0,501.0,10.2,10.29,0.203,% total gas,595.7,SYNTHETIC
2026-09-07 15:08:11,ACTIVE-01,2606,Tipam,18.69,15.35,110.4,13.41,kft-lbs,1368.0,488.0,10.18,10.29,0.418,% total gas,596.2,SYNTHETIC
2026-09-07 15:11:09,ACTIVE-01,2607,Tipam,20.24,16.84,114.6,12.59,kft-lbs,1394.0,494.0,10.2,10.31,0.707,% total gas,596.6,SYNTHETIC
2026-09-07 15:14:19,ACTIVE-01,2608,Tipam,18.93,15.85,112.1,12.14,kft-lbs,1356.0,495.0,10.19,10.29,0.344,% total gas,596.5,SYNTHETIC
2026-09-07 15:17:34,ACTIVE-01,2609,Tipam,18.41,14.83,111.5,12.64,kft-lbs,1368.0,498.0,10.2,10.28,0.403,% total gas,596.8,SYNTHETIC
2026-09-07 15:24:16,ACTIVE-01,2610,Barail,8.97,22.64,101.1,14.29,kft-lbs,1361.0,499.0,10.22,10.32,0.864,% total gas,596.6,SYNTHETIC
2026-09-07 15:30:48,ACTIVE-01,2611,Barail,9.18,22.72,95.8,15.02,kft-lbs,1320.0,506.0,10.2,10.31,0.792,% total gas,597.3,SYNTHETIC
2026-09-07 15:36:52,ACTIVE-01,2612,Barail,9.89,21.98,95.6,15.18,kft-lbs,1332.0,500.0,10.19,10.3,0.791,% total gas,597.6,SYNTHETIC
2026-09-07 15:42:20,ACTIVE-01,2613,Barail,10.97,21.13,103.9,13.91,kft-lbs,1331.0,498.0,10.19,10.29,1.095,% total gas,597.8,SYNTHETIC
2026-09-07 15:47:58,ACTIVE-01,2614,Barail,10.67,21.82,97.8,12.87,kft-lbs,1333.0,499.0,10.2,10.31,0.978,% total gas,597.5,SYNTHETIC
2026-09-07 15:53:59,ACTIVE-01,2615,Barail,9.97,21.92,100.2,15.29,kft-lbs,1378.0,494.0,10.2,10.29,1.003,% total gas,597.8,SYNTHETIC
2026-09-07 15:59:44,ACTIVE-01,2616,Barail,10.43,21.72,101.7,14.14,kft-lbs,1397.0,504.0,10.25,10.35,0.638,% total gas,597.6,SYNTHETIC
2026-09-07 16:05:32,ACTIVE-01,2617,Barail,10.35,20.96,99.9,15.4,kft-lbs,1317.0,500.0,10.18,10.27,0.728,% total gas,597.4,SYNTHETIC
2026-09-07 16:11:09,ACTIVE-01,2618,Barail,10.66,19.46,103.7,13.81,kft-lbs,1328.0,495.0,10.2,10.3,1.006,% total gas,597.7,SYNTHETIC
2026-09-07 16:16:48,ACTIVE-01,2619,Barail,10.63,22.88,102.0,14.46,kft-lbs,1390.0,498.0,10.19,10.29,0.718,% total gas,598.3,SYNTHETIC
2026-09-07 16:23:18,ACTIVE-01,2620,Barail,9.22,21.34,99.2,16.76,kft-lbs,1392.0,501.0,10.21,10.32,0.728,% total gas,598.1,SYNTHETIC
2026-09-07 16:30:21,ACTIVE-01,2621,Barail,8.51,20.81,98.2,14.49,kft-lbs,1373.0,497.0,10.22,10.33,0.624,% total gas,598.5,SYNTHETIC
2026-09-07 16:36:43,ACTIVE-01,2622,Barail,9.44,22.75,94.0,14.39,kft-lbs,1354.0,493.0,10.24,10.35,0.849,% total gas,598.5,SYNTHETIC
2026-09-07 16:42:58,ACTIVE-01,2623,Barail,9.59,23.69,97.8,14.48,kft-lbs,1402.0,494.0,10.18,10.29,1.239,% total gas,598.1,SYNTHETIC
2026-09-07 16:49:29,ACTIVE-01,2624,Barail,9.22,21.46,96.7,13.89,kft-lbs,1335.0,501.0,10.16,10.26,0.585,% total gas,597.8,SYNTHETIC
2026-09-07 16:55:42,ACTIVE-01,2625,Barail,9.64,19.6,102.6,13.79,kft-lbs,1362.0,504.0,10.22,10.32,0.547,% total gas,598.1,SYNTHETIC
2026-09-07 17:01:47,ACTIVE-01,2626,Barail,9.86,23.11,108.3,15.09,kft-lbs,1370.0,507.0,10.21,10.32,0.804,% total gas,597.9,SYNTHETIC
2026-09-07 17:06:50,ACTIVE-01,2627,Barail,11.91,22.85,94.8,14.93,kft-lbs,1383.0,510.0,10.2,10.34,1.108,% total gas,598.0,SYNTHETIC
2026-09-07 17:12:14,ACTIVE-01,2628,Barail,11.08,21.92,100.5,13.77,kft-lbs,1345.0,501.0,10.22,10.32,1.051,% total gas,598.0,SYNTHETIC
2026-09-07 17:18:17,ACTIVE-01,2629,Barail,9.93,21.07,99.5,14.26,kft-lbs,1321.0,509.0,10.21,10.32,0.575,% total gas,598.0,SYNTHETIC
2026-09-07 17:24:33,ACTIVE-01,2630,Barail,9.58,24.09,99.0,13.8,kft-lbs,1320.0,498.0,10.19,10.3,0.886,% total gas,598.1,SYNTHETIC
2026-09-07 17:29:39,ACTIVE-01,2631,Barail,11.74,22.16,101.8,15.62,kft-lbs,1383.0,507.0,10.17,10.27,0.736,% total gas,598.4,SYNTHETIC
2026-09-07 17:35:11,ACTIVE-01,2632,Barail,10.84,19.43,97.4,15.1,kft-lbs,1380.0,502.0,10.21,10.31,1.153,% total gas,598.6,SYNTHETIC
2026-09-07 17:41:43,ACTIVE-01,2633,Barail,9.19,21.1,97.7,14.73,kft-lbs,1350.0,493.0,10.21,10.31,1.201,% total gas,598.4,SYNTHETIC
2026-09-07 17:49:32,ACTIVE-01,2634,Barail,7.68,20.84,98.8,14.28,kft-lbs,1301.0,506.0,10.18,10.3,0.678,% total gas,597.8,SYNTHETIC
2026-09-07 17:55:26,ACTIVE-01,2635,Barail,10.17,21.67,102.7,14.76,kft-lbs,1392.0,508.0,10.18,10.3,0.722,% total gas,598.3,SYNTHETIC
2026-09-07 18:00:59,ACTIVE-01,2636,Barail,10.82,21.43,99.9,13.35,kft-lbs,1369.0,500.0,10.2,10.3,0.725,% total gas,598.2,SYNTHETIC
2026-09-07 18:06:39,ACTIVE-01,2637,Barail,10.58,20.58,101.5,14.66,kft-lbs,1395.0,494.0,10.19,10.3,1.143,% total gas,598.6,SYNTHETIC
2026-09-07 18:13:04,ACTIVE-01,2638,Barail,9.34,21.76,104.0,14.89,kft-lbs,1339.0,493.0,10.23,10.34,0.721,% total gas,598.6,SYNTHETIC
2026-09-07 18:18:47,ACTIVE-01,2639,Barail,10.5,21.15,99.6,14.45,kft-lbs,1398.0,499.0,10.2,10.33,0.841,% total gas,598.7,SYNTHETIC
2026-09-07 18:24:24,ACTIVE-01,2640,Barail,10.7,20.16,103.9,15.99,kft-lbs,1374.0,500.0,10.21,10.31,0.774,% total gas,599.0,SYNTHETIC
2026-09-07 18:30:23,ACTIVE-01,2641,Barail,10.02,21.82,103.6,13.56,kft-lbs,1361.0,492.0,10.23,10.31,0.688,% total gas,598.4,SYNTHETIC
2026-09-07 18:35:33,ACTIVE-01,2642,Barail,11.63,22.89,103.4,15.01,kft-lbs,1351.0,498.0,10.19,10.3,0.88,% total gas,598.3,SYNTHETIC
2026-09-07 18:41:50,ACTIVE-01,2643,Barail,9.54,23.37,97.7,14.14,kft-lbs,1356.0,495.0,10.18,10.28,0.655,% total gas,597.9,SYNTHETIC
2026-09-07 18:49:23,ACTIVE-01,2644,Barail,7.94,23.88,99.5,12.99,kft-lbs,1367.0,499.0,10.22,10.33,0.632,% total gas,597.8,SYNTHETIC
2026-09-07 18:55:48,ACTIVE-01,2645,Barail,9.36,18.8,101.1,14.7,kft-lbs,1377.0,493.0,10.18,10.29,1.001,% total gas,597.9,SYNTHETIC
2026-09-07 19:01:48,ACTIVE-01,2646,Barail,10.01,20.21,96.9,14.83,kft-lbs,1414.0,492.0,10.19,10.29,0.998,% total gas,597.6,SYNTHETIC
2026-09-07 19:07:49,ACTIVE-01,2647,Barail,9.97,21.64,101.8,13.72,kft-lbs,1390.0,502.0,10.2,10.31,0.885,% total gas,597.5,SYNTHETIC
2026-09-07 19:14:24,ACTIVE-01,2648,Barail,9.11,20.04,101.0,14.82,kft-lbs,1393.0,497.0,10.25,10.35,0.524,% total gas,597.8,SYNTHETIC
2026-09-07 19:20:00,ACTIVE-01,2649,Barail,10.71,23.8,96.9,15.28,kft-lbs,1357.0,506.0,10.2,10.31,0.813,% total gas,598.5,SYNTHETIC
2026-09-07 19:26:32,ACTIVE-01,2650,Barail,9.19,19.27,100.6,14.32,kft-lbs,1392.0,506.0,10.21,10.32,0.808,% total gas,599.0,SYNTHETIC
2026-09-07 19:32:24,ACTIVE-01,2651,Barail,10.21,20.98,107.6,14.91,kft-lbs,1367.0,504.0,10.19,10.29,0.923,% total gas,599.0,SYNTHETIC
2026-09-07 19:39:12,ACTIVE-01,2652,Barail,8.83,23.52,101.0,15.05,kft-lbs,1378.0,501.0,10.22,10.33,1.043,% total gas,598.3,SYNTHETIC
2026-09-07 19:45:43,ACTIVE-01,2653,Barail,9.2,20.4,101.1,13.24,kft-lbs,1396.0,502.0,10.2,10.31,0.899,% total gas,598.7,SYNTHETIC
2026-09-07 19:51:35,ACTIVE-01,2654,Barail,10.23,21.77,98.4,14.04,kft-lbs,1338.0,504.0,10.2,10.31,1.189,% total gas,599.0,SYNTHETIC
2026-09-07 19:58:48,ACTIVE-01,2655,Barail,8.31,23.2,101.3,14.2,kft-lbs,1370.0,500.0,10.19,10.32,1.313,% total gas,598.9,SYNTHETIC
2026-09-07 20:04:16,ACTIVE-01,2656,Barail,11.0,22.59,96.5,15.67,kft-lbs,1374.0,492.0,10.22,10.32,0.692,% total gas,598.9,SYNTHETIC
2026-09-07 20:10:06,ACTIVE-01,2657,Barail,10.28,22.28,96.9,12.57,kft-lbs,1357.0,497.0,10.18,10.28,0.872,% total gas,599.6,SYNTHETIC
2026-09-07 20:16:08,ACTIVE-01,2658,Barail,9.95,21.05,103.3,14.13,kft-lbs,1366.0,503.0,10.2,10.32,0.778,% total gas,599.9,SYNTHETIC
2026-09-07 20:21:56,ACTIVE-01,2659,Barail,10.32,20.63,96.2,15.28,kft-lbs,1426.0,506.0,10.2,10.31,0.624,% total gas,599.5,SYNTHETIC
2026-09-07 20:27:03,ACTIVE-01,2660,Barail,11.73,21.53,98.0,12.18,kft-lbs,1381.0,499.0,10.2,10.3,0.906,% total gas,599.8,SYNTHETIC
2026-09-07 20:33:55,ACTIVE-01,2661,Barail,8.75,23.74,98.7,15.1,kft-lbs,1370.0,494.0,10.21,10.31,1.102,% total gas,599.1,SYNTHETIC
2026-09-07 20:40:34,ACTIVE-01,2662,Barail,9.02,21.84,101.5,15.1,kft-lbs,1369.0,507.0,10.18,10.29,1.002,% total gas,599.4,SYNTHETIC
2026-09-07 20:46:22,ACTIVE-01,2663,Barail,10.35,21.79,100.0,15.05,kft-lbs,1403.0,501.0,10.16,10.27,0.804,% total gas,599.9,SYNTHETIC
2026-09-07 20:53:18,ACTIVE-01,2664,Barail,8.64,21.36,97.6,14.02,kft-lbs,1372.0,499.0,10.21,10.32,0.639,% total gas,599.4,SYNTHETIC
2026-09-07 20:59:05,ACTIVE-01,2665,Barail,10.39,23.25,99.9,14.66,kft-lbs,1339.0,499.0,10.19,10.27,0.987,% total gas,599.0,SYNTHETIC
2026-09-07 21:05:45,ACTIVE-01,2666,Barail,8.99,20.88,101.9,16.31,kft-lbs,1366.0,503.0,10.19,10.31,0.798,% total gas,598.9,SYNTHETIC
2026-09-07 21:12:40,ACTIVE-01,2667,Barail,8.68,21.71,102.3,13.95,kft-lbs,1381.0,500.0,10.21,10.31,0.548,% total gas,599.1,SYNTHETIC
2026-09-07 21:18:05,ACTIVE-01,2668,Barail,11.09,22.91,101.8,13.41,kft-lbs,1335.0,502.0,10.19,10.3,0.595,% total gas,599.2,SYNTHETIC
2026-09-07 21:23:26,ACTIVE-01,2669,Barail,11.19,21.17,100.1,14.89,kft-lbs,1348.0,505.0,10.19,10.29,0.98,% total gas,599.1,SYNTHETIC
2026-09-07 21:30:20,ACTIVE-01,2670,Barail,8.7,21.87,102.1,14.51,kft-lbs,1378.0,497.0,10.18,10.29,0.7,% total gas,599.2,SYNTHETIC
2026-09-07 21:35:37,ACTIVE-01,2671,Barail,11.38,23.72,95.3,15.81,kft-lbs,1378.0,505.0,10.16,10.29,0.843,% total gas,599.2,SYNTHETIC
2026-09-07 21:40:42,ACTIVE-01,2672,Barail,11.8,21.3,100.2,14.88,kft-lbs,1424.0,495.0,10.18,10.27,0.544,% total gas,599.5,SYNTHETIC
2026-09-07 21:46:32,ACTIVE-01,2673,Barail,10.27,21.62,99.0,12.82,kft-lbs,1437.0,506.0,10.21,10.33,0.991,% total gas,599.5,SYNTHETIC
2026-09-07 21:52:10,ACTIVE-01,2674,Barail,10.67,23.11,97.1,15.2,kft-lbs,1327.0,504.0,10.19,10.3,0.717,% total gas,599.5,SYNTHETIC
2026-09-07 21:58:28,ACTIVE-01,2675,Barail,9.52,20.65,96.6,15.24,kft-lbs,1375.0,499.0,10.21,10.31,0.728,% total gas,599.0,SYNTHETIC
2026-09-07 22:05:18,ACTIVE-01,2676,Barail,8.78,22.11,96.0,14.24,kft-lbs,1376.0,503.0,10.21,10.33,1.618,% total gas,598.8,SYNTHETIC
2026-09-07 22:10:48,ACTIVE-01,2677,Barail,10.91,22.49,100.3,15.31,kft-lbs,1378.0,504.0,10.18,10.27,0.733,% total gas,599.3,SYNTHETIC
2026-09-07 22:16:26,ACTIVE-01,2678,Barail,10.65,22.39,99.8,13.83,kft-lbs,1395.0,501.0,10.2,10.3,0.811,% total gas,598.6,SYNTHETIC
2026-09-07 22:21:59,ACTIVE-01,2679,Barail,10.8,22.58,98.4,14.44,kft-lbs,1394.0,493.0,10.18,10.28,0.746,% total gas,598.4,SYNTHETIC
2026-09-07 22:28:10,ACTIVE-01,2680,Barail,9.71,23.22,98.5,14.88,kft-lbs,1437.0,502.0,10.22,10.34,0.838,% total gas,598.1,SYNTHETIC
2026-09-07 22:34:15,ACTIVE-01,2681,Barail,9.86,20.92,104.6,15.39,kft-lbs,1384.0,497.0,10.19,10.3,0.862,% total gas,598.1,SYNTHETIC
2026-09-07 22:39:58,ACTIVE-01,2682,Barail,10.5,21.38,101.2,14.81,kft-lbs,1380.0,505.0,10.21,10.32,0.738,% total gas,597.9,SYNTHETIC
2026-09-07 22:46:11,ACTIVE-01,2683,Barail,9.64,21.42,97.5,14.2,kft-lbs,1421.0,501.0,10.17,10.3,0.77,% total gas,597.4,SYNTHETIC
2026-09-07 22:52:33,ACTIVE-01,2684,Barail,9.43,22.05,104.3,15.56,kft-lbs,1403.0,501.0,10.21,10.3,0.995,% total gas,597.4,SYNTHETIC
2026-09-07 22:58:18,ACTIVE-01,2685,Barail,10.43,20.77,103.3,14.23,kft-lbs,957.0,423.0,10.21,10.29,0.727,% total gas,592.9,SYNTHETIC
2026-09-07 23:04:02,ACTIVE-01,2686,Barail,10.48,21.21,101.7,15.56,kft-lbs,945.0,426.0,10.19,10.28,0.736,% total gas,588.2,SYNTHETIC
2026-09-07 23:10:03,ACTIVE-01,2687,Barail,9.96,21.41,100.0,14.16,kft-lbs,935.0,422.0,10.17,10.26,0.582,% total gas,583.3,SYNTHETIC
2026-09-07 23:15:30,ACTIVE-01,2688,Barail,11.01,21.33,102.8,14.87,kft-lbs,949.0,423.0,10.18,10.24,0.998,% total gas,578.9,SYNTHETIC
2026-09-07 23:21:51,ACTIVE-01,2689,Barail,9.45,20.62,106.2,15.13,kft-lbs,951.0,419.0,10.17,10.25,0.951,% total gas,575.1,SYNTHETIC
2026-09-07 23:28:07,ACTIVE-01,2690,Barail,9.57,20.9,93.9,14.69,kft-lbs,943.0,425.0,10.18,10.27,0.854,% total gas,571.3,SYNTHETIC
2026-09-07 23:33:28,ACTIVE-01,2691,Barail,11.23,20.75,101.0,15.25,kft-lbs,971.0,418.0,10.22,10.28,0.617,% total gas,567.3,SYNTHETIC
2026-09-07 23:38:43,ACTIVE-01,2692,Barail,11.41,21.11,106.2,13.97,kft-lbs,943.0,427.0,10.17,10.25,0.641,% total gas,563.5,SYNTHETIC
2026-09-07 23:45:59,ACTIVE-01,2693,Barail,8.26,22.32,98.8,14.43,kft-lbs,973.0,428.0,10.17,10.26,1.347,% total gas,559.8,SYNTHETIC
2026-09-07 23:52:41,ACTIVE-01,2694,Barail,8.96,22.68,96.9,14.26,kft-lbs,1383.0,500.0,10.18,10.29,0.826,% total gas,560.7,SYNTHETIC
2026-09-08 00:00:05,ACTIVE-01,2695,Barail,8.11,22.32,99.1,14.58,kft-lbs,1354.0,505.0,10.21,10.34,0.573,% total gas,561.8,SYNTHETIC
2026-09-08 00:06:14,ACTIVE-01,2696,Barail,9.76,21.78,96.6,15.08,kft-lbs,1406.0,502.0,10.2,10.3,0.769,% total gas,562.7,SYNTHETIC
2026-09-08 00:11:31,ACTIVE-01,2697,Barail,11.35,21.0,101.3,14.36,kft-lbs,1358.0,505.0,10.22,10.32,0.448,% total gas,563.6,SYNTHETIC
2026-09-08 00:17:55,ACTIVE-01,2698,Barail,9.38,20.59,101.5,14.81,kft-lbs,1390.0,499.0,10.18,10.3,0.455,% total gas,564.1,SYNTHETIC
2026-09-08 00:23:51,ACTIVE-01,2699,Barail,10.11,21.93,105.4,13.67,kft-lbs,1395.0,506.0,10.21,10.31,0.559,% total gas,565.0,SYNTHETIC
2026-09-08 00:29:40,ACTIVE-01,2700,Barail,10.3,23.75,97.9,13.63,kft-lbs,1369.0,516.0,10.17,10.29,0.8,% total gas,565.3,SYNTHETIC
2026-09-08 00:35:28,ACTIVE-01,2701,Barail,10.36,23.76,95.2,13.8,kft-lbs,1379.0,502.0,10.2,10.3,0.841,% total gas,565.5,SYNTHETIC
2026-09-08 00:42:00,ACTIVE-01,2702,Barail,9.17,23.79,100.6,14.86,kft-lbs,1389.0,494.0,10.16,10.27,0.99,% total gas,566.1,SYNTHETIC
2026-09-08 00:47:39,ACTIVE-01,2703,Barail,10.63,20.31,102.2,14.09,kft-lbs,1399.0,497.0,10.22,10.32,1.538,% total gas,566.4,SYNTHETIC
2026-09-08 00:53:34,ACTIVE-01,2704,Barail,10.15,22.28,101.5,13.74,kft-lbs,1373.0,495.0,10.2,10.32,0.741,% total gas,567.1,SYNTHETIC
2026-09-08 01:00:11,ACTIVE-01,2705,Barail,9.06,20.66,99.5,15.35,kft-lbs,1429.0,499.0,10.19,10.3,0.901,% total gas,567.0,SYNTHETIC
2026-09-08 01:05:56,ACTIVE-01,2706,Barail,10.44,21.33,103.3,14.56,kft-lbs,1363.0,504.0,10.22,10.32,0.816,% total gas,566.9,SYNTHETIC
2026-09-08 01:11:43,ACTIVE-01,2707,Barail,10.38,22.39,95.7,15.17,kft-lbs,1368.0,508.0,10.21,10.31,0.937,% total gas,567.8,SYNTHETIC
2026-09-08 01:17:27,ACTIVE-01,2708,Barail,10.47,20.1,102.9,15.64,kft-lbs,1393.0,501.0,10.21,10.32,0.503,% total gas,568.3,SYNTHETIC
2026-09-08 01:24:14,ACTIVE-01,2709,Barail,8.84,24.3,100.0,14.01,kft-lbs,1386.0,489.0,10.22,10.31,1.154,% total gas,569.7,SYNTHETIC
2026-09-08 01:29:33,ACTIVE-01,2710,Barail,11.29,22.97,98.4,14.13,kft-lbs,1371.0,503.0,10.21,10.34,0.62,% total gas,570.4,SYNTHETIC
2026-09-08 01:35:33,ACTIVE-01,2711,Barail,10.0,21.44,102.5,15.49,kft-lbs,1382.0,501.0,10.22,10.33,0.609,% total gas,570.1,SYNTHETIC
2026-09-08 01:42:17,ACTIVE-01,2712,Barail,8.91,21.37,104.0,14.47,kft-lbs,1397.0,496.0,10.2,10.31,0.647,% total gas,570.5,SYNTHETIC
2026-09-08 01:47:41,ACTIVE-01,2713,Barail,11.11,22.01,95.5,14.84,kft-lbs,1431.0,499.0,10.19,10.29,1.064,% total gas,571.8,SYNTHETIC
2026-09-08 01:53:34,ACTIVE-01,2714,Barail,10.18,21.58,99.5,15.56,kft-lbs,1391.0,503.0,10.23,10.34,0.615,% total gas,572.5,SYNTHETIC
2026-09-08 01:59:54,ACTIVE-01,2715,Barail,9.47,20.39,92.5,15.03,kft-lbs,1383.0,502.0,10.18,10.3,0.527,% total gas,573.6,SYNTHETIC
2026-09-08 02:05:52,ACTIVE-01,2716,Barail,10.07,23.53,102.3,14.37,kft-lbs,1436.0,499.0,10.19,10.3,0.778,% total gas,574.7,SYNTHETIC
2026-09-08 02:12:23,ACTIVE-01,2717,Barail,9.2,21.71,99.9,15.63,kft-lbs,1407.0,503.0,10.22,10.32,0.766,% total gas,574.8,SYNTHETIC
2026-09-08 02:18:23,ACTIVE-01,2718,Barail,10.01,23.06,98.9,14.09,kft-lbs,1370.0,494.0,10.22,10.32,0.736,% total gas,575.1,SYNTHETIC
2026-09-08 02:24:23,ACTIVE-01,2719,Barail,10.0,22.88,98.4,14.63,kft-lbs,1345.0,494.0,10.16,10.28,0.729,% total gas,574.9,SYNTHETIC
2026-09-08 02:30:17,ACTIVE-01,2720,Barail,10.17,23.01,99.4,14.3,kft-lbs,1351.0,499.0,10.21,10.33,1.464,% total gas,575.1,SYNTHETIC
2026-09-08 02:36:07,ACTIVE-01,2721,Barail,10.28,22.92,96.7,14.74,kft-lbs,1381.0,500.0,10.2,10.33,1.052,% total gas,575.2,SYNTHETIC
2026-09-08 02:41:41,ACTIVE-01,2722,Barail,10.77,22.29,98.2,15.25,kft-lbs,1391.0,495.0,10.21,10.31,0.547,% total gas,575.2,SYNTHETIC
2026-09-08 02:47:09,ACTIVE-01,2723,Barail,10.99,22.39,103.6,14.16,kft-lbs,1373.0,498.0,10.19,10.3,0.59,% total gas,575.8,SYNTHETIC
2026-09-08 02:53:26,ACTIVE-01,2724,Barail,9.54,22.71,96.2,12.9,kft-lbs,1390.0,505.0,10.17,10.28,0.74,% total gas,576.3,SYNTHETIC
2026-09-08 02:59:23,ACTIVE-01,2725,Barail,10.09,22.94,99.0,14.01,kft-lbs,1412.0,502.0,10.22,10.34,0.541,% total gas,576.8,SYNTHETIC
2026-09-08 03:06:18,ACTIVE-01,2726,Barail,8.68,24.71,99.1,14.01,kft-lbs,1370.0,501.0,10.23,10.32,0.987,% total gas,577.6,SYNTHETIC
2026-09-08 03:12:14,ACTIVE-01,2727,Barail,10.11,23.13,101.4,14.93,kft-lbs,1442.0,501.0,10.25,10.36,0.857,% total gas,578.3,SYNTHETIC
2026-09-08 03:17:41,ACTIVE-01,2728,Barail,11.02,21.71,94.0,14.3,kft-lbs,1384.0,500.0,10.21,10.33,0.705,% total gas,579.3,SYNTHETIC
2026-09-08 03:23:56,ACTIVE-01,2729,Barail,9.6,21.09,105.3,14.08,kft-lbs,1387.0,502.0,10.22,10.33,1.302,% total gas,579.9,SYNTHETIC
2026-09-08 03:29:53,ACTIVE-01,2730,Barail,10.06,21.53,101.1,13.04,kft-lbs,1385.0,496.0,10.19,10.31,0.717,% total gas,580.4,SYNTHETIC
2026-09-08 03:36:12,ACTIVE-01,2731,Barail,9.5,24.05,100.6,14.59,kft-lbs,1396.0,492.0,10.22,10.33,0.749,% total gas,580.9,SYNTHETIC
2026-09-08 03:42:48,ACTIVE-01,2732,Barail,9.1,21.21,106.8,15.14,kft-lbs,1387.0,505.0,10.19,10.3,0.79,% total gas,580.7,SYNTHETIC
2026-09-08 03:48:28,ACTIVE-01,2733,Barail,10.6,22.42,103.0,14.67,kft-lbs,1387.0,504.0,10.24,10.34,0.59,% total gas,581.4,SYNTHETIC
2026-09-08 03:55:13,ACTIVE-01,2734,Barail,8.89,22.02,98.5,14.03,kft-lbs,1367.0,492.0,10.2,10.31,1.138,% total gas,580.7,SYNTHETIC
2026-09-08 04:01:47,ACTIVE-01,2735,Barail,9.12,23.19,97.0,13.21,kft-lbs,1415.0,506.0,10.2,10.31,0.865,% total gas,581.9,SYNTHETIC
2026-09-08 04:07:34,ACTIVE-01,2736,Barail,10.38,19.92,101.7,15.63,kft-lbs,1375.0,506.0,10.24,10.36,1.033,% total gas,581.9,SYNTHETIC
2026-09-08 04:13:31,ACTIVE-01,2737,Barail,10.1,21.09,103.3,14.76,kft-lbs,1397.0,501.0,10.23,10.34,0.84,% total gas,582.6,SYNTHETIC
2026-09-08 04:19:33,ACTIVE-01,2738,Barail,9.93,21.59,102.5,15.5,kft-lbs,1392.0,499.0,10.2,10.29,1.39,% total gas,583.5,SYNTHETIC
2026-09-08 04:24:57,ACTIVE-01,2739,Barail,11.1,23.28,95.6,16.12,kft-lbs,1452.0,498.0,10.19,10.3,0.657,% total gas,584.2,SYNTHETIC
2026-09-08 04:31:05,ACTIVE-01,2740,Barail,9.8,21.12,97.8,13.07,kft-lbs,1369.0,501.0,10.18,10.3,0.446,% total gas,584.6,SYNTHETIC
2026-09-08 04:37:03,ACTIVE-01,2741,Barail,10.06,22.0,106.8,14.56,kft-lbs,1404.0,492.0,10.2,10.29,0.761,% total gas,584.8,SYNTHETIC
2026-09-08 04:43:26,ACTIVE-01,2742,Barail,9.4,21.94,100.6,14.06,kft-lbs,1394.0,505.0,10.22,10.34,0.788,% total gas,585.0,SYNTHETIC
2026-09-08 04:49:15,ACTIVE-01,2743,Barail,10.29,20.5,99.3,14.72,kft-lbs,1379.0,504.0,10.19,10.29,1.026,% total gas,585.6,SYNTHETIC
2026-09-08 04:55:53,ACTIVE-01,2744,Barail,9.06,22.75,95.4,13.81,kft-lbs,1405.0,507.0,10.21,10.32,0.479,% total gas,586.4,SYNTHETIC
2026-09-08 05:01:52,ACTIVE-01,2745,Barail,10.03,22.87,101.5,14.35,kft-lbs,1374.0,508.0,10.17,10.28,0.85,% total gas,586.0,SYNTHETIC
2026-09-08 05:07:26,ACTIVE-01,2746,Barail,10.78,22.53,102.0,13.23,kft-lbs,1434.0,496.0,10.2,10.3,0.431,% total gas,586.4,SYNTHETIC
2026-09-08 05:12:56,ACTIVE-01,2747,Barail,10.9,20.81,102.4,14.92,kft-lbs,1407.0,503.0,10.21,10.31,0.886,% total gas,586.5,SYNTHETIC
2026-09-08 05:19:35,ACTIVE-01,2748,Barail,9.01,22.52,100.1,14.16,kft-lbs,1420.0,488.0,10.21,10.32,1.447,% total gas,586.6,SYNTHETIC
2026-09-08 05:25:11,ACTIVE-01,2749,Barail,10.72,20.67,97.4,13.74,kft-lbs,1413.0,497.0,10.19,10.29,1.05,% total gas,586.4,SYNTHETIC
2026-09-08 05:31:08,ACTIVE-01,2750,Barail,10.09,23.08,99.9,13.87,kft-lbs,1412.0,494.0,10.15,10.24,0.452,% total gas,586.8,SYNTHETIC
2026-09-08 05:37:17,ACTIVE-01,2751,Barail,9.75,22.57,94.0,14.33,kft-lbs,1389.0,505.0,10.2,10.32,0.586,% total gas,587.4,SYNTHETIC
2026-09-08 05:42:58,ACTIVE-01,2752,Barail,10.58,21.5,98.1,13.83,kft-lbs,1365.0,496.0,10.18,10.3,1.082,% total gas,587.8,SYNTHETIC
2026-09-08 05:49:49,ACTIVE-01,2753,Barail,8.75,21.5,101.4,13.44,kft-lbs,1375.0,513.0,10.18,10.3,0.854,% total gas,588.4,SYNTHETIC
2026-09-08 05:55:52,ACTIVE-01,2754,Barail,9.92,22.0,103.8,15.01,kft-lbs,1389.0,508.0,10.21,10.34,0.658,% total gas,588.9,SYNTHETIC
2026-09-08 06:02:11,ACTIVE-01,2755,Barail,9.5,20.29,97.6,12.85,kft-lbs,1413.0,495.0,10.17,10.28,0.621,% total gas,589.1,SYNTHETIC
2026-09-08 06:08:02,ACTIVE-01,2756,Barail,10.25,20.53,103.2,14.17,kft-lbs,1458.0,496.0,10.19,10.3,0.372,% total gas,589.0,SYNTHETIC
2026-09-08 06:13:30,ACTIVE-01,2757,Barail,10.99,21.94,101.8,15.49,kft-lbs,1385.0,497.0,10.22,10.34,0.865,% total gas,588.3,SYNTHETIC
2026-09-08 06:19:58,ACTIVE-01,2758,Barail,9.26,19.59,99.1,14.73,kft-lbs,1418.0,502.0,10.19,10.31,1.063,% total gas,588.1,SYNTHETIC
2026-09-08 06:25:40,ACTIVE-01,2759,Barail,10.55,21.44,98.9,14.83,kft-lbs,1417.0,488.0,10.21,10.31,0.841,% total gas,588.1,SYNTHETIC
2026-09-08 06:31:26,ACTIVE-01,2760,Barail,10.39,21.63,95.2,14.87,kft-lbs,1391.0,502.0,10.17,10.27,0.724,% total gas,588.7,SYNTHETIC
2026-09-08 06:37:41,ACTIVE-01,2761,Barail,9.6,22.24,99.5,14.7,kft-lbs,1415.0,499.0,10.18,10.29,0.763,% total gas,589.2,SYNTHETIC
2026-09-08 06:43:46,ACTIVE-01,2762,Barail,9.88,22.16,103.6,15.56,kft-lbs,1330.0,501.0,10.26,10.37,0.835,% total gas,589.8,SYNTHETIC
2026-09-08 06:50:29,ACTIVE-01,2763,Barail,8.93,22.27,105.6,15.67,kft-lbs,1419.0,498.0,10.2,10.31,0.859,% total gas,590.2,SYNTHETIC
2026-09-08 06:55:45,ACTIVE-01,2764,Barail,11.39,22.15,98.4,15.21,kft-lbs,1428.0,505.0,10.22,10.35,0.716,% total gas,590.0,SYNTHETIC
2026-09-08 07:00:36,ACTIVE-01,2765,Barail,12.36,21.63,103.9,14.93,kft-lbs,1449.0,502.0,10.18,10.29,0.684,% total gas,590.2,SYNTHETIC
2026-09-08 07:05:59,ACTIVE-01,2766,Barail,11.15,21.11,102.1,13.49,kft-lbs,1428.0,495.0,10.18,10.3,1.007,% total gas,590.3,SYNTHETIC
2026-09-08 07:12:25,ACTIVE-01,2767,Barail,9.33,21.81,103.4,13.48,kft-lbs,1408.0,504.0,10.19,10.33,1.513,% total gas,591.1,SYNTHETIC
2026-09-08 07:18:06,ACTIVE-01,2768,Barail,10.54,22.09,98.3,14.24,kft-lbs,1411.0,499.0,10.22,10.33,0.63,% total gas,591.3,SYNTHETIC
2026-09-08 07:25:08,ACTIVE-01,2769,Barail,8.53,19.79,98.7,14.55,kft-lbs,1427.0,503.0,10.2,10.31,1.065,% total gas,591.2,SYNTHETIC
2026-09-08 07:30:42,ACTIVE-01,2770,Barail,10.79,21.74,104.1,13.78,kft-lbs,1428.0,503.0,10.2,10.31,0.685,% total gas,591.4,SYNTHETIC
2026-09-08 07:36:20,ACTIVE-01,2771,Barail,10.66,23.09,102.2,15.29,kft-lbs,1373.0,495.0,10.17,10.29,0.522,% total gas,591.5,SYNTHETIC
2026-09-08 07:42:09,ACTIVE-01,2772,Barail,10.32,22.92,99.3,14.27,kft-lbs,1436.0,502.0,10.17,10.3,0.997,% total gas,591.7,SYNTHETIC
2026-09-08 07:47:16,ACTIVE-01,2773,Barail,11.72,21.78,99.9,15.71,kft-lbs,1397.0,499.0,10.18,10.29,0.904,% total gas,592.3,SYNTHETIC
2026-09-08 07:53:55,ACTIVE-01,2774,Barail,9.02,22.42,93.0,15.38,kft-lbs,1383.0,504.0,10.18,10.28,0.969,% total gas,592.6,SYNTHETIC
2026-09-08 08:00:03,ACTIVE-01,2775,Barail,9.78,21.58,99.2,16.48,kft-lbs,1451.0,504.0,10.19,10.29,0.512,% total gas,593.6,SYNTHETIC
2026-09-08 08:06:25,ACTIVE-01,2776,Barail,9.41,22.9,97.7,13.94,kft-lbs,1425.0,499.0,10.17,10.27,1.299,% total gas,593.5,SYNTHETIC
2026-09-08 08:12:42,ACTIVE-01,2777,Barail,9.56,21.49,94.4,12.97,kft-lbs,1384.0,494.0,10.19,10.3,0.882,% total gas,593.9,SYNTHETIC
2026-09-08 08:19:02,ACTIVE-01,2778,Barail,9.48,22.88,97.5,15.37,kft-lbs,1426.0,497.0,10.18,10.3,0.757,% total gas,593.9,SYNTHETIC
2026-09-08 08:25:18,ACTIVE-01,2779,Barail,9.56,21.84,100.3,14.36,kft-lbs,1377.0,503.0,10.2,10.3,0.689,% total gas,594.7,SYNTHETIC
2026-09-08 08:30:32,ACTIVE-01,2780,Barail,11.46,22.93,96.0,15.6,kft-lbs,1407.0,502.0,10.18,10.3,1.135,% total gas,594.5,SYNTHETIC
2026-09-08 08:36:11,ACTIVE-01,2781,Barail,10.65,21.71,100.6,14.86,kft-lbs,1378.0,504.0,10.2,10.32,1.112,% total gas,594.5,SYNTHETIC
2026-09-08 08:42:26,ACTIVE-01,2782,Barail,9.59,22.17,102.3,14.75,kft-lbs,1397.0,497.0,10.18,10.29,0.788,% total gas,594.8,SYNTHETIC
2026-09-08 08:49:15,ACTIVE-01,2783,Barail,8.8,21.38,99.6,15.29,kft-lbs,1397.0,503.0,10.21,10.33,0.935,% total gas,595.0,SYNTHETIC
2026-09-08 08:55:31,ACTIVE-01,2784,Barail,9.57,23.17,100.4,15.04,kft-lbs,1379.0,503.0,10.18,10.3,1.061,% total gas,594.8,SYNTHETIC
2026-09-08 09:01:45,ACTIVE-01,2785,Barail,9.64,21.0,98.8,14.8,kft-lbs,1438.0,504.0,10.19,10.29,0.6,% total gas,595.2,SYNTHETIC
2026-09-08 09:07:22,ACTIVE-01,2786,Barail,10.68,20.41,101.3,14.44,kft-lbs,1426.0,501.0,10.21,10.31,0.749,% total gas,595.7,SYNTHETIC
2026-09-08 09:13:28,ACTIVE-01,2787,Barail,9.82,22.75,97.9,14.86,kft-lbs,1414.0,497.0,10.21,10.33,0.509,% total gas,595.5,SYNTHETIC
2026-09-08 09:20:30,ACTIVE-01,2788,Barail,8.54,21.31,100.1,15.63,kft-lbs,1370.0,499.0,10.21,10.31,0.629,% total gas,594.9,SYNTHETIC
2026-09-08 09:27:24,ACTIVE-01,2789,Barail,8.7,20.21,96.2,15.22,kft-lbs,1385.0,503.0,10.18,10.28,1.079,% total gas,595.1,SYNTHETIC
2026-09-08 09:33:33,ACTIVE-01,2790,Barail,9.75,21.39,97.8,15.22,kft-lbs,1390.0,497.0,10.19,10.28,0.757,% total gas,595.4,SYNTHETIC
2026-09-08 09:38:56,ACTIVE-01,2791,Barail,11.15,22.38,95.5,15.15,kft-lbs,1489.0,496.0,10.21,10.33,0.784,% total gas,595.5,SYNTHETIC
2026-09-08 09:44:28,ACTIVE-01,2792,Barail,10.84,21.97,99.7,14.8,kft-lbs,1439.0,489.0,10.22,10.31,0.616,% total gas,595.9,SYNTHETIC
2026-09-08 09:51:04,ACTIVE-01,2793,Barail,9.09,22.72,100.2,15.36,kft-lbs,1402.0,499.0,10.19,10.28,0.964,% total gas,596.5,SYNTHETIC
2026-09-08 09:57:10,ACTIVE-01,2794,Barail,9.82,22.16,100.8,15.63,kft-lbs,1451.0,501.0,10.2,10.31,0.883,% total gas,596.8,SYNTHETIC
2026-09-08 10:03:40,ACTIVE-01,2795,Barail,9.23,19.85,96.8,14.18,kft-lbs,1422.0,494.0,10.21,10.31,1.29,% total gas,596.6,SYNTHETIC
2026-09-08 10:10:16,ACTIVE-01,2796,Barail,9.1,20.74,100.7,16.91,kft-lbs,1403.0,500.0,10.21,10.32,0.717,% total gas,596.7,SYNTHETIC
2026-09-08 10:15:55,ACTIVE-01,2797,Barail,10.62,21.92,99.3,14.13,kft-lbs,1367.0,501.0,10.22,10.35,0.634,% total gas,596.5,SYNTHETIC
2026-09-08 10:22:04,ACTIVE-01,2798,Barail,9.76,21.27,98.3,15.12,kft-lbs,1404.0,494.0,10.23,10.35,0.769,% total gas,597.0,SYNTHETIC
2026-09-08 10:28:24,ACTIVE-01,2799,Barail,9.47,21.73,99.4,14.27,kft-lbs,1445.0,500.0,10.2,10.32,0.597,% total gas,597.0,SYNTHETIC
2026-09-08 10:34:16,ACTIVE-01,2800,Barail,10.23,23.42,97.3,15.5,kft-lbs,1386.0,496.0,10.17,10.28,1.318,% total gas,597.3,SYNTHETIC
2026-09-08 10:40:26,ACTIVE-01,2801,Barail,9.74,20.99,101.0,14.53,kft-lbs,1435.0,498.0,10.19,10.31,0.858,% total gas,597.1,SYNTHETIC
2026-09-08 10:46:56,ACTIVE-01,2802,Barail,9.22,21.56,98.2,14.4,kft-lbs,1414.0,507.0,10.23,10.35,0.791,% total gas,596.4,SYNTHETIC
2026-09-08 10:52:49,ACTIVE-01,2803,Barail,10.2,20.99,104.7,14.54,kft-lbs,1454.0,496.0,10.21,10.32,0.765,% total gas,595.8,SYNTHETIC
2026-09-08 10:59:12,ACTIVE-01,2804,Barail,9.39,20.65,99.5,14.87,kft-lbs,1403.0,502.0,10.23,10.34,0.705,% total gas,595.5,SYNTHETIC
2026-09-08 11:05:18,ACTIVE-01,2805,Barail,9.84,19.83,95.0,15.01,kft-lbs,1383.0,505.0,10.17,10.28,0.994,% total gas,595.8,SYNTHETIC
2026-09-08 11:10:46,ACTIVE-01,2806,Barail,10.98,23.22,99.0,15.4,kft-lbs,1420.0,509.0,10.18,10.29,0.621,% total gas,596.1,SYNTHETIC
2026-09-08 11:16:56,ACTIVE-01,2807,Barail,9.72,20.6,100.3,15.41,kft-lbs,1444.0,492.0,10.21,10.32,0.55,% total gas,596.3,SYNTHETIC
2026-09-08 11:24:01,ACTIVE-01,2808,Barail,8.49,21.37,99.2,14.37,kft-lbs,1422.0,505.0,10.24,10.36,0.651,% total gas,596.1,SYNTHETIC
2026-09-08 11:30:17,ACTIVE-01,2809,Barail,9.55,21.76,100.8,14.89,kft-lbs,1434.0,502.0,10.21,10.32,0.761,% total gas,596.4,SYNTHETIC
2026-09-08 11:36:19,ACTIVE-01,2810,Barail,9.96,21.8,105.4,14.98,kft-lbs,1417.0,503.0,10.2,10.33,0.561,% total gas,597.0,SYNTHETIC
2026-09-08 11:41:57,ACTIVE-01,2811,Barail,10.64,21.65,106.2,14.51,kft-lbs,1398.0,501.0,10.22,10.34,1.278,% total gas,597.0,SYNTHETIC
2026-09-08 11:47:53,ACTIVE-01,2812,Barail,10.11,22.15,101.0,14.05,kft-lbs,1403.0,493.0,10.22,10.35,0.72,% total gas,596.9,SYNTHETIC
2026-09-08 11:54:13,ACTIVE-01,2813,Barail,9.49,21.64,96.6,14.53,kft-lbs,1373.0,495.0,10.17,10.28,0.666,% total gas,596.8,SYNTHETIC
2026-09-08 12:00:12,ACTIVE-01,2814,Barail,10.02,21.27,98.9,12.82,kft-lbs,1427.0,507.0,10.19,10.29,0.835,% total gas,596.6,SYNTHETIC
2026-09-08 12:06:03,ACTIVE-01,2815,Barail,10.26,21.33,99.0,16.54,kft-lbs,1400.0,500.0,10.16,10.28,0.662,% total gas,596.5,SYNTHETIC
2026-09-08 12:12:27,ACTIVE-01,2816,Barail,9.36,21.99,97.6,14.93,kft-lbs,1447.0,504.0,10.2,10.32,0.831,% total gas,595.9,SYNTHETIC
2026-09-08 12:18:41,ACTIVE-01,2817,Barail,9.65,21.06,98.9,14.65,kft-lbs,1375.0,501.0,10.17,10.29,0.869,% total gas,596.5,SYNTHETIC
2026-09-08 12:24:52,ACTIVE-01,2818,Barail,9.69,22.69,100.9,15.35,kft-lbs,1391.0,503.0,10.19,10.3,0.576,% total gas,596.6,SYNTHETIC
2026-09-08 12:31:49,ACTIVE-01,2819,Barail,8.64,21.87,100.6,14.7,kft-lbs,1417.0,495.0,10.22,10.32,0.938,% total gas,596.1,SYNTHETIC
2026-09-08 12:38:46,ACTIVE-01,2820,Barail,8.63,22.1,101.1,15.42,kft-lbs,1449.0,491.0,10.19,10.29,0.778,% total gas,595.3,SYNTHETIC
2026-09-08 12:44:49,ACTIVE-01,2821,Barail,9.92,23.04,99.1,14.59,kft-lbs,1447.0,502.0,10.21,10.32,0.745,% total gas,595.6,SYNTHETIC
2026-09-08 12:51:11,ACTIVE-01,2822,Barail,9.43,22.4,97.9,13.77,kft-lbs,1449.0,502.0,10.2,10.33,0.965,% total gas,596.3,SYNTHETIC
2026-09-08 12:58:07,ACTIVE-01,2823,Barail,8.64,21.66,100.2,14.32,kft-lbs,1423.0,496.0,10.22,10.32,0.702,% total gas,596.3,SYNTHETIC
2026-09-08 13:03:58,ACTIVE-01,2824,Barail,10.27,23.27,99.3,16.24,kft-lbs,1428.0,510.0,10.18,10.3,1.104,% total gas,596.1,SYNTHETIC
2026-09-08 13:10:16,ACTIVE-01,2825,Barail,9.51,19.54,102.7,15.0,kft-lbs,1426.0,512.0,10.2,10.32,0.663,% total gas,596.5,SYNTHETIC
2026-09-08 13:15:33,ACTIVE-01,2826,Barail,11.37,22.09,103.1,14.34,kft-lbs,1387.0,492.0,10.22,10.31,0.618,% total gas,596.9,SYNTHETIC
2026-09-08 13:20:56,ACTIVE-01,2827,Barail,11.15,21.89,92.4,14.37,kft-lbs,1379.0,501.0,10.22,10.34,0.889,% total gas,597.5,SYNTHETIC
2026-09-08 13:26:48,ACTIVE-01,2828,Barail,10.22,21.93,106.0,13.77,kft-lbs,1432.0,497.0,10.18,10.3,0.66,% total gas,597.2,SYNTHETIC
2026-09-08 13:32:48,ACTIVE-01,2829,Barail,10.0,24.19,100.0,14.9,kft-lbs,1410.0,501.0,10.23,10.35,1.382,% total gas,597.9,SYNTHETIC
2026-09-08 13:39:41,ACTIVE-01,2830,Barail,8.72,23.17,97.9,15.06,kft-lbs,1434.0,501.0,10.22,10.32,1.175,% total gas,597.5,SYNTHETIC
2026-09-08 13:45:59,ACTIVE-01,2831,Barail,9.52,22.26,98.2,14.7,kft-lbs,1392.0,506.0,10.19,10.32,1.09,% total gas,597.0,SYNTHETIC
2026-09-08 13:51:45,ACTIVE-01,2832,Barail,10.39,21.3,103.9,14.49,kft-lbs,1395.0,500.0,10.2,10.32,0.775,% total gas,596.9,SYNTHETIC
2026-09-08 13:57:32,ACTIVE-01,2833,Barail,10.38,20.87,95.3,14.6,kft-lbs,1472.0,499.0,10.24,10.37,0.581,% total gas,597.3,SYNTHETIC
2026-09-08 14:03:56,ACTIVE-01,2834,Barail,9.38,22.13,100.4,15.6,kft-lbs,1376.0,498.0,10.25,10.37,0.86,% total gas,597.7,SYNTHETIC
2026-09-08 14:08:48,ACTIVE-01,2835,Barail,12.35,22.52,96.1,15.39,kft-lbs,1437.0,502.0,10.24,10.35,0.886,% total gas,598.2,SYNTHETIC
2026-09-08 14:15:52,ACTIVE-01,2836,Barail,8.48,20.99,101.8,13.38,kft-lbs,1409.0,495.0,10.19,10.28,0.751,% total gas,598.2,SYNTHETIC
2026-09-08 14:22:45,ACTIVE-01,2837,Barail,8.71,20.96,102.7,14.55,kft-lbs,1490.0,499.0,10.17,10.29,0.938,% total gas,598.2,SYNTHETIC
2026-09-08 14:28:45,ACTIVE-01,2838,Barail,10.0,19.74,98.2,14.11,kft-lbs,1372.0,502.0,10.19,10.31,0.862,% total gas,598.1,SYNTHETIC
2026-09-08 14:34:31,ACTIVE-01,2839,Barail,10.42,19.75,94.7,12.82,kft-lbs,1409.0,501.0,10.22,10.34,0.887,% total gas,598.1,SYNTHETIC
2026-09-08 14:39:50,ACTIVE-01,2840,Barail,11.3,22.83,104.4,13.86,kft-lbs,1433.0,498.0,10.18,10.28,1.04,% total gas,598.1,SYNTHETIC
2026-09-08 14:45:31,ACTIVE-01,2841,Barail,10.53,21.13,100.4,14.83,kft-lbs,1444.0,500.0,10.2,10.31,0.763,% total gas,598.4,SYNTHETIC
2026-09-08 14:51:48,ACTIVE-01,2842,Barail,9.57,19.24,99.1,16.32,kft-lbs,1458.0,501.0,10.19,10.29,0.952,% total gas,598.4,SYNTHETIC
2026-09-08 14:58:37,ACTIVE-01,2843,Barail,8.79,21.56,102.9,14.79,kft-lbs,1393.0,499.0,10.19,10.31,0.694,% total gas,597.9,SYNTHETIC
2026-09-08 15:04:39,ACTIVE-01,2844,Barail,9.96,20.37,100.6,15.02,kft-lbs,1407.0,502.0,10.19,10.3,0.735,% total gas,598.4,SYNTHETIC
2026-09-08 15:10:27,ACTIVE-01,2845,Barail,10.32,21.27,98.9,14.26,kft-lbs,1422.0,493.0,10.21,10.33,1.267,% total gas,598.6,SYNTHETIC
2026-09-08 15:16:42,ACTIVE-01,2846,Barail,9.62,22.26,100.4,16.1,kft-lbs,1457.0,495.0,10.19,10.31,0.524,% total gas,598.4,SYNTHETIC
2026-09-08 15:22:51,ACTIVE-01,2847,Barail,9.75,23.7,94.5,14.51,kft-lbs,1423.0,497.0,10.18,10.29,0.652,% total gas,598.9,SYNTHETIC
2026-09-08 15:28:38,ACTIVE-01,2848,Barail,10.36,21.98,99.6,14.41,kft-lbs,1411.0,499.0,10.22,10.36,0.57,% total gas,599.2,SYNTHETIC
2026-09-08 15:34:28,ACTIVE-01,2849,Barail,10.31,21.81,100.8,15.39,kft-lbs,1407.0,501.0,10.21,10.32,0.739,% total gas,599.5,SYNTHETIC
2026-09-08 15:40:48,ACTIVE-01,2850,Barail,9.47,21.67,101.4,14.94,kft-lbs,1393.0,500.0,10.2,10.33,0.799,% total gas,599.4,SYNTHETIC
2026-09-08 15:46:40,ACTIVE-01,2851,Barail,10.22,20.33,93.5,14.75,kft-lbs,1447.0,498.0,10.2,10.31,0.841,% total gas,600.0,SYNTHETIC
2026-09-08 15:53:33,ACTIVE-01,2852,Barail,8.72,21.12,98.9,13.77,kft-lbs,1430.0,511.0,10.22,10.34,0.727,% total gas,600.1,SYNTHETIC
2026-09-08 15:59:23,ACTIVE-01,2853,Barail,10.29,22.84,100.2,15.66,kft-lbs,1418.0,490.0,10.2,10.3,0.886,% total gas,600.4,SYNTHETIC
2026-09-08 16:04:45,ACTIVE-01,2854,Barail,11.16,21.8,100.8,14.45,kft-lbs,1442.0,503.0,10.21,10.33,0.688,% total gas,599.8,SYNTHETIC
2026-09-08 16:10:47,ACTIVE-01,2855,Barail,9.96,22.9,100.7,14.74,kft-lbs,1444.0,499.0,10.23,10.34,0.441,% total gas,599.8,SYNTHETIC
2026-09-08 16:16:09,ACTIVE-01,2856,Barail,11.17,21.91,104.9,14.74,kft-lbs,1457.0,498.0,10.22,10.34,0.507,% total gas,600.1,SYNTHETIC
2026-09-08 16:22:03,ACTIVE-01,2857,Barail,10.17,24.19,99.8,15.52,kft-lbs,1458.0,495.0,10.22,10.33,0.976,% total gas,600.5,SYNTHETIC
2026-09-08 16:27:27,ACTIVE-01,2858,Barail,11.1,21.66,101.0,13.28,kft-lbs,1418.0,504.0,10.17,10.29,1.17,% total gas,600.9,SYNTHETIC
2026-09-08 16:33:06,ACTIVE-01,2859,Barail,10.63,22.49,95.3,14.72,kft-lbs,1472.0,501.0,10.21,10.33,0.656,% total gas,600.7,SYNTHETIC
2026-09-08 16:40:10,ACTIVE-01,2860,Barail,8.49,21.39,102.9,14.8,kft-lbs,1414.0,493.0,10.23,10.34,0.573,% total gas,600.8,SYNTHETIC
2026-09-08 16:46:32,ACTIVE-01,2861,Barail,9.42,21.99,97.0,16.21,kft-lbs,1423.0,498.0,10.23,10.36,0.959,% total gas,601.0,SYNTHETIC
2026-09-08 16:51:53,ACTIVE-01,2862,Barail,11.22,20.34,97.1,15.55,kft-lbs,1444.0,500.0,10.19,10.3,1.765,% total gas,600.8,SYNTHETIC
2026-09-08 16:57:48,ACTIVE-01,2863,Barail,10.13,22.35,96.5,15.74,kft-lbs,1423.0,501.0,10.21,10.33,0.606,% total gas,600.7,SYNTHETIC
2026-09-08 17:03:12,ACTIVE-01,2864,Barail,11.12,22.45,101.8,14.73,kft-lbs,1440.0,498.0,10.22,10.35,0.589,% total gas,600.5,SYNTHETIC
2026-09-08 17:09:38,ACTIVE-01,2865,Barail,9.34,21.03,99.5,15.48,kft-lbs,1435.0,497.0,10.23,10.33,0.58,% total gas,600.3,SYNTHETIC
2026-09-08 17:15:17,ACTIVE-01,2866,Barail,10.61,21.04,101.0,14.34,kft-lbs,1411.0,501.0,10.19,10.3,0.53,% total gas,600.2,SYNTHETIC
2026-09-08 17:20:56,ACTIVE-01,2867,Barail,10.6,24.08,104.1,14.86,kft-lbs,1443.0,497.0,10.21,10.33,0.888,% total gas,600.3,SYNTHETIC
2026-09-08 17:27:17,ACTIVE-01,2868,Barail,9.46,21.87,101.4,14.33,kft-lbs,1405.0,500.0,10.2,10.34,0.61,% total gas,599.7,SYNTHETIC
2026-09-08 17:33:13,ACTIVE-01,2869,Barail,10.1,22.55,99.0,13.92,kft-lbs,1431.0,492.0,10.21,10.33,0.911,% total gas,600.3,SYNTHETIC
2026-09-08 17:40:46,ACTIVE-01,2870,Barail,7.96,21.09,99.3,13.92,kft-lbs,1399.0,496.0,10.2,10.33,0.745,% total gas,600.1,SYNTHETIC
2026-09-08 17:46:14,ACTIVE-01,2871,Barail,10.97,23.3,104.4,15.29,kft-lbs,1436.0,507.0,10.18,10.3,0.971,% total gas,600.4,SYNTHETIC
2026-09-08 17:52:34,ACTIVE-01,2872,Barail,9.47,21.38,96.1,15.38,kft-lbs,1409.0,502.0,10.17,10.27,0.984,% total gas,600.6,SYNTHETIC
2026-09-08 17:58:49,ACTIVE-01,2873,Barail,9.59,21.91,98.2,15.38,kft-lbs,1434.0,493.0,10.16,10.28,0.949,% total gas,600.1,SYNTHETIC
2026-09-08 18:04:55,ACTIVE-01,2874,Barail,9.85,23.6,102.9,15.22,kft-lbs,1443.0,495.0,10.19,10.3,0.919,% total gas,600.1,SYNTHETIC
2026-09-08 18:10:36,ACTIVE-01,2875,Barail,10.54,22.6,99.0,15.47,kft-lbs,1391.0,505.0,10.22,10.34,0.758,% total gas,599.9,SYNTHETIC
2026-09-08 18:17:12,ACTIVE-01,2876,Barail,9.11,21.19,98.2,15.77,kft-lbs,1400.0,505.0,10.24,10.35,1.052,% total gas,600.2,SYNTHETIC
2026-09-08 18:23:31,ACTIVE-01,2877,Barail,9.49,21.69,98.8,13.72,kft-lbs,1391.0,504.0,10.22,10.34,0.855,% total gas,599.3,SYNTHETIC
2026-09-08 18:30:20,ACTIVE-01,2878,Barail,8.8,22.83,100.2,14.59,kft-lbs,1477.0,500.0,10.23,10.35,0.862,% total gas,599.5,SYNTHETIC
2026-09-08 18:36:34,ACTIVE-01,2879,Barail,9.63,22.24,99.9,15.14,kft-lbs,1474.0,513.0,10.21,10.33,0.842,% total gas,599.0,SYNTHETIC
2026-09-08 18:42:38,ACTIVE-01,2880,Barail,9.88,22.08,98.9,16.07,kft-lbs,1393.0,505.0,10.2,10.32,0.906,% total gas,599.4,SYNTHETIC
2026-09-08 18:48:56,ACTIVE-01,2881,Barail,9.52,20.97,99.2,15.79,kft-lbs,1409.0,505.0,10.22,10.33,0.971,% total gas,599.6,SYNTHETIC
2026-09-08 18:54:50,ACTIVE-01,2882,Barail,10.18,21.09,95.2,14.05,kft-lbs,1451.0,510.0,10.18,10.31,0.84,% total gas,599.1,SYNTHETIC
2026-09-08 19:01:10,ACTIVE-01,2883,Barail,9.47,20.63,101.8,14.73,kft-lbs,1497.0,499.0,10.22,10.31,0.68,% total gas,599.9,SYNTHETIC
2026-09-08 19:07:26,ACTIVE-01,2884,Barail,9.57,22.33,102.1,14.28,kft-lbs,1379.0,507.0,10.15,10.26,0.772,% total gas,599.8,SYNTHETIC
2026-09-08 19:13:23,ACTIVE-01,2885,Barail,10.09,22.88,99.2,14.42,kft-lbs,1446.0,507.0,10.17,10.3,0.839,% total gas,600.8,SYNTHETIC
2026-09-08 19:19:16,ACTIVE-01,2886,Barail,10.2,21.78,99.8,15.9,kft-lbs,1414.0,493.0,10.19,10.32,0.816,% total gas,601.5,SYNTHETIC
2026-09-08 19:26:02,ACTIVE-01,2887,Barail,8.86,23.11,98.2,14.46,kft-lbs,1488.0,499.0,10.18,10.29,0.751,% total gas,602.1,SYNTHETIC
2026-09-08 19:33:46,ACTIVE-01,2888,Barail,7.76,22.83,97.3,15.39,kft-lbs,1448.0,504.0,10.2,10.33,0.705,% total gas,602.1,SYNTHETIC
2026-09-08 19:40:00,ACTIVE-01,2889,Barail,9.64,22.19,102.8,14.45,kft-lbs,1451.0,498.0,10.21,10.32,0.699,% total gas,602.4,SYNTHETIC
2026-09-08 19:46:40,ACTIVE-01,2890,Barail,8.99,21.78,102.2,16.03,kft-lbs,1421.0,508.0,10.21,10.34,1.087,% total gas,602.4,SYNTHETIC
2026-09-08 19:52:22,ACTIVE-01,2891,Barail,10.52,22.11,99.7,13.27,kft-lbs,1463.0,497.0,10.17,10.28,1.038,% total gas,602.6,SYNTHETIC
2026-09-08 19:58:17,ACTIVE-01,2892,Barail,10.15,21.16,99.2,14.04,kft-lbs,1450.0,497.0,10.22,10.34,1.281,% total gas,602.2,SYNTHETIC
2026-09-08 20:04:04,ACTIVE-01,2893,Barail,10.39,21.2,101.3,14.69,kft-lbs,1474.0,509.0,10.18,10.31,0.829,% total gas,601.6,SYNTHETIC
2026-09-08 20:09:13,ACTIVE-01,2894,Barail,11.62,22.0,99.5,14.55,kft-lbs,1439.0,496.0,10.2,10.3,0.926,% total gas,601.8,SYNTHETIC
2026-09-08 20:14:58,ACTIVE-01,2895,Barail,10.45,23.0,99.3,15.72,kft-lbs,1424.0,504.0,10.21,10.33,0.704,% total gas,601.1,SYNTHETIC
2026-09-08 20:21:12,ACTIVE-01,2896,Barail,9.62,22.1,100.0,14.31,kft-lbs,1465.0,504.0,10.18,10.31,0.843,% total gas,600.4,SYNTHETIC
2026-09-08 20:26:58,ACTIVE-01,2897,Barail,10.42,21.82,99.5,13.05,kft-lbs,1442.0,502.0,10.2,10.32,1.115,% total gas,600.9,SYNTHETIC
2026-09-08 20:33:19,ACTIVE-01,2898,Barail,9.44,21.65,97.7,15.24,kft-lbs,1498.0,507.0,10.18,10.29,0.654,% total gas,600.3,SYNTHETIC
2026-09-08 20:39:14,ACTIVE-01,2899,Barail,10.15,21.49,101.0,15.2,kft-lbs,1441.0,495.0,10.18,10.29,0.576,% total gas,599.9,SYNTHETIC
2026-09-08 20:45:09,ACTIVE-01,2900,Barail,10.13,23.95,95.4,14.03,kft-lbs,1514.0,492.0,10.18,10.29,0.914,% total gas,599.6,SYNTHETIC
2026-09-08 20:51:01,ACTIVE-01,2901,Barail,10.22,22.9,103.9,13.08,kft-lbs,1447.0,504.0,10.18,10.3,0.805,% total gas,600.0,SYNTHETIC
2026-09-08 20:57:13,ACTIVE-01,2902,Barail,9.68,22.22,98.3,14.59,kft-lbs,1432.0,499.0,10.22,10.33,0.956,% total gas,600.2,SYNTHETIC
2026-09-08 21:02:52,ACTIVE-01,2903,Barail,10.61,21.87,101.0,15.3,kft-lbs,1401.0,500.0,10.19,10.3,0.428,% total gas,600.4,SYNTHETIC
2026-09-08 21:08:48,ACTIVE-01,2904,Barail,10.13,21.55,99.9,14.82,kft-lbs,1476.0,493.0,10.19,10.3,0.967,% total gas,600.9,SYNTHETIC
2026-09-08 21:14:22,ACTIVE-01,2905,Barail,10.76,21.96,99.6,14.43,kft-lbs,1436.0,505.0,10.25,10.37,0.986,% total gas,601.0,SYNTHETIC
2026-09-08 21:19:55,ACTIVE-01,2906,Barail,10.82,21.56,97.2,15.78,kft-lbs,1453.0,499.0,10.23,10.35,0.56,% total gas,600.7,SYNTHETIC
2026-09-08 21:25:20,ACTIVE-01,2907,Barail,11.08,22.59,100.4,14.22,kft-lbs,1411.0,496.0,10.18,10.3,0.754,% total gas,600.6,SYNTHETIC
2026-09-08 21:31:13,ACTIVE-01,2908,Barail,10.19,23.47,98.1,14.93,kft-lbs,1393.0,500.0,10.2,10.32,0.701,% total gas,600.3,SYNTHETIC
2026-09-08 21:37:29,ACTIVE-01,2909,Barail,9.58,21.94,102.6,14.24,kft-lbs,1418.0,507.0,10.21,10.34,0.562,% total gas,600.8,SYNTHETIC
2026-09-08 21:43:25,ACTIVE-01,2910,Barail,10.13,22.93,99.6,14.88,kft-lbs,1468.0,504.0,10.22,10.34,1.016,% total gas,600.9,SYNTHETIC
2026-09-08 21:49:10,ACTIVE-01,2911,Barail,10.42,22.55,97.2,14.62,kft-lbs,1477.0,494.0,10.24,10.35,0.594,% total gas,600.6,SYNTHETIC
2026-09-08 21:55:23,ACTIVE-01,2912,Barail,9.66,23.29,102.3,14.68,kft-lbs,1507.0,496.0,10.19,10.3,1.262,% total gas,600.1,SYNTHETIC
2026-09-08 22:00:36,ACTIVE-01,2913,Barail,11.5,20.71,100.7,14.7,kft-lbs,1420.0,500.0,10.2,10.31,0.93,% total gas,599.3,SYNTHETIC
2026-09-08 22:05:56,ACTIVE-01,2914,Barail,11.23,22.13,102.5,15.39,kft-lbs,1474.0,500.0,10.19,10.31,0.645,% total gas,599.1,SYNTHETIC
2026-09-08 22:11:36,ACTIVE-01,2915,Barail,10.59,22.53,102.7,16.76,kft-lbs,1423.0,502.0,10.15,10.26,0.58,% total gas,599.3,SYNTHETIC
2026-09-08 22:18:40,ACTIVE-01,2916,Barail,8.5,22.06,97.5,13.93,kft-lbs,1350.0,496.0,10.22,10.33,0.802,% total gas,599.8,SYNTHETIC
2026-09-08 22:24:56,ACTIVE-01,2917,Barail,9.56,22.17,98.8,14.12,kft-lbs,1431.0,500.0,10.25,10.37,0.542,% total gas,599.9,SYNTHETIC
2026-09-08 22:31:25,ACTIVE-01,2918,Barail,9.27,21.34,98.8,15.32,kft-lbs,1468.0,497.0,10.2,10.32,0.847,% total gas,599.3,SYNTHETIC
2026-09-08 22:37:48,ACTIVE-01,2919,Barail,9.38,21.31,100.4,15.16,kft-lbs,1475.0,510.0,10.22,10.35,0.685,% total gas,599.5,SYNTHETIC
2026-09-08 22:43:14,ACTIVE-01,2920,Barail,11.07,23.92,95.8,14.79,kft-lbs,1422.0,497.0,10.2,10.29,0.639,% total gas,599.3,SYNTHETIC
2026-09-08 22:49:06,ACTIVE-01,2921,Barail,10.22,21.56,98.9,15.43,kft-lbs,1467.0,500.0,10.24,10.35,0.717,% total gas,599.7,SYNTHETIC
2026-09-08 22:54:39,ACTIVE-01,2922,Barail,10.81,21.61,97.9,14.37,kft-lbs,1441.0,503.0,10.18,10.31,0.854,% total gas,599.8,SYNTHETIC
2026-09-08 23:00:40,ACTIVE-01,2923,Barail,9.97,21.88,99.1,14.11,kft-lbs,1473.0,497.0,10.21,10.32,1.063,% total gas,600.1,SYNTHETIC
2026-09-08 23:06:34,ACTIVE-01,2924,Barail,10.18,21.41,101.9,15.01,kft-lbs,1457.0,508.0,10.2,10.34,0.61,% total gas,599.9,SYNTHETIC
2026-09-08 23:11:52,ACTIVE-01,2925,Barail,11.32,20.51,98.9,13.05,kft-lbs,1468.0,507.0,10.19,10.3,0.987,% total gas,599.6,SYNTHETIC
2026-09-08 23:18:53,ACTIVE-01,2926,Barail,8.54,21.5,106.4,13.96,kft-lbs,1445.0,503.0,10.21,10.33,0.978,% total gas,600.4,SYNTHETIC
2026-09-08 23:24:30,ACTIVE-01,2927,Barail,10.69,21.96,102.3,16.42,kft-lbs,1463.0,505.0,10.2,10.32,0.698,% total gas,600.1,SYNTHETIC
2026-09-08 23:29:53,ACTIVE-01,2928,Barail,11.13,24.08,103.9,14.68,kft-lbs,1477.0,500.0,10.25,10.38,0.988,% total gas,599.7,SYNTHETIC
2026-09-08 23:35:56,ACTIVE-01,2929,Barail,9.94,22.97,105.2,14.74,kft-lbs,1445.0,498.0,10.21,10.34,0.549,% total gas,600.0,SYNTHETIC
2026-09-08 23:42:15,ACTIVE-01,2930,Barail,9.48,21.62,100.8,13.82,kft-lbs,1412.0,503.0,10.2,10.33,0.629,% total gas,599.3,SYNTHETIC
2026-09-08 23:48:35,ACTIVE-01,2931,Barail,9.48,20.1,106.1,14.54,kft-lbs,1469.0,494.0,10.25,10.37,0.841,% total gas,599.8,SYNTHETIC
2026-09-08 23:55:50,ACTIVE-01,2932,Barail,8.28,22.09,101.6,13.84,kft-lbs,1495.0,498.0,10.22,10.34,0.661,% total gas,599.6,SYNTHETIC
2026-09-09 00:01:17,ACTIVE-01,2933,Barail,11.01,20.69,100.5,14.85,kft-lbs,1456.0,505.0,10.18,10.29,0.706,% total gas,600.2,SYNTHETIC
2026-09-09 00:07:05,ACTIVE-01,2934,Barail,10.35,19.95,95.1,15.27,kft-lbs,1462.0,501.0,10.21,10.35,0.632,% total gas,600.6,SYNTHETIC
2026-09-09 00:13:29,ACTIVE-01,2935,Barail,9.36,24.18,80.1,18.12,kft-lbs,1440.0,500.0,10.19,10.29,0.549,% total gas,600.3,SYNTHETIC
2026-09-09 00:19:16,ACTIVE-01,2936,Barail,10.37,22.26,113.4,26.97,kft-lbs,1486.0,493.0,10.17,10.3,0.903,% total gas,600.4,SYNTHETIC
2026-09-09 00:25:57,ACTIVE-01,2937,Barail,8.99,22.25,113.2,17.26,kft-lbs,1407.0,501.0,10.23,10.35,0.889,% total gas,601.2,SYNTHETIC
2026-09-09 00:31:48,ACTIVE-01,2938,Barail,10.24,22.08,80.0,25.47,kft-lbs,1485.0,501.0,10.22,10.34,1.246,% total gas,601.8,SYNTHETIC
2026-09-09 00:38:18,ACTIVE-01,2939,Barail,9.24,23.45,78.3,26.5,kft-lbs,1458.0,496.0,10.19,10.3,0.733,% total gas,601.1,SYNTHETIC
2026-09-09 00:44:55,ACTIVE-01,2940,Barail,9.07,22.9,77.8,25.03,kft-lbs,1524.0,493.0,10.19,10.3,0.722,% total gas,601.0,SYNTHETIC
2026-09-09 00:50:38,ACTIVE-01,2941,Barail,10.5,22.1,104.6,14.8,kft-lbs,1453.0,500.0,10.2,10.32,1.062,% total gas,601.0,SYNTHETIC
2026-09-09 00:55:50,ACTIVE-01,2942,Barail,11.52,23.96,101.1,14.13,kft-lbs,1439.0,490.0,10.22,10.33,0.671,% total gas,602.1,SYNTHETIC
2026-09-09 01:02:19,ACTIVE-01,2943,Barail,9.26,23.17,101.2,14.94,kft-lbs,1480.0,502.0,10.19,10.29,1.209,% total gas,602.0,SYNTHETIC
2026-09-09 01:08:14,ACTIVE-01,2944,Barail,10.15,21.43,98.7,14.66,kft-lbs,1495.0,498.0,10.21,10.33,0.857,% total gas,602.2,SYNTHETIC
2026-09-09 01:13:48,ACTIVE-01,2945,Barail,10.76,21.58,107.0,14.54,kft-lbs,1445.0,508.0,10.19,10.32,0.636,% total gas,602.2,SYNTHETIC
2026-09-09 01:18:27,ACTIVE-01,2946,Barail,12.94,24.41,97.6,14.95,kft-lbs,1438.0,499.0,10.17,10.27,0.893,% total gas,601.7,SYNTHETIC
2026-09-09 01:25:42,ACTIVE-01,2947,Barail,8.27,22.1,100.7,15.35,kft-lbs,1430.0,491.0,10.22,10.34,0.525,% total gas,601.6,SYNTHETIC
2026-09-09 01:31:28,ACTIVE-01,2948,Barail,10.41,23.58,102.3,14.13,kft-lbs,1506.0,498.0,10.18,10.29,0.662,% total gas,602.4,SYNTHETIC
2026-09-09 01:37:03,ACTIVE-01,2949,Barail,10.73,22.2,104.2,14.66,kft-lbs,1429.0,496.0,10.19,10.32,0.885,% total gas,602.8,SYNTHETIC
2026-09-09 01:43:04,ACTIVE-01,2950,Barail,9.99,23.93,98.9,15.17,kft-lbs,1377.0,508.0,10.19,10.32,1.833,% total gas,603.1,SYNTHETIC
2026-09-09 01:49:10,ACTIVE-01,2951,Barail,9.82,22.0,97.1,13.62,kft-lbs,1430.0,494.0,10.16,10.27,0.817,% total gas,603.8,SYNTHETIC
2026-09-09 01:55:24,ACTIVE-01,2952,Barail,9.64,21.46,100.9,13.91,kft-lbs,1509.0,500.0,10.18,10.3,0.71,% total gas,603.8,SYNTHETIC
2026-09-09 02:01:28,ACTIVE-01,2953,Barail,9.87,21.82,102.7,14.57,kft-lbs,1485.0,504.0,10.19,10.32,1.246,% total gas,603.4,SYNTHETIC
2026-09-09 02:07:17,ACTIVE-01,2954,Barail,10.34,24.08,104.9,14.66,kft-lbs,1476.0,497.0,10.2,10.32,1.035,% total gas,603.0,SYNTHETIC
2026-09-09 02:13:12,ACTIVE-01,2955,Barail,10.12,24.04,98.5,14.8,kft-lbs,1488.0,502.0,10.2,10.33,0.59,% total gas,603.0,SYNTHETIC
2026-09-09 02:19:05,ACTIVE-01,2956,Barail,10.21,21.42,100.4,15.23,kft-lbs,1493.0,506.0,10.19,10.31,0.747,% total gas,603.0,SYNTHETIC
2026-09-09 02:25:21,ACTIVE-01,2957,Barail,9.58,22.31,101.2,13.36,kft-lbs,1465.0,502.0,10.2,10.34,0.709,% total gas,603.0,SYNTHETIC
2026-09-09 02:31:47,ACTIVE-01,2958,Barail,9.32,22.87,99.0,14.26,kft-lbs,1463.0,492.0,10.2,10.32,0.861,% total gas,603.5,SYNTHETIC
2026-09-09 02:39:27,ACTIVE-01,2959,Barail,7.82,21.46,98.1,13.56,kft-lbs,1463.0,494.0,10.19,10.3,1.017,% total gas,603.9,SYNTHETIC
2026-09-09 02:46:10,ACTIVE-01,2960,Barail,8.93,21.95,98.7,14.04,kft-lbs,1505.0,504.0,10.19,10.32,0.682,% total gas,603.3,SYNTHETIC
2026-09-09 02:52:13,ACTIVE-01,2961,Barail,9.92,24.58,97.1,14.59,kft-lbs,1478.0,498.0,10.24,10.36,0.481,% total gas,602.7,SYNTHETIC
2026-09-09 02:57:55,ACTIVE-01,2962,Barail,10.55,20.51,94.3,14.38,kft-lbs,1468.0,495.0,10.2,10.31,0.883,% total gas,602.7,SYNTHETIC
2026-09-09 03:03:47,ACTIVE-01,2963,Barail,10.22,19.63,103.3,14.72,kft-lbs,1464.0,501.0,10.18,10.31,0.521,% total gas,602.1,SYNTHETIC
2026-09-09 03:09:26,ACTIVE-01,2964,Barail,10.6,21.95,99.6,15.67,kft-lbs,1439.0,501.0,10.19,10.29,0.601,% total gas,602.0,SYNTHETIC
2026-09-09 03:14:45,ACTIVE-01,2965,Barail,11.31,23.63,97.7,13.94,kft-lbs,1447.0,499.0,10.21,10.33,0.864,% total gas,602.5,SYNTHETIC
2026-09-09 03:20:23,ACTIVE-01,2966,Barail,10.63,22.09,101.0,14.62,kft-lbs,1455.0,495.0,10.13,10.25,0.901,% total gas,602.6,SYNTHETIC
2026-09-09 03:25:34,ACTIVE-01,2967,Barail,11.6,19.38,103.8,15.5,kft-lbs,1476.0,489.0,10.24,10.36,0.867,% total gas,602.5,SYNTHETIC
2026-09-09 03:32:03,ACTIVE-01,2968,Barail,9.25,21.11,98.1,15.58,kft-lbs,1477.0,504.0,10.19,10.31,0.674,% total gas,602.9,SYNTHETIC
2026-09-09 03:38:06,ACTIVE-01,2969,Barail,9.91,21.37,99.3,15.92,kft-lbs,1439.0,494.0,10.22,10.33,1.085,% total gas,602.4,SYNTHETIC
2026-09-09 03:44:12,ACTIVE-01,2970,Barail,9.84,23.6,99.0,14.77,kft-lbs,1380.0,495.0,10.19,10.32,0.796,% total gas,602.7,SYNTHETIC
2026-09-09 03:50:36,ACTIVE-01,2971,Barail,9.37,21.97,100.3,14.56,kft-lbs,1448.0,496.0,10.22,10.34,0.955,% total gas,602.7,SYNTHETIC
2026-09-09 03:57:42,ACTIVE-01,2972,Barail,8.45,21.69,99.0,14.59,kft-lbs,1460.0,505.0,10.18,10.31,0.703,% total gas,602.3,SYNTHETIC
2026-09-09 04:03:46,ACTIVE-01,2973,Barail,9.91,22.24,99.5,15.65,kft-lbs,1459.0,491.0,10.2,10.33,0.473,% total gas,602.6,SYNTHETIC
2026-09-09 04:08:57,ACTIVE-01,2974,Barail,11.55,21.18,103.3,13.87,kft-lbs,1475.0,500.0,10.17,10.29,0.898,% total gas,602.4,SYNTHETIC
2026-09-09 04:16:00,ACTIVE-01,2975,Barail,8.51,23.59,104.3,14.78,kft-lbs,1514.0,502.0,10.22,10.35,0.699,% total gas,602.3,SYNTHETIC
2026-09-09 04:22:18,ACTIVE-01,2976,Barail,9.54,22.29,107.2,15.22,kft-lbs,1494.0,501.0,10.19,10.3,0.709,% total gas,602.5,SYNTHETIC
2026-09-09 04:28:31,ACTIVE-01,2977,Barail,9.63,21.54,95.3,15.3,kft-lbs,1508.0,502.0,10.18,10.31,0.817,% total gas,603.2,SYNTHETIC
2026-09-09 04:34:30,ACTIVE-01,2978,Barail,10.03,23.51,97.4,14.97,kft-lbs,1487.0,493.0,10.18,10.3,0.765,% total gas,602.8,SYNTHETIC
2026-09-09 04:40:05,ACTIVE-01,2979,Barail,10.76,20.6,94.5,15.05,kft-lbs,1539.0,503.0,10.18,10.29,1.152,% total gas,602.9,SYNTHETIC
2026-09-09 04:45:26,ACTIVE-01,2980,Barail,11.2,20.63,97.3,14.88,kft-lbs,1448.0,498.0,10.18,10.31,1.087,% total gas,603.0,SYNTHETIC
2026-09-09 04:50:42,ACTIVE-01,2981,Barail,11.39,23.07,100.3,13.81,kft-lbs,1482.0,500.0,10.21,10.34,0.93,% total gas,602.8,SYNTHETIC
2026-09-09 04:56:50,ACTIVE-01,2982,Barail,9.79,22.07,102.4,15.23,kft-lbs,1481.0,504.0,10.19,10.32,0.9,% total gas,602.4,SYNTHETIC
2026-09-09 05:03:27,ACTIVE-01,2983,Barail,9.08,21.37,102.9,13.75,kft-lbs,1473.0,506.0,10.22,10.34,0.606,% total gas,602.0,SYNTHETIC
2026-09-09 05:09:53,ACTIVE-01,2984,Barail,9.33,20.48,97.1,14.26,kft-lbs,1470.0,508.0,10.17,10.3,1.002,% total gas,602.2,SYNTHETIC
2026-09-09 05:15:51,ACTIVE-01,2985,Barail,10.04,21.56,100.2,14.65,kft-lbs,1452.0,500.0,10.19,10.31,0.828,% total gas,602.8,SYNTHETIC
2026-09-09 05:21:42,ACTIVE-01,2986,Barail,10.27,21.37,104.3,14.6,kft-lbs,1531.0,502.0,10.22,10.33,0.647,% total gas,603.0,SYNTHETIC
2026-09-09 05:27:25,ACTIVE-01,2987,Barail,10.49,21.53,94.7,16.3,kft-lbs,1437.0,497.0,10.18,10.29,0.976,% total gas,602.9,SYNTHETIC
2026-09-09 05:32:48,ACTIVE-01,2988,Barail,11.14,20.47,102.7,15.15,kft-lbs,1459.0,504.0,10.19,10.31,0.447,% total gas,602.7,SYNTHETIC
2026-09-09 05:38:49,ACTIVE-01,2989,Barail,9.98,22.19,97.6,15.32,kft-lbs,1471.0,502.0,10.17,10.31,0.949,% total gas,602.6,SYNTHETIC
2026-09-09 05:45:07,ACTIVE-01,2990,Barail,9.52,21.78,98.4,15.38,kft-lbs,1471.0,508.0,10.19,10.31,0.696,% total gas,602.8,SYNTHETIC
2026-09-09 05:50:41,ACTIVE-01,2991,Barail,10.77,21.18,102.1,15.1,kft-lbs,1482.0,499.0,10.2,10.3,1.286,% total gas,603.0,SYNTHETIC
2026-09-09 05:56:02,ACTIVE-01,2992,Barail,11.22,22.6,98.7,14.7,kft-lbs,1433.0,501.0,10.17,10.28,0.942,% total gas,603.5,SYNTHETIC
2026-09-09 06:01:31,ACTIVE-01,2993,Barail,10.93,23.63,98.3,13.7,kft-lbs,1468.0,503.0,10.22,10.37,0.432,% total gas,603.0,SYNTHETIC
2026-09-09 06:07:57,ACTIVE-01,2994,Barail,9.33,23.11,92.4,13.64,kft-lbs,1489.0,497.0,10.17,10.29,0.764,% total gas,603.0,SYNTHETIC
2026-09-09 06:14:24,ACTIVE-01,2995,Barail,9.31,21.55,99.7,16.44,kft-lbs,1508.0,504.0,10.17,10.29,1.021,% total gas,602.7,SYNTHETIC
2026-09-09 06:19:55,ACTIVE-01,2996,Barail,10.87,24.55,99.6,15.32,kft-lbs,1443.0,506.0,10.14,10.26,1.113,% total gas,602.6,SYNTHETIC
2026-09-09 06:25:45,ACTIVE-01,2997,Barail,10.29,20.87,98.0,13.67,kft-lbs,1457.0,495.0,10.19,10.32,0.708,% total gas,602.6,SYNTHETIC
2026-09-09 06:32:16,ACTIVE-01,2998,Barail,9.21,22.15,100.4,14.61,kft-lbs,1509.0,501.0,10.2,10.33,0.568,% total gas,603.3,SYNTHETIC
2026-09-09 06:38:00,ACTIVE-01,2999,Barail,10.45,22.8,95.8,15.32,kft-lbs,1452.0,498.0,10.17,10.27,0.692,% total gas,603.5,SYNTHETIC
2026-09-09 06:43:26,ACTIVE-01,3000,Barail,11.05,23.5,100.3,16.4,kft-lbs,1466.0,506.0,10.21,10.32,0.571,% total gas,603.6,SYNTHETIC
2026-09-09 06:48:50,ACTIVE-01,3001,Barail,11.13,22.36,99.9,14.58,kft-lbs,1512.0,500.0,10.18,10.31,0.666,% total gas,603.3,SYNTHETIC
2026-09-09 06:54:53,ACTIVE-01,3002,Barail,9.9,22.21,97.1,14.51,kft-lbs,1450.0,502.0,10.18,10.3,0.863,% total gas,603.1,SYNTHETIC
2026-09-09 07:00:54,ACTIVE-01,3003,Barail,9.98,20.77,98.9,14.85,kft-lbs,1510.0,503.0,10.22,10.35,1.002,% total gas,603.1,SYNTHETIC
2026-09-09 07:07:14,ACTIVE-01,3004,Barail,9.47,20.57,104.6,13.45,kft-lbs,1507.0,504.0,10.23,10.36,0.957,% total gas,603.6,SYNTHETIC
2026-09-09 07:12:31,ACTIVE-01,3005,Barail,11.36,22.95,101.1,15.71,kft-lbs,1404.0,498.0,10.21,10.33,0.876,% total gas,603.0,SYNTHETIC
2026-09-09 07:17:43,ACTIVE-01,3006,Barail,11.53,22.18,102.7,15.89,kft-lbs,1483.0,498.0,10.22,10.33,0.819,% total gas,603.2,SYNTHETIC
2026-09-09 07:24:31,ACTIVE-01,3007,Barail,8.82,23.69,100.0,14.91,kft-lbs,1495.0,497.0,10.23,10.34,0.959,% total gas,603.2,SYNTHETIC
2026-09-09 07:30:24,ACTIVE-01,3008,Barail,10.22,23.83,102.7,14.9,kft-lbs,1444.0,509.0,10.19,10.32,0.648,% total gas,603.3,SYNTHETIC
2026-09-09 07:36:15,ACTIVE-01,3009,Barail,10.24,23.17,99.9,15.15,kft-lbs,1470.0,498.0,10.16,10.3,0.713,% total gas,604.3,SYNTHETIC
2026-09-09 07:41:52,ACTIVE-01,3010,Barail,10.7,21.7,100.9,15.11,kft-lbs,1488.0,499.0,10.2,10.33,1.128,% total gas,603.4,SYNTHETIC
2026-09-09 07:47:36,ACTIVE-01,3011,Barail,10.44,21.61,103.5,15.37,kft-lbs,1511.0,493.0,10.19,10.31,0.791,% total gas,602.9,SYNTHETIC
2026-09-09 07:53:12,ACTIVE-01,3012,Barail,10.74,21.87,97.8,14.12,kft-lbs,1445.0,495.0,10.2,10.33,0.501,% total gas,603.0,SYNTHETIC
2026-09-09 07:58:45,ACTIVE-01,3013,Barail,10.81,21.19,99.4,13.69,kft-lbs,1499.0,500.0,10.17,10.31,0.597,% total gas,603.4,SYNTHETIC
2026-09-09 08:04:27,ACTIVE-01,3014,Barail,10.5,22.94,103.7,14.96,kft-lbs,1481.0,503.0,10.15,10.27,0.424,% total gas,603.3,SYNTHETIC
2026-09-09 08:10:03,ACTIVE-01,3015,Barail,10.74,22.14,95.3,14.55,kft-lbs,1493.0,495.0,10.2,10.33,1.277,% total gas,602.8,SYNTHETIC
2026-09-09 08:16:11,ACTIVE-01,3016,Barail,9.77,21.27,101.1,15.12,kft-lbs,1496.0,503.0,10.19,10.34,0.943,% total gas,603.4,SYNTHETIC
2026-09-09 08:21:43,ACTIVE-01,3017,Barail,10.84,21.51,102.5,14.13,kft-lbs,1464.0,498.0,10.19,10.32,0.566,% total gas,603.2,SYNTHETIC
2026-09-09 08:27:57,ACTIVE-01,3018,Barail,9.62,21.45,98.4,15.82,kft-lbs,1485.0,504.0,10.21,10.32,1.307,% total gas,602.7,SYNTHETIC
2026-09-09 08:33:54,ACTIVE-01,3019,Barail,10.1,23.93,101.2,16.27,kft-lbs,1512.0,492.0,10.21,10.31,0.977,% total gas,601.7,SYNTHETIC
2026-09-09 08:39:07,ACTIVE-01,3020,Barail,11.49,22.11,100.7,14.13,kft-lbs,1531.0,505.0,10.2,10.34,0.931,% total gas,601.7,SYNTHETIC
2026-09-09 08:45:47,ACTIVE-01,3021,Barail,9.0,24.36,100.0,14.26,kft-lbs,1465.0,500.0,10.17,10.28,0.727,% total gas,601.4,SYNTHETIC
2026-09-09 08:51:40,ACTIVE-01,3022,Barail,10.21,20.19,97.6,14.92,kft-lbs,1475.0,504.0,10.21,10.33,0.565,% total gas,600.9,SYNTHETIC
2026-09-09 08:57:20,ACTIVE-01,3023,Barail,10.59,21.05,102.0,14.73,kft-lbs,1462.0,499.0,10.2,10.32,0.8,% total gas,600.4,SYNTHETIC
2026-09-09 09:04:07,ACTIVE-01,3024,Barail,8.85,22.42,102.6,13.97,kft-lbs,1472.0,497.0,10.17,10.27,0.64,% total gas,600.2,SYNTHETIC
2026-09-09 09:10:23,ACTIVE-01,3025,Barail,9.57,22.48,101.9,14.53,kft-lbs,1458.0,498.0,10.18,10.3,0.901,% total gas,599.5,SYNTHETIC
2026-09-09 09:16:44,ACTIVE-01,3026,Barail,9.44,21.75,99.6,16.28,kft-lbs,1454.0,491.0,10.15,10.26,0.885,% total gas,598.9,SYNTHETIC
2026-09-09 09:22:36,ACTIVE-01,3027,Barail,10.23,21.57,98.1,14.97,kft-lbs,1428.0,498.0,10.2,10.33,0.948,% total gas,598.6,SYNTHETIC
2026-09-09 09:29:24,ACTIVE-01,3028,Barail,8.82,23.61,98.5,15.9,kft-lbs,1538.0,502.0,10.18,10.3,0.701,% total gas,598.8,SYNTHETIC
2026-09-09 09:35:08,ACTIVE-01,3029,Barail,10.47,23.11,101.4,15.77,kft-lbs,1445.0,493.0,10.23,10.35,0.717,% total gas,598.5,SYNTHETIC
2026-09-09 09:41:53,ACTIVE-01,3030,Barail,8.88,21.28,98.8,16.44,kft-lbs,1505.0,507.0,10.19,10.32,0.747,% total gas,598.5,SYNTHETIC
2026-09-09 09:47:37,ACTIVE-01,3031,Barail,10.47,21.62,100.9,14.15,kft-lbs,1514.0,507.0,10.19,10.32,0.791,% total gas,598.6,SYNTHETIC
2026-09-09 09:53:07,ACTIVE-01,3032,Barail,10.92,23.34,99.2,15.13,kft-lbs,1467.0,495.0,10.21,10.3,0.943,% total gas,598.3,SYNTHETIC
2026-09-09 09:59:55,ACTIVE-01,3033,Barail,8.83,23.15,99.7,14.47,kft-lbs,1466.0,498.0,10.18,10.31,0.868,% total gas,598.3,SYNTHETIC
2026-09-09 10:05:53,ACTIVE-01,3034,Barail,10.05,22.51,103.8,15.08,kft-lbs,1485.0,491.0,10.18,10.32,0.978,% total gas,598.3,SYNTHETIC
2026-09-09 10:11:30,ACTIVE-01,3035,Barail,10.68,23.52,99.4,15.22,kft-lbs,1439.0,505.0,10.2,10.33,0.877,% total gas,598.7,SYNTHETIC
2026-09-09 10:17:10,ACTIVE-01,3036,Barail,10.57,22.45,97.5,13.58,kft-lbs,1480.0,502.0,10.19,10.32,1.071,% total gas,599.3,SYNTHETIC
2026-09-09 10:23:02,ACTIVE-01,3037,Barail,10.23,23.47,99.5,14.58,kft-lbs,1487.0,499.0,10.2,10.33,0.766,% total gas,599.0,SYNTHETIC
2026-09-09 10:29:41,ACTIVE-01,3038,Barail,9.04,22.49,99.6,14.82,kft-lbs,1411.0,501.0,10.18,10.3,1.453,% total gas,599.0,SYNTHETIC
2026-09-09 10:35:16,ACTIVE-01,3039,Barail,10.73,21.19,101.4,15.06,kft-lbs,1485.0,502.0,10.2,10.33,0.855,% total gas,599.2,SYNTHETIC
2026-09-09 10:41:28,ACTIVE-01,3040,Barail,9.68,22.35,102.1,13.57,kft-lbs,1515.0,497.0,10.22,10.33,0.693,% total gas,598.7,SYNTHETIC
2026-09-09 10:47:15,ACTIVE-01,3041,Barail,10.36,20.71,97.8,15.06,kft-lbs,1471.0,496.0,10.18,10.3,1.087,% total gas,598.9,SYNTHETIC
2026-09-09 10:52:38,ACTIVE-01,3042,Barail,11.17,22.1,96.6,14.67,kft-lbs,1511.0,508.0,10.24,10.37,0.749,% total gas,599.1,SYNTHETIC
2026-09-09 10:59:16,ACTIVE-01,3043,Barail,9.03,21.81,102.5,13.73,kft-lbs,1499.0,501.0,10.2,10.33,0.874,% total gas,599.3,SYNTHETIC
2026-09-09 11:05:26,ACTIVE-01,3044,Barail,9.75,22.14,94.6,16.29,kft-lbs,1520.0,500.0,10.19,10.31,0.8,% total gas,599.1,SYNTHETIC
2026-09-09 11:10:46,ACTIVE-01,3045,Barail,11.23,22.35,100.5,15.29,kft-lbs,1466.0,506.0,10.18,10.32,0.585,% total gas,599.1,SYNTHETIC
2026-09-09 11:16:30,ACTIVE-01,3046,Barail,10.47,22.47,98.3,14.84,kft-lbs,1428.0,502.0,10.21,10.34,0.505,% total gas,598.9,SYNTHETIC
2026-09-09 11:22:09,ACTIVE-01,3047,Barail,10.63,22.56,101.0,15.69,kft-lbs,1502.0,493.0,10.2,10.32,0.662,% total gas,598.6,SYNTHETIC
2026-09-09 11:28:48,ACTIVE-01,3048,Barail,9.02,20.85,99.1,15.33,kft-lbs,1497.0,504.0,10.23,10.36,0.976,% total gas,598.7,SYNTHETIC
2026-09-09 11:35:04,ACTIVE-01,3049,Barail,9.58,20.53,97.7,15.55,kft-lbs,1488.0,492.0,10.21,10.33,0.894,% total gas,598.6,SYNTHETIC
2026-09-09 11:41:31,ACTIVE-01,3050,Barail,9.29,23.76,98.9,14.91,kft-lbs,1482.0,512.0,10.21,10.35,1.234,% total gas,598.2,SYNTHETIC
2026-09-09 11:47:56,ACTIVE-01,3051,Barail,9.35,22.55,102.9,15.66,kft-lbs,1524.0,502.0,10.21,10.35,0.522,% total gas,598.0,SYNTHETIC
2026-09-09 11:54:42,ACTIVE-01,3052,Barail,8.87,21.27,97.9,14.17,kft-lbs,1505.0,491.0,10.2,10.3,0.645,% total gas,597.2,SYNTHETIC
2026-09-09 12:00:29,ACTIVE-01,3053,Barail,10.39,21.18,100.2,16.4,kft-lbs,1492.0,502.0,10.2,10.34,0.527,% total gas,596.8,SYNTHETIC
2026-09-09 12:06:56,ACTIVE-01,3054,Barail,9.29,20.71,100.0,15.42,kft-lbs,1492.0,504.0,10.21,10.32,0.996,% total gas,597.3,SYNTHETIC
2026-09-09 12:13:06,ACTIVE-01,3055,Barail,9.72,20.31,97.1,14.05,kft-lbs,1495.0,501.0,10.21,10.34,0.445,% total gas,596.8,SYNTHETIC
2026-09-09 12:20:01,ACTIVE-01,3056,Barail,8.68,20.88,93.7,15.52,kft-lbs,1464.0,490.0,10.19,10.31,0.918,% total gas,596.9,SYNTHETIC
2026-09-09 12:25:48,ACTIVE-01,3057,Barail,10.37,21.22,103.6,14.51,kft-lbs,1514.0,498.0,10.18,10.3,0.453,% total gas,596.7,SYNTHETIC
2026-09-09 12:31:42,ACTIVE-01,3058,Barail,10.17,20.56,104.3,15.7,kft-lbs,1470.0,499.0,10.18,10.31,0.581,% total gas,596.8,SYNTHETIC
2026-09-09 12:38:06,ACTIVE-01,3059,Barail,9.38,21.97,104.3,14.48,kft-lbs,1503.0,493.0,10.2,10.33,1.331,% total gas,597.1,SYNTHETIC
2026-09-09 12:43:18,ACTIVE-01,3060,Barail,11.55,21.98,99.4,15.77,kft-lbs,1522.0,493.0,10.19,10.3,0.709,% total gas,597.4,SYNTHETIC
2026-09-09 12:50:02,ACTIVE-01,3061,Barail,8.9,21.34,96.0,15.38,kft-lbs,1467.0,498.0,10.23,10.33,0.557,% total gas,597.8,SYNTHETIC
2026-09-09 12:55:24,ACTIVE-01,3062,Barail,11.2,19.72,100.5,15.96,kft-lbs,1506.0,503.0,10.21,10.32,0.532,% total gas,597.8,SYNTHETIC
2026-09-09 13:01:44,ACTIVE-01,3063,Barail,9.46,21.19,100.2,13.83,kft-lbs,1477.0,498.0,10.22,10.34,0.618,% total gas,598.3,SYNTHETIC
2026-09-09 13:08:53,ACTIVE-01,3064,Barail,8.4,21.37,101.4,14.98,kft-lbs,1498.0,501.0,10.21,10.34,0.796,% total gas,598.7,SYNTHETIC
2026-09-09 13:14:50,ACTIVE-01,3065,Barail,10.09,21.8,101.8,14.98,kft-lbs,1458.0,502.0,10.19,10.32,0.58,% total gas,598.9,SYNTHETIC
2026-09-09 13:20:28,ACTIVE-01,3066,Barail,10.63,21.76,99.0,15.96,kft-lbs,1478.0,507.0,10.18,10.31,0.625,% total gas,599.3,SYNTHETIC
2026-09-09 13:26:25,ACTIVE-01,3067,Barail,10.08,23.03,101.8,15.89,kft-lbs,1480.0,500.0,10.19,10.3,1.003,% total gas,599.7,SYNTHETIC
2026-09-09 13:32:11,ACTIVE-01,3068,Barail,10.41,20.29,95.5,13.93,kft-lbs,1517.0,510.0,10.2,10.33,0.828,% total gas,599.1,SYNTHETIC
2026-09-09 13:38:15,ACTIVE-01,3069,Barail,9.9,21.65,103.6,15.56,kft-lbs,1480.0,498.0,10.21,10.33,0.962,% total gas,598.9,SYNTHETIC
2026-09-09 13:44:15,ACTIVE-01,3070,Barail,9.99,24.3,98.8,13.4,kft-lbs,1534.0,504.0,10.22,10.35,0.729,% total gas,599.0,SYNTHETIC
2026-09-09 13:50:07,ACTIVE-01,3071,Barail,10.24,21.67,100.3,15.15,kft-lbs,1468.0,495.0,10.22,10.35,0.518,% total gas,599.3,SYNTHETIC
2026-09-09 13:55:17,ACTIVE-01,3072,Barail,11.59,21.94,100.7,15.07,kft-lbs,1519.0,501.0,10.24,10.38,1.105,% total gas,599.1,SYNTHETIC
2026-09-09 14:01:17,ACTIVE-01,3073,Barail,10.0,21.99,100.7,14.86,kft-lbs,1481.0,495.0,10.19,10.34,0.624,% total gas,599.3,SYNTHETIC
2026-09-09 14:06:54,ACTIVE-01,3074,Barail,10.71,23.13,98.2,14.38,kft-lbs,1567.0,500.0,10.18,10.3,0.805,% total gas,599.1,SYNTHETIC
2026-09-09 14:13:02,ACTIVE-01,3075,Barail,9.78,21.53,98.9,13.82,kft-lbs,1483.0,501.0,10.22,10.34,0.618,% total gas,599.0,SYNTHETIC
2026-09-09 14:19:31,ACTIVE-01,3076,Barail,9.24,21.6,99.7,14.45,kft-lbs,1487.0,493.0,10.17,10.28,0.805,% total gas,599.5,SYNTHETIC
2026-09-09 14:25:45,ACTIVE-01,3077,Barail,9.63,21.94,96.6,15.2,kft-lbs,1460.0,496.0,10.24,10.37,0.461,% total gas,599.7,SYNTHETIC
2026-09-09 14:30:49,ACTIVE-01,3078,Barail,11.86,22.2,104.7,14.9,kft-lbs,1554.0,501.0,10.17,10.29,0.87,% total gas,600.2,SYNTHETIC
2026-09-09 14:36:29,ACTIVE-01,3079,Barail,10.58,25.22,101.4,14.32,kft-lbs,1449.0,504.0,10.23,10.36,0.529,% total gas,600.2,SYNTHETIC
2026-09-09 14:42:08,ACTIVE-01,3080,Barail,10.61,19.33,92.7,15.34,kft-lbs,1472.0,501.0,10.16,10.27,0.807,% total gas,600.5,SYNTHETIC
2026-09-09 14:47:43,ACTIVE-01,3081,Barail,10.76,20.6,102.6,14.77,kft-lbs,1499.0,498.0,10.22,10.35,0.591,% total gas,600.4,SYNTHETIC
2026-09-09 14:53:31,ACTIVE-01,3082,Barail,10.33,22.71,103.0,15.16,kft-lbs,1504.0,494.0,10.23,10.35,0.75,% total gas,600.1,SYNTHETIC
2026-09-09 14:59:44,ACTIVE-01,3083,Barail,9.67,22.6,100.0,13.78,kft-lbs,1534.0,501.0,10.18,10.3,0.873,% total gas,600.7,SYNTHETIC
2026-09-09 15:05:38,ACTIVE-01,3084,Barail,10.17,23.03,101.1,15.95,kft-lbs,1475.0,500.0,10.2,10.32,0.659,% total gas,600.7,SYNTHETIC
2026-09-09 15:11:31,ACTIVE-01,3085,Barail,10.19,20.66,101.3,14.73,kft-lbs,1453.0,504.0,10.19,10.33,0.854,% total gas,601.3,SYNTHETIC
2026-09-09 15:18:06,ACTIVE-01,3086,Barail,9.1,22.16,99.2,14.95,kft-lbs,1485.0,499.0,10.19,10.33,0.909,% total gas,601.3,SYNTHETIC
2026-09-09 15:25:23,ACTIVE-01,3087,Barail,8.25,22.2,98.6,13.31,kft-lbs,1507.0,505.0,10.24,10.34,0.788,% total gas,601.4,SYNTHETIC
2026-09-09 15:32:21,ACTIVE-01,3088,Barail,8.61,23.49,98.5,16.04,kft-lbs,1545.0,502.0,10.18,10.31,0.603,% total gas,601.6,SYNTHETIC
2026-09-09 15:37:42,ACTIVE-01,3089,Barail,11.21,20.33,98.4,14.06,kft-lbs,1488.0,502.0,10.19,10.31,0.791,% total gas,602.1,SYNTHETIC
2026-09-09 15:44:22,ACTIVE-01,3090,Barail,9.0,20.84,93.8,14.5,kft-lbs,1516.0,496.0,10.21,10.33,0.636,% total gas,602.3,SYNTHETIC
2026-09-09 15:50:31,ACTIVE-01,3091,Barail,9.75,22.45,100.7,14.07,kft-lbs,1461.0,501.0,10.21,10.32,0.495,% total gas,602.5,SYNTHETIC
2026-09-09 15:56:50,ACTIVE-01,3092,Barail,9.5,21.37,102.2,14.04,kft-lbs,1513.0,497.0,10.23,10.36,0.843,% total gas,602.2,SYNTHETIC
2026-09-09 16:02:35,ACTIVE-01,3093,Barail,10.45,22.83,97.1,14.25,kft-lbs,1512.0,501.0,10.21,10.32,0.594,% total gas,602.3,SYNTHETIC
2026-09-09 16:08:13,ACTIVE-01,3094,Barail,10.64,20.45,94.4,15.55,kft-lbs,1536.0,499.0,10.19,10.32,0.85,% total gas,602.7,SYNTHETIC
2026-09-09 16:14:00,ACTIVE-01,3095,Barail,10.37,20.28,104.7,14.43,kft-lbs,1491.0,498.0,10.18,10.3,0.664,% total gas,602.9,SYNTHETIC
2026-09-09 16:20:04,ACTIVE-01,3096,Barail,9.91,23.4,96.9,14.51,kft-lbs,1482.0,504.0,10.2,10.33,0.476,% total gas,602.6,SYNTHETIC
2026-09-09 16:25:58,ACTIVE-01,3097,Barail,10.17,21.7,98.9,14.78,kft-lbs,1512.0,496.0,10.16,10.3,0.551,% total gas,602.6,SYNTHETIC
2026-09-09 16:31:27,ACTIVE-01,3098,Barail,10.91,19.65,103.3,15.66,kft-lbs,1537.0,500.0,10.23,10.36,0.761,% total gas,602.3,SYNTHETIC
2026-09-09 16:37:09,ACTIVE-01,3099,Barail,10.55,22.05,101.6,15.89,kft-lbs,1480.0,497.0,10.23,10.35,0.591,% total gas,602.0,SYNTHETIC
2026-09-09 16:44:26,ACTIVE-01,3100,Barail,8.24,23.85,99.3,15.74,kft-lbs,1518.0,499.0,10.24,10.39,0.701,% total gas,602.2,SYNTHETIC
2026-09-09 16:50:55,ACTIVE-01,3101,Barail,9.25,21.27,99.5,15.11,kft-lbs,1529.0,500.0,10.18,10.3,0.513,% total gas,602.1,SYNTHETIC
2026-09-09 16:57:05,ACTIVE-01,3102,Barail,9.72,23.3,98.2,14.63,kft-lbs,1529.0,502.0,10.19,10.32,0.688,% total gas,601.6,SYNTHETIC
2026-09-09 17:03:12,ACTIVE-01,3103,Barail,9.81,23.89,101.9,14.8,kft-lbs,1538.0,501.0,10.21,10.33,0.882,% total gas,601.5,SYNTHETIC
2026-09-09 17:09:37,ACTIVE-01,3104,Barail,9.35,22.18,100.9,15.47,kft-lbs,1510.0,491.0,10.2,10.33,0.631,% total gas,601.5,SYNTHETIC
2026-09-09 17:15:28,ACTIVE-01,3105,Barail,10.26,21.2,98.7,15.14,kft-lbs,1521.0,498.0,10.22,10.33,0.593,% total gas,601.2,SYNTHETIC
2026-09-09 17:20:44,ACTIVE-01,3106,Barail,11.4,21.44,97.1,14.75,kft-lbs,1557.0,505.0,10.17,10.31,0.984,% total gas,601.3,SYNTHETIC
2026-09-09 17:26:36,ACTIVE-01,3107,Barail,10.23,21.74,100.7,14.78,kft-lbs,1481.0,499.0,10.19,10.31,1.058,% total gas,601.6,SYNTHETIC
2026-09-09 17:32:00,ACTIVE-01,3108,Barail,11.11,24.74,97.3,15.61,kft-lbs,1449.0,504.0,10.19,10.31,0.791,% total gas,602.1,SYNTHETIC
2026-09-09 17:37:29,ACTIVE-01,3109,Barail,10.95,21.29,101.3,15.75,kft-lbs,1471.0,494.0,10.18,10.3,0.721,% total gas,602.4,SYNTHETIC
2026-09-09 17:43:45,ACTIVE-01,3110,Barail,9.57,24.0,97.2,13.5,kft-lbs,1515.0,493.0,10.15,10.27,0.991,% total gas,602.4,SYNTHETIC
2026-09-09 17:50:14,ACTIVE-01,3111,Barail,9.25,21.16,97.4,15.45,kft-lbs,1517.0,505.0,10.22,10.36,0.691,% total gas,602.3,SYNTHETIC
2026-09-09 17:57:19,ACTIVE-01,3112,Barail,8.47,21.06,100.3,15.54,kft-lbs,1550.0,491.0,10.21,10.32,1.309,% total gas,602.1,SYNTHETIC
2026-09-09 18:04:37,ACTIVE-01,3113,Barail,8.22,20.92,100.2,15.48,kft-lbs,1566.0,505.0,10.18,10.3,0.885,% total gas,602.2,SYNTHETIC
2026-09-09 18:10:23,ACTIVE-01,3114,Barail,10.4,21.71,98.2,14.38,kft-lbs,1456.0,497.0,10.22,10.36,1.246,% total gas,602.3,SYNTHETIC
2026-09-09 18:16:56,ACTIVE-01,3115,Barail,9.17,22.23,102.3,14.39,kft-lbs,1570.0,502.0,10.19,10.3,0.765,% total gas,603.1,SYNTHETIC
2026-09-09 18:23:03,ACTIVE-01,3116,Barail,9.79,20.85,104.9,13.69,kft-lbs,1496.0,496.0,10.17,10.3,0.722,% total gas,603.5,SYNTHETIC
2026-09-09 18:28:53,ACTIVE-01,3117,Barail,10.29,21.76,99.8,14.89,kft-lbs,1560.0,505.0,10.22,10.34,1.19,% total gas,603.5,SYNTHETIC
2026-09-09 18:35:01,ACTIVE-01,3118,Barail,9.79,22.16,101.7,14.61,kft-lbs,1528.0,499.0,10.19,10.31,0.746,% total gas,602.9,SYNTHETIC
2026-09-09 18:41:44,ACTIVE-01,3119,Barail,8.94,22.32,95.5,15.34,kft-lbs,1523.0,511.0,10.14,10.28,0.614,% total gas,603.7,SYNTHETIC
2026-09-09 18:47:18,ACTIVE-01,3120,Barail,10.75,19.4,95.4,15.59,kft-lbs,1501.0,496.0,10.19,10.32,1.094,% total gas,603.4,SYNTHETIC
2026-09-09 18:53:21,ACTIVE-01,3121,Barail,9.94,20.78,96.4,15.77,kft-lbs,1490.0,506.0,10.21,10.34,0.757,% total gas,603.6,SYNTHETIC
2026-09-09 18:59:59,ACTIVE-01,3122,Barail,9.04,23.51,99.9,16.1,kft-lbs,1527.0,501.0,10.21,10.31,1.068,% total gas,603.4,SYNTHETIC
2026-09-09 19:06:01,ACTIVE-01,3123,Barail,9.94,20.33,98.1,15.44,kft-lbs,1486.0,496.0,10.19,10.3,0.835,% total gas,603.5,SYNTHETIC
2026-09-09 19:11:18,ACTIVE-01,3124,Barail,11.37,20.71,99.5,15.11,kft-lbs,1490.0,494.0,10.19,10.3,0.784,% total gas,603.1,SYNTHETIC
2026-09-09 19:16:58,ACTIVE-01,3125,Barail,10.58,22.14,100.2,15.74,kft-lbs,1448.0,500.0,10.16,10.3,0.612,% total gas,603.0,SYNTHETIC
2026-09-09 19:22:25,ACTIVE-01,3126,Barail,11.02,21.33,102.7,15.23,kft-lbs,1503.0,507.0,10.19,10.33,0.619,% total gas,603.4,SYNTHETIC
2026-09-09 19:28:47,ACTIVE-01,3127,Barail,9.41,23.87,98.0,14.43,kft-lbs,1483.0,492.0,10.21,10.32,0.976,% total gas,603.3,SYNTHETIC
2026-09-09 19:34:12,ACTIVE-01,3128,Barail,11.07,21.79,102.4,14.32,kft-lbs,1522.0,496.0,10.19,10.32,0.792,% total gas,603.4,SYNTHETIC
2026-09-09 19:40:15,ACTIVE-01,3129,Barail,9.92,22.59,96.5,14.94,kft-lbs,1526.0,498.0,10.18,10.29,0.606,% total gas,603.6,SYNTHETIC
2026-09-09 19:46:38,ACTIVE-01,3130,Barail,9.41,22.18,102.5,15.62,kft-lbs,1526.0,495.0,10.23,10.34,0.579,% total gas,603.3,SYNTHETIC
2026-09-09 19:52:45,ACTIVE-01,3131,Barail,9.8,21.19,95.6,15.61,kft-lbs,1473.0,491.0,10.19,10.32,0.66,% total gas,603.1,SYNTHETIC
2026-09-09 19:59:06,ACTIVE-01,3132,Barail,9.45,20.3,100.1,15.12,kft-lbs,1531.0,498.0,10.23,10.35,1.442,% total gas,602.9,SYNTHETIC
2026-09-09 20:05:22,ACTIVE-01,3133,Barail,9.57,21.33,99.9,14.45,kft-lbs,1469.0,502.0,10.19,10.31,0.784,% total gas,602.6,SYNTHETIC
2026-09-09 20:11:17,ACTIVE-01,3134,Barail,10.15,21.1,95.0,15.49,kft-lbs,1531.0,498.0,10.18,10.32,0.689,% total gas,602.4,SYNTHETIC
2026-09-09 20:16:39,ACTIVE-01,3135,Barail,11.17,22.9,98.9,14.97,kft-lbs,1541.0,510.0,10.19,10.31,0.589,% total gas,602.1,SYNTHETIC
2026-09-09 20:22:05,ACTIVE-01,3136,Barail,11.04,20.59,97.4,13.27,kft-lbs,1501.0,508.0,10.16,10.3,0.64,% total gas,601.9,SYNTHETIC
2026-09-09 20:27:59,ACTIVE-01,3137,Barail,10.19,21.45,103.7,14.91,kft-lbs,1561.0,500.0,10.23,10.35,0.644,% total gas,602.3,SYNTHETIC
2026-09-09 20:33:38,ACTIVE-01,3138,Barail,10.62,23.2,100.0,14.64,kft-lbs,1530.0,499.0,10.18,10.29,0.649,% total gas,601.7,SYNTHETIC
2026-09-09 20:40:31,ACTIVE-01,3139,Barail,8.71,21.59,102.2,14.91,kft-lbs,1627.0,498.0,10.16,10.28,0.732,% total gas,601.4,SYNTHETIC
2026-09-09 20:46:29,ACTIVE-01,3140,Barail,10.05,21.89,104.5,15.44,kft-lbs,1469.0,508.0,10.22,10.34,0.6,% total gas,601.4,SYNTHETIC
2026-09-09 20:52:26,ACTIVE-01,3141,Barail,10.08,21.36,100.5,14.66,kft-lbs,1477.0,495.0,10.19,10.32,0.883,% total gas,601.8,SYNTHETIC
2026-09-09 20:57:53,ACTIVE-01,3142,Barail,11.02,21.12,100.3,15.07,kft-lbs,1533.0,498.0,10.2,10.32,0.59,% total gas,601.9,SYNTHETIC
2026-09-09 21:03:26,ACTIVE-01,3143,Barail,10.8,21.06,100.8,15.49,kft-lbs,1503.0,505.0,10.23,10.36,0.702,% total gas,601.3,SYNTHETIC
2026-09-09 21:09:41,ACTIVE-01,3144,Barail,9.62,22.12,100.1,15.33,kft-lbs,1414.0,499.0,10.17,10.29,1.001,% total gas,600.7,SYNTHETIC
2026-09-09 21:15:45,ACTIVE-01,3145,Barail,9.89,22.6,98.8,15.16,kft-lbs,1546.0,496.0,10.2,10.32,0.931,% total gas,601.0,SYNTHETIC
2026-09-09 21:21:58,ACTIVE-01,3146,Barail,9.63,22.31,103.9,15.52,kft-lbs,1513.0,493.0,10.19,10.31,0.56,% total gas,600.8,SYNTHETIC
2026-09-09 21:28:07,ACTIVE-01,3147,Barail,9.76,21.01,99.6,14.57,kft-lbs,1500.0,499.0,10.21,10.35,0.542,% total gas,601.0,SYNTHETIC
2026-09-09 21:33:47,ACTIVE-01,3148,Barail,10.6,21.63,101.6,15.94,kft-lbs,1555.0,505.0,10.21,10.36,0.653,% total gas,601.4,SYNTHETIC
2026-09-09 21:39:22,ACTIVE-01,3149,Barail,10.74,22.66,101.1,14.75,kft-lbs,1514.0,505.0,10.18,10.31,0.656,% total gas,601.8,SYNTHETIC
2026-09-09 21:44:57,ACTIVE-01,3150,Barail,10.76,22.51,96.8,14.6,kft-lbs,1548.0,504.0,10.24,10.37,0.989,% total gas,602.6,SYNTHETIC
2026-09-09 21:51:29,ACTIVE-01,3151,Barail,9.17,21.45,104.4,15.06,kft-lbs,1453.0,497.0,10.21,10.35,0.861,% total gas,603.0,SYNTHETIC
2026-09-09 21:58:29,ACTIVE-01,3152,Barail,8.57,20.89,98.2,16.47,kft-lbs,1530.0,497.0,10.23,10.36,0.697,% total gas,602.9,SYNTHETIC
2026-09-09 22:04:43,ACTIVE-01,3153,Barail,9.64,21.49,103.1,15.21,kft-lbs,1517.0,502.0,10.21,10.34,0.734,% total gas,603.7,SYNTHETIC
2026-09-09 22:10:30,ACTIVE-01,3154,Barail,10.36,21.64,99.4,14.49,kft-lbs,1559.0,494.0,10.22,10.36,0.983,% total gas,603.8,SYNTHETIC
2026-09-09 22:16:19,ACTIVE-01,3155,Barail,10.33,21.56,100.9,15.31,kft-lbs,1499.0,505.0,10.2,10.33,0.854,% total gas,603.6,SYNTHETIC
2026-09-09 22:23:49,ACTIVE-01,3156,Barail,7.99,21.43,101.9,15.09,kft-lbs,1549.0,497.0,10.2,10.33,0.612,% total gas,604.5,SYNTHETIC
2026-09-09 22:28:56,ACTIVE-01,3157,Barail,11.75,20.81,103.7,14.73,kft-lbs,1539.0,504.0,10.19,10.32,0.666,% total gas,605.0,SYNTHETIC
2026-09-09 22:35:43,ACTIVE-01,3158,Barail,8.84,22.42,96.3,15.48,kft-lbs,1555.0,501.0,10.2,10.34,0.564,% total gas,605.4,SYNTHETIC
2026-09-09 22:41:25,ACTIVE-01,3159,Barail,10.51,21.05,103.2,15.51,kft-lbs,1541.0,495.0,10.21,10.34,0.762,% total gas,605.6,SYNTHETIC
2026-09-09 22:47:35,ACTIVE-01,3160,Barail,9.73,23.04,94.4,14.92,kft-lbs,1507.0,501.0,10.22,10.34,0.706,% total gas,605.6,SYNTHETIC
2026-09-09 22:56:25,ACTIVE-01,3161,Kopili,6.8,25.21,90.2,16.87,kft-lbs,1550.0,510.0,10.61,10.77,1.211,% total gas,606.1,SYNTHETIC
2026-09-09 23:04:04,ACTIVE-01,3162,Kopili,7.84,23.02,87.8,16.47,kft-lbs,1536.0,503.0,10.63,10.77,1.234,% total gas,605.8,SYNTHETIC
2026-09-09 23:12:51,ACTIVE-01,3163,Kopili,6.83,24.93,87.2,17.1,kft-lbs,1516.0,495.0,10.61,10.74,1.471,% total gas,605.9,SYNTHETIC
2026-09-09 23:21:05,ACTIVE-01,3164,Kopili,7.29,23.27,92.5,15.4,kft-lbs,1537.0,493.0,10.55,10.67,1.236,% total gas,605.4,SYNTHETIC
2026-09-09 23:28:23,ACTIVE-01,3165,Kopili,8.21,26.05,90.2,15.5,kft-lbs,1486.0,502.0,10.57,10.71,1.524,% total gas,605.3,SYNTHETIC
2026-09-09 23:38:19,ACTIVE-01,3166,Kopili,6.04,23.77,90.7,16.81,kft-lbs,1537.0,503.0,10.57,10.7,1.23,% total gas,604.1,SYNTHETIC
2026-09-09 23:46:46,ACTIVE-01,3167,Kopili,7.11,22.65,92.3,15.69,kft-lbs,1505.0,498.0,10.59,10.73,1.04,% total gas,604.5,SYNTHETIC
2026-09-09 23:56:16,ACTIVE-01,3168,Kopili,6.31,22.09,94.6,16.07,kft-lbs,1504.0,503.0,10.6,10.75,0.969,% total gas,604.9,SYNTHETIC
2026-09-10 00:04:51,ACTIVE-01,3169,Kopili,7.0,22.19,90.4,15.93,kft-lbs,1507.0,502.0,10.58,10.7,1.353,% total gas,605.5,SYNTHETIC
2026-09-10 00:13:42,ACTIVE-01,3170,Kopili,6.78,24.68,88.2,14.51,kft-lbs,1525.0,493.0,10.6,10.73,1.358,% total gas,605.5,SYNTHETIC
2026-09-10 00:22:51,ACTIVE-01,3171,Kopili,6.55,23.97,91.9,16.7,kft-lbs,1498.0,496.0,10.59,10.72,1.217,% total gas,604.8,SYNTHETIC
2026-09-10 00:31:58,ACTIVE-01,3172,Kopili,6.58,25.93,87.1,14.39,kft-lbs,1498.0,498.0,10.59,10.71,0.963,% total gas,605.0,SYNTHETIC
2026-09-10 00:40:37,ACTIVE-01,3173,Kopili,6.94,24.11,84.7,16.57,kft-lbs,1480.0,494.0,10.63,10.76,1.107,% total gas,604.7,SYNTHETIC
2026-09-10 00:50:20,ACTIVE-01,3174,Kopili,6.18,22.92,93.8,16.65,kft-lbs,1525.0,504.0,10.6,10.73,1.57,% total gas,604.8,SYNTHETIC
2026-09-10 00:58:11,ACTIVE-01,3175,Kopili,7.64,27.68,82.8,16.94,kft-lbs,1498.0,502.0,10.59,10.71,0.675,% total gas,604.4,SYNTHETIC
2026-09-10 01:06:50,ACTIVE-01,3176,Kopili,6.94,26.16,89.5,15.05,kft-lbs,1491.0,497.0,10.6,10.72,1.373,% total gas,604.4,SYNTHETIC
2026-09-10 01:15:14,ACTIVE-01,3177,Kopili,7.14,22.99,90.9,15.73,kft-lbs,1557.0,510.0,10.6,10.74,1.046,% total gas,604.6,SYNTHETIC
2026-09-10 01:23:34,ACTIVE-01,3178,Kopili,7.19,24.43,91.1,17.37,kft-lbs,1499.0,495.0,10.59,10.72,1.191,% total gas,604.2,SYNTHETIC
2026-09-10 01:31:46,ACTIVE-01,3179,Kopili,7.33,22.26,89.6,16.08,kft-lbs,1568.0,500.0,10.61,10.74,1.743,% total gas,604.5,SYNTHETIC
2026-09-10 01:41:51,ACTIVE-01,3180,Kopili,5.95,25.11,91.9,15.91,kft-lbs,1480.0,495.0,10.56,10.68,1.182,% total gas,604.4,SYNTHETIC
2026-09-10 01:50:27,ACTIVE-01,3181,Kopili,6.97,23.72,91.6,15.03,kft-lbs,1522.0,494.0,10.61,10.74,1.671,% total gas,604.4,SYNTHETIC
2026-09-10 01:58:25,ACTIVE-01,3182,Kopili,7.53,25.85,88.4,15.7,kft-lbs,1520.0,501.0,10.59,10.73,1.662,% total gas,604.5,SYNTHETIC
2026-09-10 02:06:23,ACTIVE-01,3183,Kopili,7.54,26.5,88.8,16.2,kft-lbs,1512.0,494.0,10.58,10.7,1.567,% total gas,604.2,SYNTHETIC
2026-09-10 02:14:27,ACTIVE-01,3184,Kopili,7.44,22.83,91.7,15.61,kft-lbs,1555.0,493.0,10.6,10.75,0.935,% total gas,604.7,SYNTHETIC
2026-09-10 02:23:02,ACTIVE-01,3185,Kopili,6.98,22.37,86.0,15.85,kft-lbs,1514.0,488.0,10.58,10.69,1.699,% total gas,604.7,SYNTHETIC
2026-09-10 02:31:48,ACTIVE-01,3186,Kopili,6.85,26.14,91.5,15.38,kft-lbs,1523.0,507.0,10.57,10.7,1.699,% total gas,605.2,SYNTHETIC
2026-09-10 02:39:41,ACTIVE-01,3187,Kopili,7.61,23.03,90.0,17.51,kft-lbs,1528.0,507.0,10.62,10.76,1.845,% total gas,604.4,SYNTHETIC
2026-09-10 02:48:58,ACTIVE-01,3188,Kopili,6.46,22.96,93.1,17.21,kft-lbs,1491.0,501.0,10.63,10.76,1.248,% total gas,603.8,SYNTHETIC
2026-09-10 02:57:57,ACTIVE-01,3189,Kopili,6.68,25.09,90.7,16.98,kft-lbs,1517.0,508.0,10.61,10.73,1.33,% total gas,604.0,SYNTHETIC
2026-09-10 03:09:11,ACTIVE-01,3190,Kopili,5.34,24.46,91.3,14.6,kft-lbs,1492.0,503.0,10.6,10.72,1.175,% total gas,603.6,SYNTHETIC
2026-09-10 03:17:04,ACTIVE-01,3191,Kopili,7.62,25.46,89.8,15.14,kft-lbs,1462.0,507.0,10.59,10.72,1.492,% total gas,604.0,SYNTHETIC
2026-09-10 03:25:45,ACTIVE-01,3192,Kopili,6.9,25.0,92.1,18.11,kft-lbs,1533.0,500.0,10.6,10.73,1.478,% total gas,604.6,SYNTHETIC
2026-09-10 03:34:56,ACTIVE-01,3193,Kopili,6.54,23.52,93.8,15.61,kft-lbs,1493.0,497.0,10.61,10.75,1.681,% total gas,604.0,SYNTHETIC
2026-09-10 03:42:20,ACTIVE-01,3194,Kopili,8.11,25.92,88.5,17.21,kft-lbs,1525.0,495.0,10.6,10.72,1.457,% total gas,604.3,SYNTHETIC
2026-09-10 03:50:46,ACTIVE-01,3195,Kopili,7.11,23.84,88.6,15.72,kft-lbs,1524.0,503.0,10.58,10.7,1.613,% total gas,604.1,SYNTHETIC
2026-09-10 03:59:04,ACTIVE-01,3196,Kopili,7.23,24.91,87.1,16.33,kft-lbs,1474.0,487.0,10.61,10.74,1.105,% total gas,604.3,SYNTHETIC
2026-09-10 04:08:17,ACTIVE-01,3197,Kopili,6.51,23.84,84.4,15.02,kft-lbs,1504.0,504.0,10.61,10.73,0.896,% total gas,603.8,SYNTHETIC
2026-09-10 04:18:39,ACTIVE-01,3198,Kopili,5.79,23.83,87.3,16.14,kft-lbs,1538.0,496.0,10.61,10.76,1.507,% total gas,604.4,SYNTHETIC
2026-09-10 04:27:32,ACTIVE-01,3199,Kopili,6.75,24.46,85.9,17.79,kft-lbs,1473.0,498.0,10.62,10.75,0.885,% total gas,604.2,SYNTHETIC
2026-09-10 04:35:31,ACTIVE-01,3200,Kopili,7.52,25.4,87.9,16.05,kft-lbs,1494.0,505.0,10.61,10.74,1.318,% total gas,604.7,SYNTHETIC
2026-09-10 04:44:50,ACTIVE-01,3201,Kopili,6.44,22.48,89.9,16.47,kft-lbs,1536.0,494.0,10.54,10.66,1.089,% total gas,605.0,SYNTHETIC
2026-09-10 04:52:57,ACTIVE-01,3202,Kopili,7.39,23.33,91.1,17.16,kft-lbs,1522.0,496.0,10.6,10.72,1.053,% total gas,605.0,SYNTHETIC
2026-09-10 05:00:59,ACTIVE-01,3203,Kopili,7.47,24.87,86.4,17.02,kft-lbs,1576.0,507.0,10.58,10.71,1.514,% total gas,604.4,SYNTHETIC
2026-09-10 05:08:23,ACTIVE-01,3204,Kopili,8.1,24.3,92.9,16.92,kft-lbs,1546.0,500.0,10.56,10.71,1.212,% total gas,603.6,SYNTHETIC
2026-09-10 05:17:14,ACTIVE-01,3205,Kopili,6.79,22.87,91.6,15.65,kft-lbs,1500.0,497.0,10.64,10.78,1.171,% total gas,604.2,SYNTHETIC
2026-09-10 05:25:48,ACTIVE-01,3206,Kopili,7.0,26.37,88.6,16.91,kft-lbs,1546.0,494.0,10.61,10.73,1.384,% total gas,604.9,SYNTHETIC
2026-09-10 05:35:21,ACTIVE-01,3207,Kopili,6.28,26.16,86.1,16.41,kft-lbs,1489.0,493.0,10.6,10.74,1.01,% total gas,605.4,SYNTHETIC
2026-09-10 05:44:29,ACTIVE-01,3208,Kopili,6.57,22.95,87.9,15.92,kft-lbs,1504.0,503.0,10.62,10.74,1.36,% total gas,605.3,SYNTHETIC
2026-09-10 05:54:38,ACTIVE-01,3209,Kopili,5.91,24.97,88.0,15.27,kft-lbs,1561.0,503.0,10.6,10.72,1.404,% total gas,605.1,SYNTHETIC
2026-09-10 06:02:35,ACTIVE-01,3210,Kopili,7.55,23.41,85.8,16.22,kft-lbs,1518.0,500.0,10.57,10.69,1.14,% total gas,605.1,SYNTHETIC
2026-09-10 06:11:04,ACTIVE-01,3211,Kopili,7.07,21.87,89.3,15.29,kft-lbs,1488.0,495.0,10.6,10.73,1.144,% total gas,605.8,SYNTHETIC
2026-09-10 06:20:57,ACTIVE-01,3212,Kopili,6.07,23.85,89.9,16.92,kft-lbs,1542.0,503.0,10.57,10.71,0.83,% total gas,605.5,SYNTHETIC
2026-09-10 06:29:13,ACTIVE-01,3213,Kopili,7.26,25.04,89.4,16.52,kft-lbs,1556.0,506.0,10.59,10.72,0.858,% total gas,605.8,SYNTHETIC
2026-09-10 06:36:58,ACTIVE-01,3214,Kopili,7.74,25.11,89.8,16.89,kft-lbs,1498.0,501.0,10.56,10.7,1.324,% total gas,605.1,SYNTHETIC
2026-09-10 06:44:11,ACTIVE-01,3215,Kopili,8.32,25.36,93.8,15.61,kft-lbs,1501.0,502.0,10.57,10.71,1.434,% total gas,604.4,SYNTHETIC
2026-09-10 06:52:02,ACTIVE-01,3216,Kopili,7.65,24.99,94.8,15.99,kft-lbs,1530.0,503.0,10.64,10.76,1.135,% total gas,604.6,SYNTHETIC
2026-09-10 06:59:33,ACTIVE-01,3217,Kopili,7.97,23.64,92.6,17.79,kft-lbs,1521.0,500.0,10.62,10.76,1.047,% total gas,604.9,SYNTHETIC
2026-09-10 07:07:55,ACTIVE-01,3218,Kopili,7.17,23.47,90.3,15.45,kft-lbs,1494.0,496.0,10.6,10.71,1.061,% total gas,605.2,SYNTHETIC
2026-09-10 07:16:53,ACTIVE-01,3219,Kopili,6.69,25.58,90.6,16.07,kft-lbs,1496.0,504.0,10.58,10.71,1.853,% total gas,605.0,SYNTHETIC
2026-09-10 07:26:19,ACTIVE-01,3220,Kopili,6.37,24.46,95.4,17.55,kft-lbs,1592.0,496.0,10.64,10.77,0.935,% total gas,605.2,SYNTHETIC
2026-09-10 07:35:40,ACTIVE-01,3221,Kopili,6.41,21.03,87.7,16.17,kft-lbs,1552.0,504.0,10.59,10.71,1.436,% total gas,605.5,SYNTHETIC
2026-09-10 07:43:25,ACTIVE-01,3222,Kopili,7.75,24.66,88.8,16.48,kft-lbs,1587.0,495.0,10.58,10.7,0.813,% total gas,605.7,SYNTHETIC
2026-09-10 07:51:46,ACTIVE-01,3223,Kopili,7.18,24.82,91.7,15.27,kft-lbs,1528.0,498.0,10.58,10.71,0.75,% total gas,605.0,SYNTHETIC
2026-09-10 08:00:49,ACTIVE-01,3224,Kopili,6.63,21.9,89.7,15.88,kft-lbs,1495.0,498.0,10.6,10.74,1.636,% total gas,605.2,SYNTHETIC
2026-09-10 08:08:34,ACTIVE-01,3225,Kopili,7.75,26.25,91.8,16.55,kft-lbs,1494.0,495.0,10.6,10.73,0.967,% total gas,605.0,SYNTHETIC
2026-09-10 08:17:38,ACTIVE-01,3226,Kopili,6.61,22.3,89.6,15.91,kft-lbs,1518.0,499.0,10.6,10.71,1.036,% total gas,604.9,SYNTHETIC
2026-09-10 08:26:50,ACTIVE-01,3227,Kopili,6.53,23.12,88.2,16.46,kft-lbs,1504.0,496.0,10.6,10.72,1.347,% total gas,604.5,SYNTHETIC
2026-09-10 08:35:20,ACTIVE-01,3228,Kopili,7.05,23.61,85.8,17.2,kft-lbs,1534.0,507.0,10.59,10.73,1.498,% total gas,604.6,SYNTHETIC
2026-09-10 08:42:48,ACTIVE-01,3229,Kopili,8.03,23.58,89.5,16.41,kft-lbs,1448.0,500.0,10.6,10.73,0.942,% total gas,605.2,SYNTHETIC
2026-09-10 08:50:45,ACTIVE-01,3230,Kopili,7.56,24.29,86.4,14.75,kft-lbs,1474.0,500.0,10.63,10.76,1.573,% total gas,604.9,SYNTHETIC
2026-09-10 08:58:17,ACTIVE-01,3231,Kopili,7.96,25.25,87.9,17.16,kft-lbs,1552.0,501.0,10.62,10.75,2.251,% total gas,605.1,SYNTHETIC
2026-09-10 09:06:05,ACTIVE-01,3232,Kopili,7.69,23.87,89.0,18.17,kft-lbs,1543.0,500.0,10.58,10.71,1.389,% total gas,605.0,SYNTHETIC
2026-09-10 09:14:15,ACTIVE-01,3233,Kopili,7.35,25.67,88.4,16.84,kft-lbs,1490.0,497.0,10.57,10.71,1.186,% total gas,605.3,SYNTHETIC
2026-09-10 09:22:01,ACTIVE-01,3234,Kopili,7.72,22.73,93.6,16.59,kft-lbs,1536.0,499.0,10.64,10.77,1.232,% total gas,605.0,SYNTHETIC
2026-09-10 09:29:38,ACTIVE-01,3235,Kopili,7.88,21.71,92.3,16.1,kft-lbs,1542.0,497.0,10.59,10.72,1.178,% total gas,604.6,SYNTHETIC
2026-09-10 09:38:10,ACTIVE-01,3236,Kopili,7.03,24.61,88.2,14.45,kft-lbs,1588.0,494.0,10.62,10.76,0.901,% total gas,605.2,SYNTHETIC
2026-09-10 09:47:44,ACTIVE-01,3237,Kopili,6.27,23.32,94.3,15.24,kft-lbs,1556.0,498.0,10.6,10.72,1.116,% total gas,605.0,SYNTHETIC
2026-09-10 09:56:03,ACTIVE-01,3238,Kopili,7.22,21.97,89.8,15.93,kft-lbs,1597.0,500.0,10.6,10.73,1.405,% total gas,605.2,SYNTHETIC
2026-09-10 10:04:29,ACTIVE-01,3239,Kopili,7.12,24.43,92.1,15.62,kft-lbs,1538.0,502.0,10.62,10.75,1.165,% total gas,605.5,SYNTHETIC
2026-09-10 10:12:34,ACTIVE-01,3240,Kopili,7.42,25.83,88.6,15.61,kft-lbs,1548.0,502.0,10.59,10.71,1.169,% total gas,605.9,SYNTHETIC
2026-09-10 10:21:07,ACTIVE-01,3241,Kopili,7.01,24.44,88.4,17.07,kft-lbs,1522.0,491.0,10.6,10.73,1.218,% total gas,605.6,SYNTHETIC
2026-09-10 10:29:34,ACTIVE-01,3242,Kopili,7.1,24.18,92.3,16.23,kft-lbs,1495.0,491.0,10.58,10.73,1.109,% total gas,605.2,SYNTHETIC
2026-09-10 10:37:52,ACTIVE-01,3243,Kopili,7.24,22.86,90.1,17.32,kft-lbs,1548.0,503.0,10.66,10.79,0.937,% total gas,605.2,SYNTHETIC
2026-09-10 10:46:54,ACTIVE-01,3244,Kopili,6.64,24.62,90.9,15.63,kft-lbs,1484.0,498.0,10.57,10.7,1.699,% total gas,605.4,SYNTHETIC
2026-09-10 10:56:24,ACTIVE-01,3245,Kopili,6.31,23.16,89.1,17.48,kft-lbs,1555.0,505.0,10.58,10.72,1.09,% total gas,605.0,SYNTHETIC
2026-09-10 11:05:05,ACTIVE-01,3246,Kopili,6.91,23.77,88.5,16.39,kft-lbs,1542.0,510.0,10.59,10.72,1.273,% total gas,604.6,SYNTHETIC
2026-09-10 11:11:59,ACTIVE-01,3247,Kopili,8.7,23.22,93.8,16.38,kft-lbs,1479.0,501.0,10.6,10.73,1.192,% total gas,604.0,SYNTHETIC
2026-09-10 11:20:06,ACTIVE-01,3248,Kopili,7.39,24.09,86.3,16.54,kft-lbs,1550.0,506.0,10.6,10.74,1.46,% total gas,604.0,SYNTHETIC
2026-09-10 11:27:55,ACTIVE-01,3249,Kopili,7.68,26.45,87.6,16.53,kft-lbs,1528.0,504.0,10.6,10.73,1.044,% total gas,603.5,SYNTHETIC
2026-09-10 11:37:01,ACTIVE-01,3250,Kopili,6.59,21.6,87.1,15.52,kft-lbs,1531.0,501.0,10.58,10.72,1.188,% total gas,603.6,SYNTHETIC
2026-09-10 11:46:03,ACTIVE-01,3251,Kopili,6.64,25.89,87.4,15.87,kft-lbs,1595.0,488.0,10.62,10.75,1.118,% total gas,603.4,SYNTHETIC
2026-09-10 11:54:07,ACTIVE-01,3252,Kopili,7.45,23.97,87.4,17.27,kft-lbs,1581.0,496.0,10.63,10.75,1.106,% total gas,603.3,SYNTHETIC
2026-09-10 12:03:33,ACTIVE-01,3253,Kopili,6.36,24.67,95.1,16.74,kft-lbs,1530.0,501.0,10.58,10.72,0.984,% total gas,602.9,SYNTHETIC
2026-09-10 12:11:56,ACTIVE-01,3254,Kopili,7.15,24.59,89.1,15.53,kft-lbs,1534.0,492.0,10.58,10.71,1.855,% total gas,602.7,SYNTHETIC
2026-09-10 12:21:48,ACTIVE-01,3255,Kopili,6.08,23.26,87.0,17.14,kft-lbs,1552.0,504.0,10.63,10.76,1.235,% total gas,602.8,SYNTHETIC
2026-09-10 12:31:09,ACTIVE-01,3256,Kopili,6.42,25.43,88.1,17.27,kft-lbs,1506.0,503.0,10.6,10.73,1.084,% total gas,602.9,SYNTHETIC
2026-09-10 12:39:37,ACTIVE-01,3257,Kopili,7.09,22.81,88.9,16.98,kft-lbs,1521.0,504.0,10.59,10.73,0.703,% total gas,602.5,SYNTHETIC
2026-09-10 12:48:26,ACTIVE-01,3258,Kopili,6.8,25.49,87.5,16.61,kft-lbs,1507.0,497.0,10.6,10.71,1.657,% total gas,602.1,SYNTHETIC
2026-09-10 12:56:42,ACTIVE-01,3259,Kopili,7.26,23.05,89.8,15.69,kft-lbs,1552.0,500.0,10.59,10.72,1.552,% total gas,602.1,SYNTHETIC
2026-09-10 13:03:58,ACTIVE-01,3260,Kopili,8.25,23.83,89.2,16.96,kft-lbs,1597.0,497.0,10.61,10.73,0.902,% total gas,602.5,SYNTHETIC
2026-09-10 13:12:52,ACTIVE-01,3261,Kopili,6.74,24.09,90.6,16.13,kft-lbs,1529.0,503.0,10.63,10.76,1.266,% total gas,602.3,SYNTHETIC
2026-09-10 13:21:07,ACTIVE-01,3262,Kopili,7.28,26.42,87.3,16.75,kft-lbs,1556.0,497.0,10.61,10.74,1.242,% total gas,601.9,SYNTHETIC
2026-09-10 13:29:46,ACTIVE-01,3263,Kopili,6.93,22.18,85.4,17.21,kft-lbs,1588.0,500.0,10.6,10.75,0.984,% total gas,601.7,SYNTHETIC
2026-09-10 13:38:41,ACTIVE-01,3264,Kopili,6.74,25.81,92.3,15.9,kft-lbs,1535.0,506.0,10.62,10.76,1.104,% total gas,602.3,SYNTHETIC
2026-09-10 13:47:41,ACTIVE-01,3265,Kopili,6.66,23.45,93.2,16.57,kft-lbs,1577.0,503.0,10.59,10.73,1.527,% total gas,602.3,SYNTHETIC
2026-09-10 13:55:17,ACTIVE-01,3266,Kopili,7.89,25.71,91.6,14.8,kft-lbs,1541.0,506.0,10.6,10.74,1.298,% total gas,602.5,SYNTHETIC
2026-09-10 14:03:58,ACTIVE-01,3267,Kopili,6.91,24.71,91.4,16.56,kft-lbs,1511.0,510.0,10.62,10.75,1.239,% total gas,602.8,SYNTHETIC
2026-09-10 14:12:16,ACTIVE-01,3268,Kopili,7.23,23.2,92.4,16.56,kft-lbs,1564.0,505.0,10.6,10.72,1.053,% total gas,602.2,SYNTHETIC
2026-09-10 14:19:58,ACTIVE-01,3269,Kopili,7.79,25.39,87.3,16.79,kft-lbs,1538.0,503.0,10.6,10.72,0.924,% total gas,602.3,SYNTHETIC
2026-09-10 14:28:00,ACTIVE-01,3270,Kopili,7.48,24.74,92.9,16.32,kft-lbs,1551.0,492.0,10.63,10.75,0.875,% total gas,602.2,SYNTHETIC
2026-09-10 14:37:37,ACTIVE-01,3271,Kopili,6.24,22.12,93.2,16.96,kft-lbs,1549.0,495.0,10.63,10.76,0.992,% total gas,602.2,SYNTHETIC
2026-09-10 14:45:56,ACTIVE-01,3272,Kopili,7.21,23.72,93.1,17.99,kft-lbs,1568.0,495.0,10.59,10.72,1.833,% total gas,602.5,SYNTHETIC
2026-09-10 14:53:55,ACTIVE-01,3273,Kopili,7.51,22.67,83.9,17.42,kft-lbs,1535.0,491.0,10.61,10.74,1.271,% total gas,602.6,SYNTHETIC
2026-09-10 15:03:13,ACTIVE-01,3274,Kopili,6.45,24.56,89.0,16.17,kft-lbs,1505.0,494.0,10.58,10.71,1.597,% total gas,601.9,SYNTHETIC
2026-09-10 15:11:10,ACTIVE-01,3275,Kopili,7.55,23.18,89.3,17.26,kft-lbs,1567.0,506.0,10.63,10.78,1.108,% total gas,601.4,SYNTHETIC
2026-09-10 15:19:29,ACTIVE-01,3276,Kopili,7.22,23.82,87.4,17.83,kft-lbs,1584.0,510.0,10.59,10.73,1.045,% total gas,600.1,SYNTHETIC
2026-09-10 15:27:23,ACTIVE-01,3277,Kopili,7.59,20.99,87.7,16.06,kft-lbs,1532.0,507.0,10.58,10.71,0.859,% total gas,600.3,SYNTHETIC
2026-09-10 15:34:54,ACTIVE-01,3278,Kopili,7.98,24.0,88.1,15.48,kft-lbs,1493.0,507.0,10.57,10.71,2.136,% total gas,601.6,SYNTHETIC
2026-09-10 15:43:49,ACTIVE-01,3279,Kopili,6.73,23.65,91.3,17.42,kft-lbs,1555.0,497.0,10.6,10.74,0.847,% total gas,602.8,SYNTHETIC
2026-09-10 15:51:19,ACTIVE-01,3280,Kopili,8.01,21.63,85.3,16.79,kft-lbs,1582.0,503.0,10.59,10.74,1.998,% total gas,602.6,SYNTHETIC
2026-09-10 15:59:10,ACTIVE-01,3281,Kopili,7.64,25.53,87.1,16.35,kft-lbs,1546.0,504.0,10.59,10.72,1.062,% total gas,602.3,SYNTHETIC
2026-09-10 16:09:04,ACTIVE-01,3282,Kopili,6.06,25.24,92.2,15.46,kft-lbs,1528.0,506.0,10.62,10.77,0.586,% total gas,601.6,SYNTHETIC
2026-09-10 16:18:01,ACTIVE-01,3283,Kopili,6.7,23.52,90.3,15.5,kft-lbs,1505.0,495.0,10.57,10.68,0.792,% total gas,601.7,SYNTHETIC
2026-09-10 16:26:16,ACTIVE-01,3284,Kopili,7.27,21.98,90.0,16.67,kft-lbs,1596.0,501.0,10.62,10.74,0.815,% total gas,601.7,SYNTHETIC
2026-09-10 16:33:54,ACTIVE-01,3285,Kopili,7.86,24.14,86.7,15.37,kft-lbs,1626.0,501.0,10.61,10.72,0.84,% total gas,602.0,SYNTHETIC
2026-09-10 16:43:51,ACTIVE-01,3286,Kopili,6.03,24.98,89.1,17.06,kft-lbs,1583.0,497.0,10.62,10.75,1.864,% total gas,602.3,SYNTHETIC
2026-09-10 16:52:11,ACTIVE-01,3287,Kopili,7.2,23.77,86.8,17.47,kft-lbs,1583.0,500.0,10.58,10.72,1.184,% total gas,602.1,SYNTHETIC
2026-09-10 17:00:11,ACTIVE-01,3288,Kopili,7.51,24.81,96.5,15.74,kft-lbs,1544.0,499.0,10.6,10.73,1.098,% total gas,602.5,SYNTHETIC
2026-09-10 17:10:01,ACTIVE-01,3289,Kopili,6.1,22.16,94.6,17.31,kft-lbs,1552.0,497.0,10.56,10.68,1.173,% total gas,602.7,SYNTHETIC
2026-09-10 17:18:30,ACTIVE-01,3290,Kopili,7.07,21.98,88.9,15.75,kft-lbs,1571.0,509.0,10.56,10.69,0.917,% total gas,602.5,SYNTHETIC
2026-09-10 17:27:32,ACTIVE-01,3291,Kopili,6.64,22.11,95.6,17.68,kft-lbs,1607.0,502.0,10.54,10.69,1.096,% total gas,602.3,SYNTHETIC
2026-09-10 17:36:37,ACTIVE-01,3292,Kopili,6.61,22.93,86.2,16.98,kft-lbs,1548.0,506.0,10.59,10.74,1.388,% total gas,602.0,SYNTHETIC
2026-09-10 17:44:40,ACTIVE-01,3293,Kopili,7.46,26.52,89.9,16.18,kft-lbs,1534.0,502.0,10.61,10.74,1.737,% total gas,601.4,SYNTHETIC
2026-09-10 17:53:21,ACTIVE-01,3294,Kopili,6.91,24.54,88.3,16.91,kft-lbs,1561.0,503.0,10.57,10.69,1.386,% total gas,601.1,SYNTHETIC
2026-09-10 18:01:26,ACTIVE-01,3295,Kopili,7.42,25.17,90.1,17.56,kft-lbs,1505.0,492.0,10.6,10.74,0.755,% total gas,601.1,SYNTHETIC
2026-09-10 18:10:21,ACTIVE-01,3296,Kopili,6.72,22.83,84.3,16.78,kft-lbs,1538.0,492.0,10.61,10.73,0.763,% total gas,601.4,SYNTHETIC
2026-09-10 18:20:27,ACTIVE-01,3297,Kopili,5.95,24.71,91.3,16.16,kft-lbs,1528.0,496.0,10.59,10.7,0.87,% total gas,601.1,SYNTHETIC
2026-09-10 18:28:32,ACTIVE-01,3298,Kopili,7.41,25.46,84.8,17.31,kft-lbs,1560.0,509.0,10.59,10.71,0.939,% total gas,600.8,SYNTHETIC
2026-09-10 18:36:30,ACTIVE-01,3299,Kopili,7.54,23.45,90.3,16.75,kft-lbs,1532.0,499.0,10.58,10.72,1.0,% total gas,600.9,SYNTHETIC
2026-09-10 18:44:18,ACTIVE-01,3300,Kopili,7.69,23.35,93.2,14.73,kft-lbs,1594.0,505.0,10.6,10.73,1.171,% total gas,600.5,SYNTHETIC
2026-09-10 18:52:46,ACTIVE-01,3301,Kopili,7.08,22.41,88.5,15.62,kft-lbs,1559.0,504.0,10.64,10.76,0.864,% total gas,599.6,SYNTHETIC
2026-09-10 19:03:35,ACTIVE-01,3302,Kopili,5.55,22.94,86.9,16.27,kft-lbs,1590.0,495.0,10.61,10.75,1.078,% total gas,599.5,SYNTHETIC
2026-09-10 19:13:21,ACTIVE-01,3303,Kopili,6.14,23.46,90.3,15.03,kft-lbs,1561.0,492.0,10.64,10.76,1.489,% total gas,599.1,SYNTHETIC
2026-09-10 19:21:35,ACTIVE-01,3304,Kopili,7.29,23.65,88.5,16.39,kft-lbs,1516.0,496.0,10.59,10.74,1.241,% total gas,599.1,SYNTHETIC
2026-09-10 19:29:20,ACTIVE-01,3305,Kopili,7.75,24.17,90.0,14.79,kft-lbs,1539.0,507.0,10.58,10.72,1.018,% total gas,599.0,SYNTHETIC
2026-09-10 19:38:35,ACTIVE-01,3306,Kopili,6.48,23.84,88.9,16.31,kft-lbs,1528.0,493.0,10.59,10.74,1.485,% total gas,599.2,SYNTHETIC
2026-09-10 19:47:07,ACTIVE-01,3307,Kopili,7.03,23.71,88.1,16.96,kft-lbs,1543.0,499.0,10.58,10.71,0.713,% total gas,599.6,SYNTHETIC
2026-09-10 19:54:45,ACTIVE-01,3308,Kopili,7.86,23.86,87.3,16.51,kft-lbs,1542.0,497.0,10.62,10.77,1.851,% total gas,600.1,SYNTHETIC
2026-09-10 20:03:28,ACTIVE-01,3309,Kopili,6.89,23.29,87.4,16.26,kft-lbs,1546.0,494.0,10.61,10.73,1.277,% total gas,600.7,SYNTHETIC
2026-09-10 20:10:57,ACTIVE-01,3310,Kopili,8.02,25.11,86.5,18.34,kft-lbs,1561.0,499.0,10.61,10.74,1.376,% total gas,600.7,SYNTHETIC
2026-09-10 20:21:20,ACTIVE-01,3311,Kopili,5.78,24.18,93.1,15.98,kft-lbs,1507.0,494.0,10.63,10.76,1.093,% total gas,601.0,SYNTHETIC
2026-09-10 20:29:03,ACTIVE-01,3312,Kopili,7.77,24.35,96.5,15.21,kft-lbs,1512.0,497.0,10.59,10.69,1.256,% total gas,600.3,SYNTHETIC
2026-09-10 20:39:37,ACTIVE-01,3313,Kopili,5.68,26.03,90.9,22.69,kft-lbs,1638.0,495.0,10.61,10.75,0.988,% total gas,599.9,SYNTHETIC
2026-09-10 20:51:54,ACTIVE-01,3314,Kopili,4.88,21.65,94.9,25.21,kft-lbs,1601.0,509.0,10.57,10.71,1.605,% total gas,600.3,SYNTHETIC
2026-09-10 21:03:43,ACTIVE-01,3315,Kopili,5.08,21.19,87.6,24.21,kft-lbs,1617.0,500.0,10.61,10.74,1.45,% total gas,600.9,SYNTHETIC
2026-09-10 21:16:24,ACTIVE-01,3316,Kopili,4.73,22.49,86.4,22.25,kft-lbs,1582.0,492.0,10.62,10.75,1.543,% total gas,600.6,SYNTHETIC
2026-09-10 21:30:35,ACTIVE-01,3317,Kopili,4.23,24.09,88.7,24.13,kft-lbs,1592.0,504.0,10.58,10.72,1.229,% total gas,601.0,SYNTHETIC
2026-09-10 21:42:35,ACTIVE-01,3318,Kopili,5.0,25.39,91.5,22.88,kft-lbs,1573.0,506.0,10.58,10.73,1.872,% total gas,601.0,SYNTHETIC
2026-09-10 21:53:49,ACTIVE-01,3319,Kopili,5.34,24.05,89.1,22.73,kft-lbs,1625.0,504.0,10.62,10.76,1.274,% total gas,601.0,SYNTHETIC
2026-09-10 22:05:55,ACTIVE-01,3320,Kopili,4.96,24.26,87.6,20.51,kft-lbs,1616.0,500.0,10.62,10.76,1.379,% total gas,600.8,SYNTHETIC
2026-09-10 22:18:30,ACTIVE-01,3321,Kopili,4.77,23.21,89.4,21.6,kft-lbs,1609.0,498.0,10.61,10.74,1.163,% total gas,600.8,SYNTHETIC
2026-09-10 22:31:53,ACTIVE-01,3322,Kopili,4.48,24.96,88.2,24.09,kft-lbs,1573.0,496.0,10.59,10.73,1.093,% total gas,601.1,SYNTHETIC
2026-09-10 22:45:28,ACTIVE-01,3323,Kopili,4.42,23.96,90.3,21.25,kft-lbs,1551.0,497.0,10.57,10.71,1.112,% total gas,602.0,SYNTHETIC
2026-09-10 22:54:42,ACTIVE-01,3324,Kopili,6.5,24.35,94.0,17.21,kft-lbs,1541.0,502.0,10.64,10.79,1.043,% total gas,601.7,SYNTHETIC
2026-09-10 23:03:14,ACTIVE-01,3325,Kopili,7.03,23.33,92.7,16.79,kft-lbs,1540.0,504.0,10.6,10.72,1.362,% total gas,602.0,SYNTHETIC
2026-09-10 23:11:39,ACTIVE-01,3326,Kopili,7.13,23.38,83.8,15.85,kft-lbs,1536.0,498.0,10.59,10.71,1.236,% total gas,601.8,SYNTHETIC
2026-09-10 23:20:30,ACTIVE-01,3327,Kopili,6.78,23.56,87.2,15.87,kft-lbs,1571.0,504.0,10.61,10.74,1.496,% total gas,601.2,SYNTHETIC
2026-09-10 23:28:32,ACTIVE-01,3328,Kopili,7.47,24.23,85.9,16.15,kft-lbs,1477.0,507.0,10.59,10.72,0.984,% total gas,601.2,SYNTHETIC
2026-09-10 23:37:58,ACTIVE-01,3329,Kopili,6.36,21.35,86.8,14.87,kft-lbs,1562.0,505.0,10.59,10.71,1.19,% total gas,601.6,SYNTHETIC
2026-09-10 23:46:27,ACTIVE-01,3330,Kopili,7.07,25.79,90.9,17.59,kft-lbs,1569.0,493.0,10.58,10.72,0.924,% total gas,601.8,SYNTHETIC
2026-09-10 23:55:03,ACTIVE-01,3331,Kopili,6.98,22.62,86.9,18.33,kft-lbs,1573.0,492.0,10.59,10.73,1.311,% total gas,601.5,SYNTHETIC
2026-09-11 00:05:20,ACTIVE-01,3332,Kopili,5.83,23.84,89.8,16.56,kft-lbs,1550.0,501.0,10.59,10.73,0.948,% total gas,601.3,SYNTHETIC
2026-09-11 00:13:01,ACTIVE-01,3333,Kopili,7.82,24.51,92.8,16.24,kft-lbs,1563.0,500.0,10.63,10.77,1.309,% total gas,601.5,SYNTHETIC
2026-09-11 00:20:40,ACTIVE-01,3334,Kopili,7.84,23.97,90.0,16.26,kft-lbs,1495.0,502.0,10.61,10.75,1.4,% total gas,601.4,SYNTHETIC
2026-09-11 00:29:34,ACTIVE-01,3335,Kopili,6.74,25.27,88.2,16.58,kft-lbs,1505.0,498.0,10.63,10.76,1.369,% total gas,601.5,SYNTHETIC
2026-09-11 00:38:14,ACTIVE-01,3336,Kopili,6.92,22.89,86.7,17.51,kft-lbs,1562.0,501.0,10.63,10.76,1.081,% total gas,601.0,SYNTHETIC
2026-09-11 00:46:19,ACTIVE-01,3337,Kopili,7.43,23.87,91.1,15.8,kft-lbs,1583.0,500.0,10.6,10.73,1.336,% total gas,601.1,SYNTHETIC
2026-09-11 00:55:09,ACTIVE-01,3338,Kopili,6.79,22.03,91.8,15.17,kft-lbs,1606.0,502.0,10.58,10.71,1.32,% total gas,601.0,SYNTHETIC
2026-09-11 01:03:48,ACTIVE-01,3339,Kopili,6.93,26.17,87.9,17.26,kft-lbs,1525.0,497.0,10.61,10.74,1.152,% total gas,601.5,SYNTHETIC
2026-09-11 01:13:01,ACTIVE-01,3340,Kopili,6.51,24.22,89.1,16.98,kft-lbs,1624.0,495.0,10.6,10.74,0.837,% total gas,601.7,SYNTHETIC
2026-09-11 01:21:48,ACTIVE-01,3341,Kopili,6.83,25.78,89.2,15.34,kft-lbs,1533.0,496.0,10.6,10.7,1.288,% total gas,601.1,SYNTHETIC
2026-09-11 01:30:39,ACTIVE-01,3342,Kopili,6.78,23.62,87.6,16.58,kft-lbs,1556.0,498.0,10.6,10.72,1.099,% total gas,601.1,SYNTHETIC
2026-09-11 01:40:38,ACTIVE-01,3343,Kopili,6.01,23.38,90.2,14.57,kft-lbs,1559.0,503.0,10.59,10.73,1.539,% total gas,601.7,SYNTHETIC
2026-09-11 01:49:18,ACTIVE-01,3344,Kopili,6.93,23.09,89.7,17.03,kft-lbs,1569.0,502.0,10.59,10.74,0.898,% total gas,601.5,SYNTHETIC
2026-09-11 01:59:10,ACTIVE-01,3345,Kopili,6.08,24.78,82.8,16.57,kft-lbs,1544.0,503.0,10.6,10.74,1.52,% total gas,601.0,SYNTHETIC
2026-09-11 02:07:07,ACTIVE-01,3346,Kopili,7.54,23.6,86.6,17.42,kft-lbs,1587.0,502.0,10.65,10.8,1.28,% total gas,601.0,SYNTHETIC
2026-09-11 02:15:51,ACTIVE-01,3347,Kopili,6.87,23.55,92.0,16.36,kft-lbs,1542.0,481.0,10.6,10.71,1.378,% total gas,601.2,SYNTHETIC
2026-09-11 02:23:44,ACTIVE-01,3348,Kopili,7.61,21.99,91.0,17.44,kft-lbs,1600.0,507.0,10.6,10.73,1.21,% total gas,601.3,SYNTHETIC
2026-09-11 02:31:58,ACTIVE-01,3349,Kopili,7.29,23.56,91.9,15.99,kft-lbs,1545.0,496.0,10.57,10.69,1.256,% total gas,601.5,SYNTHETIC
2026-09-11 02:40:33,ACTIVE-01,3350,Kopili,7.0,23.75,91.1,16.7,kft-lbs,1581.0,509.0,10.6,10.74,1.629,% total gas,601.3,SYNTHETIC
2026-09-11 02:50:03,ACTIVE-01,3351,Kopili,6.31,23.35,89.9,17.63,kft-lbs,1621.0,501.0,10.64,10.77,1.74,% total gas,601.5,SYNTHETIC
2026-09-11 02:58:27,ACTIVE-01,3352,Kopili,7.15,26.01,92.6,17.01,kft-lbs,1566.0,498.0,10.61,10.75,0.836,% total gas,600.9,SYNTHETIC
2026-09-11 03:06:15,ACTIVE-01,3353,Kopili,7.69,23.18,90.3,16.89,kft-lbs,1534.0,504.0,10.59,10.73,1.614,% total gas,600.9,SYNTHETIC
2026-09-11 03:15:00,ACTIVE-01,3354,Kopili,6.85,25.87,90.7,16.05,kft-lbs,1521.0,502.0,10.6,10.73,1.288,% total gas,600.8,SYNTHETIC
2026-09-11 03:22:37,ACTIVE-01,3355,Kopili,7.88,25.15,91.3,17.04,kft-lbs,1523.0,500.0,10.59,10.72,0.731,% total gas,600.5,SYNTHETIC
2026-09-11 03:31:03,ACTIVE-01,3356,Kopili,7.11,22.72,89.9,16.61,kft-lbs,1613.0,500.0,10.55,10.68,1.468,% total gas,600.5,SYNTHETIC
2026-09-11 03:40:11,ACTIVE-01,3357,Kopili,6.58,21.29,86.8,17.18,kft-lbs,1522.0,506.0,10.58,10.73,0.709,% total gas,600.3,SYNTHETIC
2026-09-11 03:49:39,ACTIVE-01,3358,Kopili,6.33,24.37,94.2,15.66,kft-lbs,1551.0,495.0,10.63,10.77,0.92,% total gas,600.7,SYNTHETIC
2026-09-11 03:58:29,ACTIVE-01,3359,Kopili,6.8,23.63,89.7,16.0,kft-lbs,1544.0,498.0,10.59,10.73,0.985,% total gas,600.6,SYNTHETIC
2026-09-11 04:06:54,ACTIVE-01,3360,Kopili,7.13,24.44,93.8,17.0,kft-lbs,1582.0,502.0,10.58,10.73,1.269,% total gas,600.6,SYNTHETIC
2026-09-11 04:16:21,ACTIVE-01,3361,Kopili,6.35,26.3,86.6,14.78,kft-lbs,1569.0,510.0,10.61,10.75,1.058,% total gas,599.9,SYNTHETIC
2026-09-11 04:24:43,ACTIVE-01,3362,Kopili,7.16,23.65,90.9,15.4,kft-lbs,1543.0,501.0,10.63,10.77,0.59,% total gas,599.7,SYNTHETIC
2026-09-11 04:32:45,ACTIVE-01,3363,Kopili,7.47,22.63,87.7,16.94,kft-lbs,1525.0,504.0,10.6,10.73,1.866,% total gas,599.5,SYNTHETIC
2026-09-11 04:41:26,ACTIVE-01,3364,Kopili,6.91,25.05,91.3,16.3,kft-lbs,1539.0,504.0,10.61,10.75,1.106,% total gas,599.7,SYNTHETIC
2026-09-11 04:50:39,ACTIVE-01,3365,Kopili,6.51,23.82,85.8,17.28,kft-lbs,1634.0,496.0,10.6,10.73,1.579,% total gas,599.5,SYNTHETIC
2026-09-11 04:58:45,ACTIVE-01,3366,Kopili,7.41,25.29,87.2,16.55,kft-lbs,1490.0,505.0,10.58,10.71,0.972,% total gas,599.2,SYNTHETIC
2026-09-11 05:08:03,ACTIVE-01,3367,Kopili,6.45,22.81,88.8,16.32,kft-lbs,1507.0,502.0,10.61,10.75,1.129,% total gas,599.2,SYNTHETIC
2026-09-11 05:15:48,ACTIVE-01,3368,Kopili,7.75,23.22,89.8,16.19,kft-lbs,1547.0,497.0,10.6,10.74,1.569,% total gas,599.0,SYNTHETIC
2026-09-11 05:25:19,ACTIVE-01,3369,Kopili,6.3,24.33,85.8,17.61,kft-lbs,1537.0,500.0,10.57,10.69,0.908,% total gas,599.2,SYNTHETIC
2026-09-11 05:34:59,ACTIVE-01,3370,Kopili,6.21,25.37,85.7,15.59,kft-lbs,1550.0,491.0,10.61,10.77,0.794,% total gas,598.9,SYNTHETIC
2026-09-11 05:43:11,ACTIVE-01,3371,Kopili,7.32,21.61,92.0,16.01,kft-lbs,1545.0,491.0,10.6,10.74,0.829,% total gas,599.1,SYNTHETIC
2026-09-11 05:53:04,ACTIVE-01,3372,Kopili,6.07,23.18,89.9,14.69,kft-lbs,1588.0,495.0,10.63,10.76,1.89,% total gas,598.6,SYNTHETIC
2026-09-11 06:01:22,ACTIVE-01,3373,Kopili,7.22,24.79,88.2,16.8,kft-lbs,1597.0,501.0,10.6,10.73,0.912,% total gas,599.5,SYNTHETIC
2026-09-11 06:11:02,ACTIVE-01,3374,Kopili,6.21,23.95,84.1,16.72,kft-lbs,1658.0,502.0,10.6,10.75,1.253,% total gas,599.3,SYNTHETIC
2026-09-11 06:18:28,ACTIVE-01,3375,Kopili,8.07,24.25,89.2,16.89,kft-lbs,1559.0,505.0,10.58,10.72,1.474,% total gas,599.3,SYNTHETIC
2026-09-11 06:28:04,ACTIVE-01,3376,Kopili,6.25,22.48,89.5,16.68,kft-lbs,1571.0,503.0,10.6,10.74,0.902,% total gas,599.6,SYNTHETIC
2026-09-11 06:36:09,ACTIVE-01,3377,Kopili,7.42,23.18,92.5,15.2,kft-lbs,1583.0,506.0,10.6,10.71,2.024,% total gas,599.4,SYNTHETIC
2026-09-11 06:44:13,ACTIVE-01,3378,Kopili,7.44,24.58,90.2,16.26,kft-lbs,1622.0,500.0,10.55,10.7,1.855,% total gas,599.8,SYNTHETIC
2026-09-11 06:52:16,ACTIVE-01,3379,Kopili,7.46,24.86,85.2,16.48,kft-lbs,1608.0,498.0,10.59,10.73,0.736,% total gas,600.1,SYNTHETIC
2026-09-11 07:00:55,ACTIVE-01,3380,Kopili,6.93,24.5,84.2,15.99,kft-lbs,1567.0,502.0,10.59,10.75,0.897,% total gas,599.6,SYNTHETIC
2026-09-11 07:09:57,ACTIVE-01,3381,Kopili,6.65,24.12,94.1,15.46,kft-lbs,1595.0,498.0,10.63,10.74,0.801,% total gas,598.9,SYNTHETIC
2026-09-11 07:19:21,ACTIVE-01,3382,Kopili,6.38,23.19,88.5,15.4,kft-lbs,1587.0,505.0,10.59,10.73,1.593,% total gas,598.8,SYNTHETIC
